
> mute@1.0.0 web
> expo start --web --port 8087 --clear

env: load .env
env: export EXPO_PUBLIC_SUPABASE_PUBLISHABLE_KEY EXPO_PUBLIC_SUPABASE_URL
Starting project at C:\Users\trudy\mute-chat
Starting Metro Bundler

warning: Bundler cache is empty, rebuilding (this may take a minute)
Waiting on http://localhost:8087
Logs for your project will appear below.
Web Bundled 6485ms index.ts (591 modules)
Web  INFO  %cDownload the React DevTools for a better development experience: https://react.dev/link/react-devtools font-weight:bold
Web  WARN  [expo-notifications] Listening to push token changes is not yet fully supported on web. Adding a listener will have no effect.
Web  LOG  Running application "main" with appParams:
 {"hydrate": undefined, "rootTag": "#root"} 
Development-level warnings: ON.
Performance optimizations: OFF.
Unable to resolve "./src/services/auth" from "App.tsx"
[0m [90m 24 |[39m   updateCurrentUserPassword[33m,[39m
 [90m 25 |[39m   verifyPhoneOtp[33m,[39m
[31m[1m>[22m[39m[90m 26 |[39m } [36mfrom[39m [32m'./src/services/auth'[39m[33m;[39m
 [90m    |[39m         [31m[1m^[22m[39m
 [90m 27 |[39m [36mimport[39m { createRoom[33m,[39m listMyActiveRoomIds[33m,[39m listRooms[33m,[39m requestRoomJoin[33m,[39m [33mServerRoom[39m } [36mfrom[39m [32m'./src/services/rooms'[39m[33m;[39m
 [90m 28 |[39m [36mimport[39m { getVerificationStatus } [36mfrom[39m [32m'./src/services/verification'[39m[33m;[39m
 [90m 29 |[39m [36mimport[39m { registerPushDevice } [36mfrom[39m [32m'./src/services/notifications'[39m[33m;[39m[0m

Import stack:

 App.tsx
 | import "./src/services/auth"

 index.ts
 | import "./App"

 
 | import "./index.ts"

Web  ERROR  [UnableToResolveError: Unable to resolve module ./src/services/auth from C:\Users\trudy\mute-chat\App.tsx: 

None of these files exist:
  * src\services\auth(.web.ts|.ts|.web.tsx|.tsx|.web.mjs|.mjs|.web.js|.js|.web.jsx|.jsx|.web.json|.json|.web.cjs|.cjs|.web.scss|.scss|.web.sass|.sass|.web.css|.css)
  * src\services\auth
  24 |   updateCurrentUserPassword,
  25 |   verifyPhoneOtp,
> 26 | } from './src/services/auth';
     |         ^
  27 | import { createRoom, listMyActiveRoomIds, listRooms, requestRoomJoin, ServerRoom } from './src/services/rooms';
  28 | import { getVerificationStatus } from './src/services/verification';
  29 | import { registerPushDevice } from './src/services/notifications';]
Web Bundled 581ms index.ts (1 module)
Web  INFO  %cDownload the React DevTools for a better development experience: https://react.dev/link/react-devtools font-weight:bold
Web  WARN  [expo-notifications] Listening to push token changes is not yet fully supported on web. Adding a listener will have no effect.
Web  LOG  Running application "main" with appParams:
 {"hydrate": undefined, "rootTag": "#root"} 
Development-level warnings: ON.
Performance optimizations: OFF.
Web Bundled 23ms index.ts (1 module)
Web  INFO  %cDownload the React DevTools for a better development experience: https://react.dev/link/react-devtools font-weight:bold
Web  WARN  [expo-notifications] Listening to push token changes is not yet fully supported on web. Adding a listener will have no effect.
Web  LOG  Running application "main" with appParams:
 {"hydrate": undefined, "rootTag": "#root"} 
Development-level warnings: ON.
Performance optimizations: OFF.
Web Bundled 24ms index.ts (1 module)
Web  INFO  %cDownload the React DevTools for a better development experience: https://react.dev/link/react-devtools font-weight:bold
Web  WARN  [expo-notifications] Listening to push token changes is not yet fully supported on web. Adding a listener will have no effect.
Web  LOG  Running application "main" with appParams:
 {"hydrate": undefined, "rootTag": "#root"} 
Development-level warnings: ON.
Performance optimizations: OFF.
Web  WARN  Animated: `useNativeDriver` is not supported because the native animated module is missing. Falling back to JS-based animation. To resolve this, add `RCTAnimation` module to this app, or remove `useNativeDriver`. Make sure to run `bundle exec pod install` first. Read more about autolinking: https://github.com/react-native-community/cli/blob/master/docs/autolinking.md
Web Bundled 26ms index.ts (1 module)
Web  INFO  %cDownload the React DevTools for a better development experience: https://react.dev/link/react-devtools font-weight:bold
Web  WARN  [expo-notifications] Listening to push token changes is not yet fully supported on web. Adding a listener will have no effect.
Web  LOG  Running application "main" with appParams:
 {"hydrate": undefined, "rootTag": "#root"} 
Development-level warnings: ON.
Performance optimizations: OFF.
Web  WARN  Animated: `useNativeDriver` is not supported because the native animated module is missing. Falling back to JS-based animation. To resolve this, add `RCTAnimation` module to this app, or remove `useNativeDriver`. Make sure to run `bundle exec pod install` first. Read more about autolinking: https://github.com/react-native-community/cli/blob/master/docs/autolinking.md
Web Bundled 26ms index.ts (1 module)
Web  INFO  %cDownload the React DevTools for a better development experience: https://react.dev/link/react-devtools font-weight:bold
Web  WARN  [expo-notifications] Listening to push token changes is not yet fully supported on web. Adding a listener will have no effect.
Web  LOG  Running application "main" with appParams:
 {"hydrate": undefined, "rootTag": "#root"} 
Development-level warnings: ON.
Performance optimizations: OFF.
Web Bundled 24ms index.ts (1 module)
Web  INFO  %cDownload the React DevTools for a better development experience: https://react.dev/link/react-devtools font-weight:bold
Web  WARN  [expo-notifications] Listening to push token changes is not yet fully supported on web. Adding a listener will have no effect.
Web  LOG  Running application "main" with appParams:
 {"hydrate": undefined, "rootTag": "#root"} 
Development-level warnings: ON.
Performance optimizations: OFF.
Web Bundled 25ms index.ts (1 module)
Web  INFO  %cDownload the React DevTools for a better development experience: https://react.dev/link/react-devtools font-weight:bold
Web  WARN  [expo-notifications] Listening to push token changes is not yet fully supported on web. Adding a listener will have no effect.
Web  LOG  Running application "main" with appParams:
 {"hydrate": undefined, "rootTag": "#root"} 
Development-level warnings: ON.
Performance optimizations: OFF.
Web Bundled 21ms index.ts (1 module)
Web  INFO  %cDownload the React DevTools for a better development experience: https://react.dev/link/react-devtools font-weight:bold
Web  WARN  [expo-notifications] Listening to push token changes is not yet fully supported on web. Adding a listener will have no effect.
Web  LOG  Running application "main" with appParams:
 {"hydrate": undefined, "rootTag": "#root"} 
Development-level warnings: ON.
Performance optimizations: OFF.
Web Bundled 22ms index.ts (1 module)
Web  INFO  %cDownload the React DevTools for a better development experience: https://react.dev/link/react-devtools font-weight:bold
Web  WARN  [expo-notifications] Listening to push token changes is not yet fully supported on web. Adding a listener will have no effect.
Web  LOG  Running application "main" with appParams:
 {"hydrate": undefined, "rootTag": "#root"} 
Development-level warnings: ON.
Performance optimizations: OFF.
Web Bundled 26ms index.ts (1 module)
Web  INFO  %cDownload the React DevTools for a better development experience: https://react.dev/link/react-devtools font-weight:bold
Web  WARN  [expo-notifications] Listening to push token changes is not yet fully supported on web. Adding a listener will have no effect.
Web  LOG  Running application "main" with appParams:
 {"hydrate": undefined, "rootTag": "#root"} 
Development-level warnings: ON.
Performance optimizations: OFF.
Web Bundled 25ms index.ts (1 module)
Web  INFO  %cDownload the React DevTools for a better development experience: https://react.dev/link/react-devtools font-weight:bold
Web  WARN  [expo-notifications] Listening to push token changes is not yet fully supported on web. Adding a listener will have no effect.
Web  LOG  Running application "main" with appParams:
 {"hydrate": undefined, "rootTag": "#root"} 
Development-level warnings: ON.
Performance optimizations: OFF.
Web Bundled 621ms index.ts (1 module)
Web  INFO  %cDownload the React DevTools for a better development experience: https://react.dev/link/react-devtools font-weight:bold
Web  WARN  [expo-notifications] Listening to push token changes is not yet fully supported on web. Adding a listener will have no effect.
Web  LOG  Running application "main" with appParams:
 {"hydrate": undefined, "rootTag": "#root"} 
Development-level warnings: ON.
Performance optimizations: OFF.
Web Bundled 23ms index.ts (1 module)
Web  INFO  %cDownload the React DevTools for a better development experience: https://react.dev/link/react-devtools font-weight:bold
Web  WARN  [expo-notifications] Listening to push token changes is not yet fully supported on web. Adding a listener will have no effect.
Web  LOG  Running application "main" with appParams:
 {"hydrate": undefined, "rootTag": "#root"} 
Development-level warnings: ON.
Performance optimizations: OFF.
Web Bundled 3134ms index.ts (1 module)
Web  INFO  %cDownload the React DevTools for a better development experience: https://react.dev/link/react-devtools font-weight:bold
Web  WARN  [expo-notifications] Listening to push token changes is not yet fully supported on web. Adding a listener will have no effect.
Web  LOG  Running application "main" with appParams:
 {"hydrate": undefined, "rootTag": "#root"} 
Development-level warnings: ON.
Performance optimizations: OFF.
Web Bundled 26ms index.ts (1 module)
Web  INFO  %cDownload the React DevTools for a better development experience: https://react.dev/link/react-devtools font-weight:bold
Web  WARN  [expo-notifications] Listening to push token changes is not yet fully supported on web. Adding a listener will have no effect.
Web  LOG  Running application "main" with appParams:
 {"hydrate": undefined, "rootTag": "#root"} 
Development-level warnings: ON.
Performance optimizations: OFF.
Web Bundling failed 332ms index.ts (1 module)
 ERROR  SyntaxError: C:\Users\trudy\mute-chat\App.tsx: Unexpected token, expected "," (1556:138)

  1554 |   storyAuthor:{flexDirection:'row',alignItems:'center',gap:10},storyAuthorName:{color:colors.text,fontSize:12,fontWeight:'800'},storyComment:{flexDirection:'row',gap:9,backgroundColor:colors.gray050,borderRadius:13,padding:11,marginTop:14},storyCommentName:{color:colors.text,fontSize:10,fontWeight:'800'},storyCommentBody:{color:colors.textSubtle,fontSize:10,lineHeight:15,marginTop:3},storyFab:{position:'absolute',right:20,bottom:22,width:52,height:52,borderRadius:26,...shadows.floating},memberManage:{width:42,height:42,alignItems:'center',justifyContent:'center'},
  1555 |   storyChatButton:{position:'absolute',left:20,right:84,bottom:22,height:52,borderRadius:16,backgroundColor:colors.mint600,alignItems:'center',justifyContent:'center',...shadows.floating},
> 1556 |   storyDetailHeader:{height:54,flexDirection:'row',alignItems:'center',justifyContent:'space-between,paddingHorizontal:8,backgroundColor:'#FFF',borderBottomWidth:StyleSheet.hairlineWidth,borderBottomColor:colors.border},storyDetailHeaderTitle:{color:colors.text,fontSize:15,fontWeight:'800'},storyHeaderRight:{minWidth:88,flexDirection:'row',justifyContent:'flex-end'},storyHeaderAction:{width:44,height:44,alignItems:'center',justifyContent:'center'},storyDetail:{padding:20,paddingBottom:100},storyDetailTitle:{color:colors.text,fontSize:23,fontWeight:'800',lineHeight:31,marginBottom:18},storyLinkedRoom:{flexDirection:'row',alignItems:'center',gap:11,backgroundColor:colors.gray050,borderRadius:15,padding:11,marginTop:18,marginBottom:24},storyLinkedLabel:{color:colors.textMuted,fontSize:9},storyLinkedName:{color:colors.text,fontSize:12,fontWeight:'800',marginTop:3},storyDetailText:{color:colors.textSubtle,fontSize:15,lineHeight:25,marginBottom:18},storyDetailImage:{width:'100%',height:260,borderRadius:16,backgroundColor:colors.gray100,marginBottom:20},commentSection:{borderTopWidth:StyleSheet.hairlineWidth,borderTopColor:colors.border,paddingTop:20,marginTop:12},commentCount:{color:colors.text,fontSize:14,fontWeight:'800',marginBottom:8},storyDetailComment:{flexDirection:'row',gap:10,paddingVertical:12,borderBottomWidth:StyleSheet.hairlineWidth,borderBottomColor:colors.border},commentComposer:{minHeight:66,flexDirection:'row',alignItems:'center',gap:9,paddingHorizontal:14,paddingVertical:10,backgroundColor:'#FFF',borderTopWidth:StyleSheet.hairlineWidth,borderTopColor:colors.border},commentInput:{flex:1,height:44,borderRadius:22,backgroundColor:colors.gray050,paddingHorizontal:16,color:colors.text,fontSize:13},commentSend:{width:42,height:42,borderRadius:21,backgroundColor:colors.mint600,alignItems:'center',justifyContent:'center'},
       |                                                                                                                                           ^
  1557 |   storyEditor:{padding:20,paddingBottom:60},storyTitleInput:{height:54,borderBottomWidth:1,borderBottomColor:colors.border,color:colors.text,fontSize:22,fontWeight:'800',marginTop:20},storyEditorVisibility:{flexDirection:'row',gap:8,marginVertical:18},storyBlockInput:{minHeight:130,color:colors.text,fontSize:15,lineHeight:24,textAlignVertical:'top',paddingVertical:14},storyEditorImageWrap:{position:'relative',marginVertical:10},storyEditorImage:{width:'100%',height:250,borderRadius:15,backgroundColor:colors.gray100},storyImageRemove:{position:'absolute',right:10,top:10,width:30,height:30,borderRadius:15,backgroundColor:'rgba(0,0,0,.5)',alignItems:'center',justifyContent:'center'},storyInsertRow:{flexDirection:'row',gap:9,marginVertical:18},storyInsert:{flex:1,height:48,borderRadius:13,backgroundColor:colors.mint050,flexDirection:'row',alignItems:'center',justifyContent:'center',gap:7},storyInsertText:{color:colors.mint700,fontSize:12,fontWeight:'700'},
  1558 |   memberProfilePage:{alignItems:'center',padding:28},memberProfileNameLine:{flexDirection:'row',alignItems:'center',gap:8,marginTop:15},memberProfileName:{color:colors.text,fontSize:20,fontWeight:'800'},memberProfileRoom:{color:colors.textMuted,fontSize:10,marginTop:7},memberProfileCard:{alignSelf:'stretch',backgroundColor:'#FFF',borderRadius:18,padding:18,marginTop:26,borderWidth:StyleSheet.hairlineWidth,borderColor:colors.border,...shadows.tiny},memberProfileLabel:{color:colors.textMuted,fontSize:10,fontWeight:'700'},memberProfileIntro:{color:colors.text,fontSize:13,lineHeight:20,marginTop:9},
  1559 |   overviewPage:{paddingBottom:40},overviewIntro:{padding:20,backgroundColor:'#FFF'},overviewSection:{color:colors.text,fontSize:16,fontWeight:'800',paddingHorizontal:20,paddingTop:22,paddingBottom:10},overviewStory:{backgroundColor:'#FFF',borderRadius:17,padding:16,marginHorizontal:16,marginBottom:10,borderWidth:StyleSheet.hairlineWidth,borderColor:colors.border},
    at constructor (C:\Users\trudy\mute-chat\node_modules\@babel\parser\lib\index.js:365:19)
    at TypeScriptParserMixin.raise (C:\Users\trudy\mute-chat\node_modules\@babel\parser\lib\index.js:6616:19)
    at TypeScriptParserMixin.unexpected (C:\Users\trudy\mute-chat\node_modules\@babel\parser\lib\index.js:6636:16)
    at TypeScriptParserMixin.expect (C:\Users\trudy\mute-chat\node_modules\@babel\parser\lib\index.js:6916:12)
    at TypeScriptParserMixin.parseObjectLike (C:\Users\trudy\mute-chat\node_modules\@babel\parser\lib\index.js:11839:14)
    at TypeScriptParserMixin.parseExprAtom (C:\Users\trudy\mute-chat\node_modules\@babel\parser\lib\index.js:11356:23)
    at TypeScriptParserMixin.parseExprAtom (C:\Users\trudy\mute-chat\node_modules\@babel\parser\lib\index.js:4776:20)
    at TypeScriptParserMixin.parseExprSubscripts (C:\Users\trudy\mute-chat\node_modules\@babel\parser\lib\index.js:11098:23)
    at TypeScriptParserMixin.parseUpdate (C:\Users\trudy\mute-chat\node_modules\@babel\parser\lib\index.js:11083:21)
    at TypeScriptParserMixin.parseMaybeUnary (C:\Users\trudy\mute-chat\node_modules\@babel\parser\lib\index.js:11063:23)
    at TypeScriptParserMixin.parseMaybeUnary (C:\Users\trudy\mute-chat\node_modules\@babel\parser\lib\index.js:9854:18)
    at TypeScriptParserMixin.parseMaybeUnaryOrPrivate (C:\Users\trudy\mute-chat\node_modules\@babel\parser\lib\index.js:10916:61)
    at TypeScriptParserMixin.parseExprOps (C:\Users\trudy\mute-chat\node_modules\@babel\parser\lib\index.js:10921:23)
    at TypeScriptParserMixin.parseMaybeConditional (C:\Users\trudy\mute-chat\node_modules\@babel\parser\lib\index.js:10898:23)
    at TypeScriptParserMixin.parseMaybeAssign (C:\Users\trudy\mute-chat\node_modules\@babel\parser\lib\index.js:10848:21)
    at TypeScriptParserMixin.parseMaybeAssign (C:\Users\trudy\mute-chat\node_modules\@babel\parser\lib\index.js:9803:20)
    at C:\Users\trudy\mute-chat\node_modules\@babel\parser\lib\index.js:10817:39
    at TypeScriptParserMixin.allowInAnd (C:\Users\trudy\mute-chat\node_modules\@babel\parser\lib\index.js:12443:12)
    at TypeScriptParserMixin.parseMaybeAssignAllowIn (C:\Users\trudy\mute-chat\node_modules\@babel\parser\lib\index.js:10817:17)
    at TypeScriptParserMixin.parseMaybeAssignAllowInOrVoidPattern (C:\Users\trudy\mute-chat\node_modules\@babel\parser\lib\index.js:12510:17)
    at TypeScriptParserMixin.parseObjectProperty (C:\Users\trudy\mute-chat\node_modules\@babel\parser\lib\index.js:11967:83)
    at TypeScriptParserMixin.parseObjPropValue (C:\Users\trudy\mute-chat\node_modules\@babel\parser\lib\index.js:11995:100)
    at TypeScriptParserMixin.parseObjPropValue (C:\Users\trudy\mute-chat\node_modules\@babel\parser\lib\index.js:9761:18)
    at TypeScriptParserMixin.parsePropertyDefinition (C:\Users\trudy\mute-chat\node_modules\@babel\parser\lib\index.js:11932:17)
    at TypeScriptParserMixin.parseObjectLike (C:\Users\trudy\mute-chat\node_modules\@babel\parser\lib\index.js:11849:21)
    at TypeScriptParserMixin.parseExprAtom (C:\Users\trudy\mute-chat\node_modules\@babel\parser\lib\index.js:11356:23)
    at TypeScriptParserMixin.parseExprAtom (C:\Users\trudy\mute-chat\node_modules\@babel\parser\lib\index.js:4776:20)
    at TypeScriptParserMixin.parseExprSubscripts (C:\Users\trudy\mute-chat\node_modules\@babel\parser\lib\index.js:11098:23)
    at TypeScriptParserMixin.parseUpdate (C:\Users\trudy\mute-chat\node_modules\@babel\parser\lib\index.js:11083:21)
    at TypeScriptParserMixin.parseMaybeUnary (C:\Users\trudy\mute-chat\node_modules\@babel\parser\lib\index.js:11063:23)
    at TypeScriptParserMixin.parseMaybeUnary (C:\Users\trudy\mute-chat\node_modules\@babel\parser\lib\index.js:9854:18)
    at TypeScriptParserMixin.parseMaybeUnaryOrPrivate (C:\Users\trudy\mute-chat\node_modules\@babel\parser\lib\index.js:10916:61)
    at TypeScriptParserMixin.parseExprOps (C:\Users\trudy\mute-chat\node_modules\@babel\parser\lib\index.js:10921:23)
    at TypeScriptParserMixin.parseMaybeConditional (C:\Users\trudy\mute-chat\node_modules\@babel\parser\lib\index.js:10898:23)
    at TypeScriptParserMixin.parseMaybeAssign (C:\Users\trudy\mute-chat\node_modules\@babel\parser\lib\index.js:10848:21)
    at TypeScriptParserMixin.parseMaybeAssign (C:\Users\trudy\mute-chat\node_modules\@babel\parser\lib\index.js:9803:20)
    at C:\Users\trudy\mute-chat\node_modules\@babel\parser\lib\index.js:10817:39
    at TypeScriptParserMixin.allowInAnd (C:\Users\trudy\mute-chat\node_modules\@babel\parser\lib\index.js:12443:12)
    at TypeScriptParserMixin.parseMaybeAssignAllowIn (C:\Users\trudy\mute-chat\node_modules\@babel\parser\lib\index.js:10817:17)
    at TypeScriptParserMixin.parseMaybeAssignAllowInOrVoidPattern (C:\Users\trudy\mute-chat\node_modules\@babel\parser\lib\index.js:12510:17)
    at TypeScriptParserMixin.parseExprListItem (C:\Users\trudy\mute-chat\node_modules\@babel\parser\lib\index.js:12192:18)
    at TypeScriptParserMixin.parseCallExpressionArguments (C:\Users\trudy\mute-chat\node_modules\@babel\parser\lib\index.js:11269:22)
    at TypeScriptParserMixin.parseCoverCallAndAsyncArrowHead (C:\Users\trudy\mute-chat\node_modules\@babel\parser\lib\index.js:11203:29)
    at TypeScriptParserMixin.parseSubscript (C:\Users\trudy\mute-chat\node_modules\@babel\parser\lib\index.js:11137:19)
    at TypeScriptParserMixin.parseSubscript (C:\Users\trudy\mute-chat\node_modules\@babel\parser\lib\index.js:9289:18)
    at TypeScriptParserMixin.parseSubscripts (C:\Users\trudy\mute-chat\node_modules\@babel\parser\lib\index.js:11111:19)
    at TypeScriptParserMixin.parseExprSubscripts (C:\Users\trudy\mute-chat\node_modules\@babel\parser\lib\index.js:11102:17)
    at TypeScriptParserMixin.parseUpdate (C:\Users\trudy\mute-chat\node_modules\@babel\parser\lib\index.js:11083:21)
    at TypeScriptParserMixin.parseMaybeUnary (C:\Users\trudy\mute-chat\node_modules\@babel\parser\lib\index.js:11063:23)
    at TypeScriptParserMixin.parseMaybeUnary (C:\Users\trudy\mute-chat\node_modules\@babel\parser\lib\index.js:9854:18)
Web Bundling failed 147ms index.ts (1 module)
 ERROR  SyntaxError: C:\Users\trudy\mute-chat\App.tsx: Unexpected token, expected "," (1556:138)

  1554 |   storyAuthor:{flexDirection:'row',alignItems:'center',gap:10},storyAuthorName:{color:colors.text,fontSize:12,fontWeight:'800'},storyComment:{flexDirection:'row',gap:9,backgroundColor:colors.gray050,borderRadius:13,padding:11,marginTop:14},storyCommentName:{color:colors.text,fontSize:10,fontWeight:'800'},storyCommentBody:{color:colors.textSubtle,fontSize:10,lineHeight:15,marginTop:3},storyFab:{position:'absolute',right:20,bottom:22,width:52,height:52,borderRadius:26,...shadows.floating},memberManage:{width:42,height:42,alignItems:'center',justifyContent:'center'},
  1555 |   storyChatButton:{position:'absolute',left:20,right:84,bottom:22,height:52,borderRadius:16,backgroundColor:colors.mint600,alignItems:'center',justifyContent:'center',...shadows.floating},
> 1556 |   storyDetailHeader:{height:54,flexDirection:'row',alignItems:'center',justifyContent:'space-between,paddingHorizontal:8,backgroundColor:'#FFF',borderBottomWidth:StyleSheet.hairlineWidth,borderBottomColor:colors.border},storyDetailHeaderTitle:{color:colors.text,fontSize:15,fontWeight:'800'},storyHeaderRight:{minWidth:88,flexDirection:'row',justifyContent:'flex-end'},storyHeaderAction:{width:44,height:44,alignItems:'center',justifyContent:'center'},storyDetail:{padding:20,paddingBottom:100},storyDetailTitle:{color:colors.text,fontSize:23,fontWeight:'800',lineHeight:31,marginBottom:18},storyLinkedRoom:{flexDirection:'row',alignItems:'center',gap:11,backgroundColor:colors.gray050,borderRadius:15,padding:11,marginTop:18,marginBottom:24},storyLinkedLabel:{color:colors.textMuted,fontSize:9},storyLinkedName:{color:colors.text,fontSize:12,fontWeight:'800',marginTop:3},storyDetailText:{color:colors.textSubtle,fontSize:15,lineHeight:25,marginBottom:18},storyDetailImage:{width:'100%',height:260,borderRadius:16,backgroundColor:colors.gray100,marginBottom:20},commentSection:{borderTopWidth:StyleSheet.hairlineWidth,borderTopColor:colors.border,paddingTop:20,marginTop:12},commentCount:{color:colors.text,fontSize:14,fontWeight:'800',marginBottom:8},storyDetailComment:{flexDirection:'row',gap:10,paddingVertical:12,borderBottomWidth:StyleSheet.hairlineWidth,borderBottomColor:colors.border},commentComposer:{minHeight:66,flexDirection:'row',alignItems:'center',gap:9,paddingHorizontal:14,paddingVertical:10,backgroundColor:'#FFF',borderTopWidth:StyleSheet.hairlineWidth,borderTopColor:colors.border},commentInput:{flex:1,height:44,borderRadius:22,backgroundColor:colors.gray050,paddingHorizontal:16,color:colors.text,fontSize:13},commentSend:{width:42,height:42,borderRadius:21,backgroundColor:colors.mint600,alignItems:'center',justifyContent:'center'},
       |                                                                                                                                           ^
  1557 |   storyEditor:{padding:20,paddingBottom:60},storyTitleInput:{height:54,borderBottomWidth:1,borderBottomColor:colors.border,color:colors.text,fontSize:22,fontWeight:'800',marginTop:20},storyEditorVisibility:{flexDirection:'row',gap:8,marginVertical:18},storyBlockInput:{minHeight:130,color:colors.text,fontSize:15,lineHeight:24,textAlignVertical:'top',paddingVertical:14},storyEditorImageWrap:{position:'relative',marginVertical:10},storyEditorImage:{width:'100%',height:250,borderRadius:15,backgroundColor:colors.gray100},storyImageRemove:{position:'absolute',right:10,top:10,width:30,height:30,borderRadius:15,backgroundColor:'rgba(0,0,0,.5)',alignItems:'center',justifyContent:'center'},storyInsertRow:{flexDirection:'row',gap:9,marginVertical:18},storyInsert:{flex:1,height:48,borderRadius:13,backgroundColor:colors.mint050,flexDirection:'row',alignItems:'center',justifyContent:'center',gap:7},storyInsertText:{color:colors.mint700,fontSize:12,fontWeight:'700'},
  1558 |   memberProfilePage:{alignItems:'center',padding:28},memberProfileNameLine:{flexDirection:'row',alignItems:'center',gap:8,marginTop:15},memberProfileName:{color:colors.text,fontSize:20,fontWeight:'800'},memberProfileRoom:{color:colors.textMuted,fontSize:10,marginTop:7},memberProfileCard:{alignSelf:'stretch',backgroundColor:'#FFF',borderRadius:18,padding:18,marginTop:26,borderWidth:StyleSheet.hairlineWidth,borderColor:colors.border,...shadows.tiny},memberProfileLabel:{color:colors.textMuted,fontSize:10,fontWeight:'700'},memberProfileIntro:{color:colors.text,fontSize:13,lineHeight:20,marginTop:9},
  1559 |   overviewPage:{paddingBottom:40},overviewIntro:{padding:20,backgroundColor:'#FFF'},overviewSection:{color:colors.text,fontSize:16,fontWeight:'800',paddingHorizontal:20,paddingTop:22,paddingBottom:10},overviewStory:{backgroundColor:'#FFF',borderRadius:17,padding:16,marginHorizontal:16,marginBottom:10,borderWidth:StyleSheet.hairlineWidth,borderColor:colors.border},
    at constructor (C:\Users\trudy\mute-chat\node_modules\@babel\parser\lib\index.js:365:19)
    at TypeScriptParserMixin.raise (C:\Users\trudy\mute-chat\node_modules\@babel\parser\lib\index.js:6616:19)
    at TypeScriptParserMixin.unexpected (C:\Users\trudy\mute-chat\node_modules\@babel\parser\lib\index.js:6636:16)
    at TypeScriptParserMixin.expect (C:\Users\trudy\mute-chat\node_modules\@babel\parser\lib\index.js:6916:12)
    at TypeScriptParserMixin.parseObjectLike (C:\Users\trudy\mute-chat\node_modules\@babel\parser\lib\index.js:11839:14)
    at TypeScriptParserMixin.parseExprAtom (C:\Users\trudy\mute-chat\node_modules\@babel\parser\lib\index.js:11356:23)
    at TypeScriptParserMixin.parseExprAtom (C:\Users\trudy\mute-chat\node_modules\@babel\parser\lib\index.js:4776:20)
    at TypeScriptParserMixin.parseExprSubscripts (C:\Users\trudy\mute-chat\node_modules\@babel\parser\lib\index.js:11098:23)
    at TypeScriptParserMixin.parseUpdate (C:\Users\trudy\mute-chat\node_modules\@babel\parser\lib\index.js:11083:21)
    at TypeScriptParserMixin.parseMaybeUnary (C:\Users\trudy\mute-chat\node_modules\@babel\parser\lib\index.js:11063:23)
    at TypeScriptParserMixin.parseMaybeUnary (C:\Users\trudy\mute-chat\node_modules\@babel\parser\lib\index.js:9854:18)
    at TypeScriptParserMixin.parseMaybeUnaryOrPrivate (C:\Users\trudy\mute-chat\node_modules\@babel\parser\lib\index.js:10916:61)
    at TypeScriptParserMixin.parseExprOps (C:\Users\trudy\mute-chat\node_modules\@babel\parser\lib\index.js:10921:23)
    at TypeScriptParserMixin.parseMaybeConditional (C:\Users\trudy\mute-chat\node_modules\@babel\parser\lib\index.js:10898:23)
    at TypeScriptParserMixin.parseMaybeAssign (C:\Users\trudy\mute-chat\node_modules\@babel\parser\lib\index.js:10848:21)
    at TypeScriptParserMixin.parseMaybeAssign (C:\Users\trudy\mute-chat\node_modules\@babel\parser\lib\index.js:9803:20)
    at C:\Users\trudy\mute-chat\node_modules\@babel\parser\lib\index.js:10817:39
    at TypeScriptParserMixin.allowInAnd (C:\Users\trudy\mute-chat\node_modules\@babel\parser\lib\index.js:12443:12)
    at TypeScriptParserMixin.parseMaybeAssignAllowIn (C:\Users\trudy\mute-chat\node_modules\@babel\parser\lib\index.js:10817:17)
    at TypeScriptParserMixin.parseMaybeAssignAllowInOrVoidPattern (C:\Users\trudy\mute-chat\node_modules\@babel\parser\lib\index.js:12510:17)
    at TypeScriptParserMixin.parseObjectProperty (C:\Users\trudy\mute-chat\node_modules\@babel\parser\lib\index.js:11967:83)
    at TypeScriptParserMixin.parseObjPropValue (C:\Users\trudy\mute-chat\node_modules\@babel\parser\lib\index.js:11995:100)
    at TypeScriptParserMixin.parseObjPropValue (C:\Users\trudy\mute-chat\node_modules\@babel\parser\lib\index.js:9761:18)
    at TypeScriptParserMixin.parsePropertyDefinition (C:\Users\trudy\mute-chat\node_modules\@babel\parser\lib\index.js:11932:17)
    at TypeScriptParserMixin.parseObjectLike (C:\Users\trudy\mute-chat\node_modules\@babel\parser\lib\index.js:11849:21)
    at TypeScriptParserMixin.parseExprAtom (C:\Users\trudy\mute-chat\node_modules\@babel\parser\lib\index.js:11356:23)
    at TypeScriptParserMixin.parseExprAtom (C:\Users\trudy\mute-chat\node_modules\@babel\parser\lib\index.js:4776:20)
    at TypeScriptParserMixin.parseExprSubscripts (C:\Users\trudy\mute-chat\node_modules\@babel\parser\lib\index.js:11098:23)
    at TypeScriptParserMixin.parseUpdate (C:\Users\trudy\mute-chat\node_modules\@babel\parser\lib\index.js:11083:21)
    at TypeScriptParserMixin.parseMaybeUnary (C:\Users\trudy\mute-chat\node_modules\@babel\parser\lib\index.js:11063:23)
    at TypeScriptParserMixin.parseMaybeUnary (C:\Users\trudy\mute-chat\node_modules\@babel\parser\lib\index.js:9854:18)
    at TypeScriptParserMixin.parseMaybeUnaryOrPrivate (C:\Users\trudy\mute-chat\node_modules\@babel\parser\lib\index.js:10916:61)
    at TypeScriptParserMixin.parseExprOps (C:\Users\trudy\mute-chat\node_modules\@babel\parser\lib\index.js:10921:23)
    at TypeScriptParserMixin.parseMaybeConditional (C:\Users\trudy\mute-chat\node_modules\@babel\parser\lib\index.js:10898:23)
    at TypeScriptParserMixin.parseMaybeAssign (C:\Users\trudy\mute-chat\node_modules\@babel\parser\lib\index.js:10848:21)
    at TypeScriptParserMixin.parseMaybeAssign (C:\Users\trudy\mute-chat\node_modules\@babel\parser\lib\index.js:9803:20)
    at C:\Users\trudy\mute-chat\node_modules\@babel\parser\lib\index.js:10817:39
    at TypeScriptParserMixin.allowInAnd (C:\Users\trudy\mute-chat\node_modules\@babel\parser\lib\index.js:12443:12)
    at TypeScriptParserMixin.parseMaybeAssignAllowIn (C:\Users\trudy\mute-chat\node_modules\@babel\parser\lib\index.js:10817:17)
    at TypeScriptParserMixin.parseMaybeAssignAllowInOrVoidPattern (C:\Users\trudy\mute-chat\node_modules\@babel\parser\lib\index.js:12510:17)
    at TypeScriptParserMixin.parseExprListItem (C:\Users\trudy\mute-chat\node_modules\@babel\parser\lib\index.js:12192:18)
    at TypeScriptParserMixin.parseCallExpressionArguments (C:\Users\trudy\mute-chat\node_modules\@babel\parser\lib\index.js:11269:22)
    at TypeScriptParserMixin.parseCoverCallAndAsyncArrowHead (C:\Users\trudy\mute-chat\node_modules\@babel\parser\lib\index.js:11203:29)
    at TypeScriptParserMixin.parseSubscript (C:\Users\trudy\mute-chat\node_modules\@babel\parser\lib\index.js:11137:19)
    at TypeScriptParserMixin.parseSubscript (C:\Users\trudy\mute-chat\node_modules\@babel\parser\lib\index.js:9289:18)
    at TypeScriptParserMixin.parseSubscripts (C:\Users\trudy\mute-chat\node_modules\@babel\parser\lib\index.js:11111:19)
    at TypeScriptParserMixin.parseExprSubscripts (C:\Users\trudy\mute-chat\node_modules\@babel\parser\lib\index.js:11102:17)
    at TypeScriptParserMixin.parseUpdate (C:\Users\trudy\mute-chat\node_modules\@babel\parser\lib\index.js:11083:21)
    at TypeScriptParserMixin.parseMaybeUnary (C:\Users\trudy\mute-chat\node_modules\@babel\parser\lib\index.js:11063:23)
    at TypeScriptParserMixin.parseMaybeUnary (C:\Users\trudy\mute-chat\node_modules\@babel\parser\lib\index.js:9854:18)
Web Bundling failed 135ms index.ts (1 module)
 ERROR  SyntaxError: C:\Users\trudy\mute-chat\App.tsx: Unexpected token, expected "," (1556:138)

  1554 |   storyAuthor:{flexDirection:'row',alignItems:'center',gap:10},storyAuthorName:{color:colors.text,fontSize:12,fontWeight:'800'},storyComment:{flexDirection:'row',gap:9,backgroundColor:colors.gray050,borderRadius:13,padding:11,marginTop:14},storyCommentName:{color:colors.text,fontSize:10,fontWeight:'800'},storyCommentBody:{color:colors.textSubtle,fontSize:10,lineHeight:15,marginTop:3},storyFab:{position:'absolute',right:20,bottom:22,width:52,height:52,borderRadius:26,...shadows.floating},memberManage:{width:42,height:42,alignItems:'center',justifyContent:'center'},
  1555 |   storyChatButton:{position:'absolute',left:20,right:84,bottom:22,height:52,borderRadius:16,backgroundColor:colors.mint600,alignItems:'center',justifyContent:'center',...shadows.floating},
> 1556 |   storyDetailHeader:{height:54,flexDirection:'row',alignItems:'center',justifyContent:'space-between,paddingHorizontal:8,backgroundColor:'#FFF',borderBottomWidth:StyleSheet.hairlineWidth,borderBottomColor:colors.border},storyDetailHeaderTitle:{color:colors.text,fontSize:15,fontWeight:'800'},storyHeaderRight:{minWidth:88,flexDirection:'row',justifyContent:'flex-end'},storyHeaderAction:{width:44,height:44,alignItems:'center',justifyContent:'center'},storyDetail:{padding:20,paddingBottom:100},storyDetailTitle:{color:colors.text,fontSize:23,fontWeight:'800',lineHeight:31,marginBottom:18},storyLinkedRoom:{flexDirection:'row',alignItems:'center',gap:11,backgroundColor:colors.gray050,borderRadius:15,padding:11,marginTop:18,marginBottom:24},storyLinkedLabel:{color:colors.textMuted,fontSize:9},storyLinkedName:{color:colors.text,fontSize:12,fontWeight:'800',marginTop:3},storyDetailText:{color:colors.textSubtle,fontSize:15,lineHeight:25,marginBottom:18},storyDetailImage:{width:'100%',height:260,borderRadius:16,backgroundColor:colors.gray100,marginBottom:20},commentSection:{borderTopWidth:StyleSheet.hairlineWidth,borderTopColor:colors.border,paddingTop:20,marginTop:12},commentCount:{color:colors.text,fontSize:14,fontWeight:'800',marginBottom:8},storyDetailComment:{flexDirection:'row',gap:10,paddingVertical:12,borderBottomWidth:StyleSheet.hairlineWidth,borderBottomColor:colors.border},commentComposer:{minHeight:66,flexDirection:'row',alignItems:'center',gap:9,paddingHorizontal:14,paddingVertical:10,backgroundColor:'#FFF',borderTopWidth:StyleSheet.hairlineWidth,borderTopColor:colors.border},commentInput:{flex:1,height:44,borderRadius:22,backgroundColor:colors.gray050,paddingHorizontal:16,color:colors.text,fontSize:13},commentSend:{width:42,height:42,borderRadius:21,backgroundColor:colors.mint600,alignItems:'center',justifyContent:'center'},
       |                                                                                                                                           ^
  1557 |   storyEditor:{padding:20,paddingBottom:60},storyTitleInput:{height:54,borderBottomWidth:1,borderBottomColor:colors.border,color:colors.text,fontSize:22,fontWeight:'800',marginTop:20},storyEditorVisibility:{flexDirection:'row',gap:8,marginVertical:18},storyBlockInput:{minHeight:130,color:colors.text,fontSize:15,lineHeight:24,textAlignVertical:'top',paddingVertical:14},storyEditorImageWrap:{position:'relative',marginVertical:10},storyEditorImage:{width:'100%',height:250,borderRadius:15,backgroundColor:colors.gray100},storyImageRemove:{position:'absolute',right:10,top:10,width:30,height:30,borderRadius:15,backgroundColor:'rgba(0,0,0,.5)',alignItems:'center',justifyContent:'center'},storyInsertRow:{flexDirection:'row',gap:9,marginVertical:18},storyInsert:{flex:1,height:48,borderRadius:13,backgroundColor:colors.mint050,flexDirection:'row',alignItems:'center',justifyContent:'center',gap:7},storyInsertText:{color:colors.mint700,fontSize:12,fontWeight:'700'},
  1558 |   memberProfilePage:{alignItems:'center',padding:28},memberProfileNameLine:{flexDirection:'row',alignItems:'center',gap:8,marginTop:15},memberProfileName:{color:colors.text,fontSize:20,fontWeight:'800'},memberProfileRoom:{color:colors.textMuted,fontSize:10,marginTop:7},memberProfileCard:{alignSelf:'stretch',backgroundColor:'#FFF',borderRadius:18,padding:18,marginTop:26,borderWidth:StyleSheet.hairlineWidth,borderColor:colors.border,...shadows.tiny},memberProfileLabel:{color:colors.textMuted,fontSize:10,fontWeight:'700'},memberProfileIntro:{color:colors.text,fontSize:13,lineHeight:20,marginTop:9},
  1559 |   overviewPage:{paddingBottom:40},overviewIntro:{padding:20,backgroundColor:'#FFF'},overviewSection:{color:colors.text,fontSize:16,fontWeight:'800',paddingHorizontal:20,paddingTop:22,paddingBottom:10},overviewStory:{backgroundColor:'#FFF',borderRadius:17,padding:16,marginHorizontal:16,marginBottom:10,borderWidth:StyleSheet.hairlineWidth,borderColor:colors.border},
    at constructor (C:\Users\trudy\mute-chat\node_modules\@babel\parser\lib\index.js:365:19)
    at TypeScriptParserMixin.raise (C:\Users\trudy\mute-chat\node_modules\@babel\parser\lib\index.js:6616:19)
    at TypeScriptParserMixin.unexpected (C:\Users\trudy\mute-chat\node_modules\@babel\parser\lib\index.js:6636:16)
    at TypeScriptParserMixin.expect (C:\Users\trudy\mute-chat\node_modules\@babel\parser\lib\index.js:6916:12)
    at TypeScriptParserMixin.parseObjectLike (C:\Users\trudy\mute-chat\node_modules\@babel\parser\lib\index.js:11839:14)
    at TypeScriptParserMixin.parseExprAtom (C:\Users\trudy\mute-chat\node_modules\@babel\parser\lib\index.js:11356:23)
    at TypeScriptParserMixin.parseExprAtom (C:\Users\trudy\mute-chat\node_modules\@babel\parser\lib\index.js:4776:20)
    at TypeScriptParserMixin.parseExprSubscripts (C:\Users\trudy\mute-chat\node_modules\@babel\parser\lib\index.js:11098:23)
    at TypeScriptParserMixin.parseUpdate (C:\Users\trudy\mute-chat\node_modules\@babel\parser\lib\index.js:11083:21)
    at TypeScriptParserMixin.parseMaybeUnary (C:\Users\trudy\mute-chat\node_modules\@babel\parser\lib\index.js:11063:23)
    at TypeScriptParserMixin.parseMaybeUnary (C:\Users\trudy\mute-chat\node_modules\@babel\parser\lib\index.js:9854:18)
    at TypeScriptParserMixin.parseMaybeUnaryOrPrivate (C:\Users\trudy\mute-chat\node_modules\@babel\parser\lib\index.js:10916:61)
    at TypeScriptParserMixin.parseExprOps (C:\Users\trudy\mute-chat\node_modules\@babel\parser\lib\index.js:10921:23)
    at TypeScriptParserMixin.parseMaybeConditional (C:\Users\trudy\mute-chat\node_modules\@babel\parser\lib\index.js:10898:23)
    at TypeScriptParserMixin.parseMaybeAssign (C:\Users\trudy\mute-chat\node_modules\@babel\parser\lib\index.js:10848:21)
    at TypeScriptParserMixin.parseMaybeAssign (C:\Users\trudy\mute-chat\node_modules\@babel\parser\lib\index.js:9803:20)
    at C:\Users\trudy\mute-chat\node_modules\@babel\parser\lib\index.js:10817:39
    at TypeScriptParserMixin.allowInAnd (C:\Users\trudy\mute-chat\node_modules\@babel\parser\lib\index.js:12443:12)
    at TypeScriptParserMixin.parseMaybeAssignAllowIn (C:\Users\trudy\mute-chat\node_modules\@babel\parser\lib\index.js:10817:17)
    at TypeScriptParserMixin.parseMaybeAssignAllowInOrVoidPattern (C:\Users\trudy\mute-chat\node_modules\@babel\parser\lib\index.js:12510:17)
    at TypeScriptParserMixin.parseObjectProperty (C:\Users\trudy\mute-chat\node_modules\@babel\parser\lib\index.js:11967:83)
    at TypeScriptParserMixin.parseObjPropValue (C:\Users\trudy\mute-chat\node_modules\@babel\parser\lib\index.js:11995:100)
    at TypeScriptParserMixin.parseObjPropValue (C:\Users\trudy\mute-chat\node_modules\@babel\parser\lib\index.js:9761:18)
    at TypeScriptParserMixin.parsePropertyDefinition (C:\Users\trudy\mute-chat\node_modules\@babel\parser\lib\index.js:11932:17)
    at TypeScriptParserMixin.parseObjectLike (C:\Users\trudy\mute-chat\node_modules\@babel\parser\lib\index.js:11849:21)
    at TypeScriptParserMixin.parseExprAtom (C:\Users\trudy\mute-chat\node_modules\@babel\parser\lib\index.js:11356:23)
    at TypeScriptParserMixin.parseExprAtom (C:\Users\trudy\mute-chat\node_modules\@babel\parser\lib\index.js:4776:20)
    at TypeScriptParserMixin.parseExprSubscripts (C:\Users\trudy\mute-chat\node_modules\@babel\parser\lib\index.js:11098:23)
    at TypeScriptParserMixin.parseUpdate (C:\Users\trudy\mute-chat\node_modules\@babel\parser\lib\index.js:11083:21)
    at TypeScriptParserMixin.parseMaybeUnary (C:\Users\trudy\mute-chat\node_modules\@babel\parser\lib\index.js:11063:23)
    at TypeScriptParserMixin.parseMaybeUnary (C:\Users\trudy\mute-chat\node_modules\@babel\parser\lib\index.js:9854:18)
    at TypeScriptParserMixin.parseMaybeUnaryOrPrivate (C:\Users\trudy\mute-chat\node_modules\@babel\parser\lib\index.js:10916:61)
    at TypeScriptParserMixin.parseExprOps (C:\Users\trudy\mute-chat\node_modules\@babel\parser\lib\index.js:10921:23)
    at TypeScriptParserMixin.parseMaybeConditional (C:\Users\trudy\mute-chat\node_modules\@babel\parser\lib\index.js:10898:23)
    at TypeScriptParserMixin.parseMaybeAssign (C:\Users\trudy\mute-chat\node_modules\@babel\parser\lib\index.js:10848:21)
    at TypeScriptParserMixin.parseMaybeAssign (C:\Users\trudy\mute-chat\node_modules\@babel\parser\lib\index.js:9803:20)
    at C:\Users\trudy\mute-chat\node_modules\@babel\parser\lib\index.js:10817:39
    at TypeScriptParserMixin.allowInAnd (C:\Users\trudy\mute-chat\node_modules\@babel\parser\lib\index.js:12443:12)
    at TypeScriptParserMixin.parseMaybeAssignAllowIn (C:\Users\trudy\mute-chat\node_modules\@babel\parser\lib\index.js:10817:17)
    at TypeScriptParserMixin.parseMaybeAssignAllowInOrVoidPattern (C:\Users\trudy\mute-chat\node_modules\@babel\parser\lib\index.js:12510:17)
    at TypeScriptParserMixin.parseExprListItem (C:\Users\trudy\mute-chat\node_modules\@babel\parser\lib\index.js:12192:18)
    at TypeScriptParserMixin.parseCallExpressionArguments (C:\Users\trudy\mute-chat\node_modules\@babel\parser\lib\index.js:11269:22)
    at TypeScriptParserMixin.parseCoverCallAndAsyncArrowHead (C:\Users\trudy\mute-chat\node_modules\@babel\parser\lib\index.js:11203:29)
    at TypeScriptParserMixin.parseSubscript (C:\Users\trudy\mute-chat\node_modules\@babel\parser\lib\index.js:11137:19)
    at TypeScriptParserMixin.parseSubscript (C:\Users\trudy\mute-chat\node_modules\@babel\parser\lib\index.js:9289:18)
    at TypeScriptParserMixin.parseSubscripts (C:\Users\trudy\mute-chat\node_modules\@babel\parser\lib\index.js:11111:19)
    at TypeScriptParserMixin.parseExprSubscripts (C:\Users\trudy\mute-chat\node_modules\@babel\parser\lib\index.js:11102:17)
    at TypeScriptParserMixin.parseUpdate (C:\Users\trudy\mute-chat\node_modules\@babel\parser\lib\index.js:11083:21)
    at TypeScriptParserMixin.parseMaybeUnary (C:\Users\trudy\mute-chat\node_modules\@babel\parser\lib\index.js:11063:23)
    at TypeScriptParserMixin.parseMaybeUnary (C:\Users\trudy\mute-chat\node_modules\@babel\parser\lib\index.js:9854:18)
Web Bundling failed 113ms index.ts (1 module)
 ERROR  SyntaxError: C:\Users\trudy\mute-chat\App.tsx: Unexpected token, expected "," (1556:138)

  1554 |   storyAuthor:{flexDirection:'row',alignItems:'center',gap:10},storyAuthorName:{color:colors.text,fontSize:12,fontWeight:'800'},storyComment:{flexDirection:'row',gap:9,backgroundColor:colors.gray050,borderRadius:13,padding:11,marginTop:14},storyCommentName:{color:colors.text,fontSize:10,fontWeight:'800'},storyCommentBody:{color:colors.textSubtle,fontSize:10,lineHeight:15,marginTop:3},storyFab:{position:'absolute',right:20,bottom:22,width:52,height:52,borderRadius:26,...shadows.floating},memberManage:{width:42,height:42,alignItems:'center',justifyContent:'center'},
  1555 |   storyChatButton:{position:'absolute',left:20,right:84,bottom:22,height:52,borderRadius:16,backgroundColor:colors.mint600,alignItems:'center',justifyContent:'center',...shadows.floating},
> 1556 |   storyDetailHeader:{height:54,flexDirection:'row',alignItems:'center',justifyContent:'space-between,paddingHorizontal:8,backgroundColor:'#FFF',borderBottomWidth:StyleSheet.hairlineWidth,borderBottomColor:colors.border},storyDetailHeaderTitle:{color:colors.text,fontSize:15,fontWeight:'800'},storyHeaderRight:{minWidth:88,flexDirection:'row',justifyContent:'flex-end'},storyHeaderAction:{width:44,height:44,alignItems:'center',justifyContent:'center'},storyDetail:{padding:20,paddingBottom:100},storyDetailTitle:{color:colors.text,fontSize:23,fontWeight:'800',lineHeight:31,marginBottom:18},storyLinkedRoom:{flexDirection:'row',alignItems:'center',gap:11,backgroundColor:colors.gray050,borderRadius:15,padding:11,marginTop:18,marginBottom:24},storyLinkedLabel:{color:colors.textMuted,fontSize:9},storyLinkedName:{color:colors.text,fontSize:12,fontWeight:'800',marginTop:3},storyDetailText:{color:colors.textSubtle,fontSize:15,lineHeight:25,marginBottom:18},storyDetailImage:{width:'100%',height:260,borderRadius:16,backgroundColor:colors.gray100,marginBottom:20},commentSection:{borderTopWidth:StyleSheet.hairlineWidth,borderTopColor:colors.border,paddingTop:20,marginTop:12},commentCount:{color:colors.text,fontSize:14,fontWeight:'800',marginBottom:8},storyDetailComment:{flexDirection:'row',gap:10,paddingVertical:12,borderBottomWidth:StyleSheet.hairlineWidth,borderBottomColor:colors.border},commentComposer:{minHeight:66,flexDirection:'row',alignItems:'center',gap:9,paddingHorizontal:14,paddingVertical:10,backgroundColor:'#FFF',borderTopWidth:StyleSheet.hairlineWidth,borderTopColor:colors.border},commentInput:{flex:1,height:44,borderRadius:22,backgroundColor:colors.gray050,paddingHorizontal:16,color:colors.text,fontSize:13},commentSend:{width:42,height:42,borderRadius:21,backgroundColor:colors.mint600,alignItems:'center',justifyContent:'center'},
       |                                                                                                                                           ^
  1557 |   storyEditor:{padding:20,paddingBottom:60},storyTitleInput:{height:54,borderBottomWidth:1,borderBottomColor:colors.border,color:colors.text,fontSize:22,fontWeight:'800',marginTop:20},storyEditorVisibility:{flexDirection:'row',gap:8,marginVertical:18},storyBlockInput:{minHeight:130,color:colors.text,fontSize:15,lineHeight:24,textAlignVertical:'top',paddingVertical:14},storyEditorImageWrap:{position:'relative',marginVertical:10},storyEditorImage:{width:'100%',height:250,borderRadius:15,backgroundColor:colors.gray100},storyImageRemove:{position:'absolute',right:10,top:10,width:30,height:30,borderRadius:15,backgroundColor:'rgba(0,0,0,.5)',alignItems:'center',justifyContent:'center'},storyInsertRow:{flexDirection:'row',gap:9,marginVertical:18},storyInsert:{flex:1,height:48,borderRadius:13,backgroundColor:colors.mint050,flexDirection:'row',alignItems:'center',justifyContent:'center',gap:7},storyInsertText:{color:colors.mint700,fontSize:12,fontWeight:'700'},
  1558 |   memberProfilePage:{alignItems:'center',padding:28},memberProfileNameLine:{flexDirection:'row',alignItems:'center',gap:8,marginTop:15},memberProfileName:{color:colors.text,fontSize:20,fontWeight:'800'},memberProfileRoom:{color:colors.textMuted,fontSize:10,marginTop:7},memberProfileCard:{alignSelf:'stretch',backgroundColor:'#FFF',borderRadius:18,padding:18,marginTop:26,borderWidth:StyleSheet.hairlineWidth,borderColor:colors.border,...shadows.tiny},memberProfileLabel:{color:colors.textMuted,fontSize:10,fontWeight:'700'},memberProfileIntro:{color:colors.text,fontSize:13,lineHeight:20,marginTop:9},
  1559 |   overviewPage:{paddingBottom:40},overviewIntro:{padding:20,backgroundColor:'#FFF'},overviewSection:{color:colors.text,fontSize:16,fontWeight:'800',paddingHorizontal:20,paddingTop:22,paddingBottom:10},overviewStory:{backgroundColor:'#FFF',borderRadius:17,padding:16,marginHorizontal:16,marginBottom:10,borderWidth:StyleSheet.hairlineWidth,borderColor:colors.border},
    at constructor (C:\Users\trudy\mute-chat\node_modules\@babel\parser\lib\index.js:365:19)
    at TypeScriptParserMixin.raise (C:\Users\trudy\mute-chat\node_modules\@babel\parser\lib\index.js:6616:19)
    at TypeScriptParserMixin.unexpected (C:\Users\trudy\mute-chat\node_modules\@babel\parser\lib\index.js:6636:16)
    at TypeScriptParserMixin.expect (C:\Users\trudy\mute-chat\node_modules\@babel\parser\lib\index.js:6916:12)
    at TypeScriptParserMixin.parseObjectLike (C:\Users\trudy\mute-chat\node_modules\@babel\parser\lib\index.js:11839:14)
    at TypeScriptParserMixin.parseExprAtom (C:\Users\trudy\mute-chat\node_modules\@babel\parser\lib\index.js:11356:23)
    at TypeScriptParserMixin.parseExprAtom (C:\Users\trudy\mute-chat\node_modules\@babel\parser\lib\index.js:4776:20)
    at TypeScriptParserMixin.parseExprSubscripts (C:\Users\trudy\mute-chat\node_modules\@babel\parser\lib\index.js:11098:23)
    at TypeScriptParserMixin.parseUpdate (C:\Users\trudy\mute-chat\node_modules\@babel\parser\lib\index.js:11083:21)
    at TypeScriptParserMixin.parseMaybeUnary (C:\Users\trudy\mute-chat\node_modules\@babel\parser\lib\index.js:11063:23)
    at TypeScriptParserMixin.parseMaybeUnary (C:\Users\trudy\mute-chat\node_modules\@babel\parser\lib\index.js:9854:18)
    at TypeScriptParserMixin.parseMaybeUnaryOrPrivate (C:\Users\trudy\mute-chat\node_modules\@babel\parser\lib\index.js:10916:61)
    at TypeScriptParserMixin.parseExprOps (C:\Users\trudy\mute-chat\node_modules\@babel\parser\lib\index.js:10921:23)
    at TypeScriptParserMixin.parseMaybeConditional (C:\Users\trudy\mute-chat\node_modules\@babel\parser\lib\index.js:10898:23)
    at TypeScriptParserMixin.parseMaybeAssign (C:\Users\trudy\mute-chat\node_modules\@babel\parser\lib\index.js:10848:21)
    at TypeScriptParserMixin.parseMaybeAssign (C:\Users\trudy\mute-chat\node_modules\@babel\parser\lib\index.js:9803:20)
    at C:\Users\trudy\mute-chat\node_modules\@babel\parser\lib\index.js:10817:39
    at TypeScriptParserMixin.allowInAnd (C:\Users\trudy\mute-chat\node_modules\@babel\parser\lib\index.js:12443:12)
    at TypeScriptParserMixin.parseMaybeAssignAllowIn (C:\Users\trudy\mute-chat\node_modules\@babel\parser\lib\index.js:10817:17)
    at TypeScriptParserMixin.parseMaybeAssignAllowInOrVoidPattern (C:\Users\trudy\mute-chat\node_modules\@babel\parser\lib\index.js:12510:17)
    at TypeScriptParserMixin.parseObjectProperty (C:\Users\trudy\mute-chat\node_modules\@babel\parser\lib\index.js:11967:83)
    at TypeScriptParserMixin.parseObjPropValue (C:\Users\trudy\mute-chat\node_modules\@babel\parser\lib\index.js:11995:100)
    at TypeScriptParserMixin.parseObjPropValue (C:\Users\trudy\mute-chat\node_modules\@babel\parser\lib\index.js:9761:18)
    at TypeScriptParserMixin.parsePropertyDefinition (C:\Users\trudy\mute-chat\node_modules\@babel\parser\lib\index.js:11932:17)
    at TypeScriptParserMixin.parseObjectLike (C:\Users\trudy\mute-chat\node_modules\@babel\parser\lib\index.js:11849:21)
    at TypeScriptParserMixin.parseExprAtom (C:\Users\trudy\mute-chat\node_modules\@babel\parser\lib\index.js:11356:23)
    at TypeScriptParserMixin.parseExprAtom (C:\Users\trudy\mute-chat\node_modules\@babel\parser\lib\index.js:4776:20)
    at TypeScriptParserMixin.parseExprSubscripts (C:\Users\trudy\mute-chat\node_modules\@babel\parser\lib\index.js:11098:23)
    at TypeScriptParserMixin.parseUpdate (C:\Users\trudy\mute-chat\node_modules\@babel\parser\lib\index.js:11083:21)
    at TypeScriptParserMixin.parseMaybeUnary (C:\Users\trudy\mute-chat\node_modules\@babel\parser\lib\index.js:11063:23)
    at TypeScriptParserMixin.parseMaybeUnary (C:\Users\trudy\mute-chat\node_modules\@babel\parser\lib\index.js:9854:18)
    at TypeScriptParserMixin.parseMaybeUnaryOrPrivate (C:\Users\trudy\mute-chat\node_modules\@babel\parser\lib\index.js:10916:61)
    at TypeScriptParserMixin.parseExprOps (C:\Users\trudy\mute-chat\node_modules\@babel\parser\lib\index.js:10921:23)
    at TypeScriptParserMixin.parseMaybeConditional (C:\Users\trudy\mute-chat\node_modules\@babel\parser\lib\index.js:10898:23)
    at TypeScriptParserMixin.parseMaybeAssign (C:\Users\trudy\mute-chat\node_modules\@babel\parser\lib\index.js:10848:21)
    at TypeScriptParserMixin.parseMaybeAssign (C:\Users\trudy\mute-chat\node_modules\@babel\parser\lib\index.js:9803:20)
    at C:\Users\trudy\mute-chat\node_modules\@babel\parser\lib\index.js:10817:39
    at TypeScriptParserMixin.allowInAnd (C:\Users\trudy\mute-chat\node_modules\@babel\parser\lib\index.js:12443:12)
    at TypeScriptParserMixin.parseMaybeAssignAllowIn (C:\Users\trudy\mute-chat\node_modules\@babel\parser\lib\index.js:10817:17)
    at TypeScriptParserMixin.parseMaybeAssignAllowInOrVoidPattern (C:\Users\trudy\mute-chat\node_modules\@babel\parser\lib\index.js:12510:17)
    at TypeScriptParserMixin.parseExprListItem (C:\Users\trudy\mute-chat\node_modules\@babel\parser\lib\index.js:12192:18)
    at TypeScriptParserMixin.parseCallExpressionArguments (C:\Users\trudy\mute-chat\node_modules\@babel\parser\lib\index.js:11269:22)
    at TypeScriptParserMixin.parseCoverCallAndAsyncArrowHead (C:\Users\trudy\mute-chat\node_modules\@babel\parser\lib\index.js:11203:29)
    at TypeScriptParserMixin.parseSubscript (C:\Users\trudy\mute-chat\node_modules\@babel\parser\lib\index.js:11137:19)
    at TypeScriptParserMixin.parseSubscript (C:\Users\trudy\mute-chat\node_modules\@babel\parser\lib\index.js:9289:18)
    at TypeScriptParserMixin.parseSubscripts (C:\Users\trudy\mute-chat\node_modules\@babel\parser\lib\index.js:11111:19)
    at TypeScriptParserMixin.parseExprSubscripts (C:\Users\trudy\mute-chat\node_modules\@babel\parser\lib\index.js:11102:17)
    at TypeScriptParserMixin.parseUpdate (C:\Users\trudy\mute-chat\node_modules\@babel\parser\lib\index.js:11083:21)
    at TypeScriptParserMixin.parseMaybeUnary (C:\Users\trudy\mute-chat\node_modules\@babel\parser\lib\index.js:11063:23)
    at TypeScriptParserMixin.parseMaybeUnary (C:\Users\trudy\mute-chat\node_modules\@babel\parser\lib\index.js:9854:18)
Web Bundled 2224ms index.ts (1 module)
Web  INFO  %cDownload the React DevTools for a better development experience: https://react.dev/link/react-devtools font-weight:bold
Web  WARN  [expo-notifications] Listening to push token changes is not yet fully supported on web. Adding a listener will have no effect.
Web  LOG  Running application "main" with appParams:
 {"hydrate": undefined, "rootTag": "#root"} 
Development-level warnings: ON.
Performance optimizations: OFF.
Web  WARN  Animated: `useNativeDriver` is not supported because the native animated module is missing. Falling back to JS-based animation. To resolve this, add `RCTAnimation` module to this app, or remove `useNativeDriver`. Make sure to run `bundle exec pod install` first. Read more about autolinking: https://github.com/react-native-community/cli/blob/master/docs/autolinking.md
Web  ERROR  Unexpected text node:  . A text node cannot be a child of a <View>. 

Code: App.tsx
[0m [90m 1552 |[39m   [36mreturn[39m [33m<[39m[33mView[39m style[33m=[39m{s[33m.[39mdrawerLayer}[33m>[39m[33m<[39m[33mPressable[39m accessibilityLabel[33m=[39m[32m"채팅 메뉴 닫기"[39m onPress[33m=[39m{onClose} style[33m=[39m{s[33m.[39mdrawerDim}[33m/[39m[33m>[39m[33m<[39m[33mAnimated[39m[33m.[39m[33mView[39m style[33m=[39m{[s[33m.[39mchatDrawer[33m,[39m{transform[33m:[39m[{translateX[33m:[39mslide}]}]}[33m>[39m
 [90m 1553 |[39m     [33m<[39m[33mView[39m style[33m=[39m{s[33m.[39mdrawerProfile}[33m>[39m[33m<[39m[33mView[39m style[33m=[39m{s[33m.[39mdrawerAvatar}[33m>[39m[33m<[39m[33mDefaultAvatar[39m size[33m=[39m{[35m72[39m}[35m/><View style={s.editDot}><Ionicons name="pencil" size={12} color="#FFF"/[39m[33m>[39m[33m<[39m[33m/[39m[33mView[39m[33m>[39m[33m<[39m[33m/[39m[33mView[39m[33m>[39m[33m<[39m[33mText[39m style[33m=[39m{s[33m.[39mdrawerProfileName}[33m>[39m한걸음[33m<[39m[33m/[39m[33mText[39m[33m>[39m[33m<[39m[33mText[39m numberOfLines[33m=[39m{[35m2[39m} style[33m=[39m{s[33m.[39mdrawerProfileIntro}[33m>[39m자기 소개가 들어가는 공간입니다[33m.[39m 편안한 대화를 좋아해요[33m.[39m[33m<[39m[33m/[39m[33mText[39m[33m>[39m[33m<[39m[33m/[39m[33mView[39m[33m>[39m
[31m[1m>[22m[39m[90m 1554 |[39m     [33m<[39m[33mView[39m style[33m=[39m{s[33m.[39mchatDrawerMenu}[33m>[39m[33m<[39m[33mDrawerMenu[39m icon[33m=[39m[32m"notifications-outline"[39m title[33m=[39m[32m"알림 설정"[39m trailing[33m=[39m{[33m<[39m[33mSwitch[39m value[33m=[39m{notifications} onValueChange[33m=[39m{setNotifications} trackColor[33m=[39m{{[36mfalse[39m[33m:[39mcolors[33m.[39mgray200[33m,[39m[36mtrue[39m[33m:[39mcolors[33m.[39mmint300}}[35m/>}/[39m[33m>[39m{isStaff[33m&&[39m[33m<[39m[33mDrawerMenu[39m icon[33m=[39m[32m"person-add-outline"[39m title[33m=[39m[32m"가입 신청 목록"[39m onPress[33m=[39m{onApplications}[35m/>}<DrawerMenu icon="people-outline" title="멤버 관리" onPress={onOpenMembers}/[39m[33m>[39m[33m<[39m[33mDrawerMenu[39m icon[33m=[39m[32m"albums-outline"[39m title[33m=[39m[32m"스토리 보기"[39m onPress[33m=[39m{onStories}[35m/>{isOwner&&<DrawerMenu icon="lock-closed-outline" title="방 공개 설정" onPress={onRoomSettings}/[39m[33m>[39m} {isStaff[33m&&[39m[33m<[39m[33mDrawerMenu[39m icon[33m=[39m[32m"ban-outline"[39m title[33m=[39m[32m"차단 멤버 목록"[39m onPress[33m=[39m{onBlocked}[33m/[39m[33m>[39m} {isOwner[33m&&[39m[33m<[39m[33mPressable[39m onPress[33m=[39m{onDelete} style[33m=[39m{s[33m.[39mdeleteRoomLink}[33m>[39m[33m<[39m[33mText[39m style[33m=[39m{s[33m.[39mdeleteRoomText}[33m>[39m방 삭제하기[33m<[39m[33m/[39m[33mText[39m[33m>[39m[33m<[39m[33m/[39m[33mPressable[39m[33m>[39m}[33m<[39m[33m/[39m[33mView[39m[33m>[39m
 [90m      |[39m     [31m[1m^[22m[39m
 [90m 1555 |[39m   [33m<[39m[33m/[39m[33mAnimated[39m[33m.[39m[33mView[39m[33m>[39m[33m<[39m[33m/[39m[33mView[39m[33m>[39m[33m;[39m
 [90m 1556 |[39m }
 [90m 1557 |[39m [36mfunction[39m [33mDrawerMenu[39m({icon[33m,[39mtitle[33m,[39monPress[33m,[39mtrailing}[33m:[39m{icon[33m:[39m[33mIconName[39m[33m;[39mtitle[33m:[39mstring[33m;[39monPress[33m?[39m[33m:[39m()[33m=>[39m[36mvoid[39m[33m;[39mtrailing[33m?[39m[33m:[39m[33mReact[39m[33m.[39m[33mReactNode[39m}){[36mreturn[39m [33m<[39m[33mPressable[39m onPress[33m=[39m{onPress} disabled[33m=[39m{[33m![39monPress[33m&&[39m[33m![39mtrailing} style[33m=[39m{({pressed})[33m=>[39m[s[33m.[39mdrawerMenu[33m,[39mpressed[33m&&[39ms[33m.[39mpressed]}[33m>[39m[33m<[39m[33mIonicons[39m name[33m=[39m{icon} size[33m=[39m{[35m20[39m} color[33m=[39m{colors[33m.[39mtextSubtle}[33m/[39m[33m>[39m[33m<[39m[33mText[39m style[33m=[39m{s[33m.[39mdrawerMenuText}[33m>[39m{title}[33m<[39m[35m/Text>{trailing??<Ionicons name="chevron-forward" size={17} color={colors.gray300}/[39m[33m>[39m}[33m<[39m[33m/[39m[33mPressable[39m[33m>[39m[33m;[39m}[0m
Call Stack
  ChatDrawer (App.tsx:1554:5)
  ChatRoom (App.tsx:1177:5)
  AuthenticatedApp (App.tsx:375:33)
  App (App.tsx:202:10)
Web  ERROR  Unexpected text node:  . A text node cannot be a child of a <View>. 

Code: App.tsx
[0m [90m 1552 |[39m   [36mreturn[39m [33m<[39m[33mView[39m style[33m=[39m{s[33m.[39mdrawerLayer}[33m>[39m[33m<[39m[33mPressable[39m accessibilityLabel[33m=[39m[32m"채팅 메뉴 닫기"[39m onPress[33m=[39m{onClose} style[33m=[39m{s[33m.[39mdrawerDim}[33m/[39m[33m>[39m[33m<[39m[33mAnimated[39m[33m.[39m[33mView[39m style[33m=[39m{[s[33m.[39mchatDrawer[33m,[39m{transform[33m:[39m[{translateX[33m:[39mslide}]}]}[33m>[39m
 [90m 1553 |[39m     [33m<[39m[33mView[39m style[33m=[39m{s[33m.[39mdrawerProfile}[33m>[39m[33m<[39m[33mView[39m style[33m=[39m{s[33m.[39mdrawerAvatar}[33m>[39m[33m<[39m[33mDefaultAvatar[39m size[33m=[39m{[35m72[39m}[35m/><View style={s.editDot}><Ionicons name="pencil" size={12} color="#FFF"/[39m[33m>[39m[33m<[39m[33m/[39m[33mView[39m[33m>[39m[33m<[39m[33m/[39m[33mView[39m[33m>[39m[33m<[39m[33mText[39m style[33m=[39m{s[33m.[39mdrawerProfileName}[33m>[39m한걸음[33m<[39m[33m/[39m[33mText[39m[33m>[39m[33m<[39m[33mText[39m numberOfLines[33m=[39m{[35m2[39m} style[33m=[39m{s[33m.[39mdrawerProfileIntro}[33m>[39m자기 소개가 들어가는 공간입니다[33m.[39m 편안한 대화를 좋아해요[33m.[39m[33m<[39m[33m/[39m[33mText[39m[33m>[39m[33m<[39m[33m/[39m[33mView[39m[33m>[39m
[31m[1m>[22m[39m[90m 1554 |[39m     [33m<[39m[33mView[39m style[33m=[39m{s[33m.[39mchatDrawerMenu}[33m>[39m[33m<[39m[33mDrawerMenu[39m icon[33m=[39m[32m"notifications-outline"[39m title[33m=[39m[32m"알림 설정"[39m trailing[33m=[39m{[33m<[39m[33mSwitch[39m value[33m=[39m{notifications} onValueChange[33m=[39m{setNotifications} trackColor[33m=[39m{{[36mfalse[39m[33m:[39mcolors[33m.[39mgray200[33m,[39m[36mtrue[39m[33m:[39mcolors[33m.[39mmint300}}[35m/>}/[39m[33m>[39m{isStaff[33m&&[39m[33m<[39m[33mDrawerMenu[39m icon[33m=[39m[32m"person-add-outline"[39m title[33m=[39m[32m"가입 신청 목록"[39m onPress[33m=[39m{onApplications}[35m/>}<DrawerMenu icon="people-outline" title="멤버 관리" onPress={onOpenMembers}/[39m[33m>[39m[33m<[39m[33mDrawerMenu[39m icon[33m=[39m[32m"albums-outline"[39m title[33m=[39m[32m"스토리 보기"[39m onPress[33m=[39m{onStories}[35m/>{isOwner&&<DrawerMenu icon="lock-closed-outline" title="방 공개 설정" onPress={onRoomSettings}/[39m[33m>[39m} {isStaff[33m&&[39m[33m<[39m[33mDrawerMenu[39m icon[33m=[39m[32m"ban-outline"[39m title[33m=[39m[32m"차단 멤버 목록"[39m onPress[33m=[39m{onBlocked}[33m/[39m[33m>[39m} {isOwner[33m&&[39m[33m<[39m[33mPressable[39m onPress[33m=[39m{onDelete} style[33m=[39m{s[33m.[39mdeleteRoomLink}[33m>[39m[33m<[39m[33mText[39m style[33m=[39m{s[33m.[39mdeleteRoomText}[33m>[39m방 삭제하기[33m<[39m[33m/[39m[33mText[39m[33m>[39m[33m<[39m[33m/[39m[33mPressable[39m[33m>[39m}[33m<[39m[33m/[39m[33mView[39m[33m>[39m
 [90m      |[39m     [31m[1m^[22m[39m
 [90m 1555 |[39m   [33m<[39m[33m/[39m[33mAnimated[39m[33m.[39m[33mView[39m[33m>[39m[33m<[39m[33m/[39m[33mView[39m[33m>[39m[33m;[39m
 [90m 1556 |[39m }
 [90m 1557 |[39m [36mfunction[39m [33mDrawerMenu[39m({icon[33m,[39mtitle[33m,[39monPress[33m,[39mtrailing}[33m:[39m{icon[33m:[39m[33mIconName[39m[33m;[39mtitle[33m:[39mstring[33m;[39monPress[33m?[39m[33m:[39m()[33m=>[39m[36mvoid[39m[33m;[39mtrailing[33m?[39m[33m:[39m[33mReact[39m[33m.[39m[33mReactNode[39m}){[36mreturn[39m [33m<[39m[33mPressable[39m onPress[33m=[39m{onPress} disabled[33m=[39m{[33m![39monPress[33m&&[39m[33m![39mtrailing} style[33m=[39m{({pressed})[33m=>[39m[s[33m.[39mdrawerMenu[33m,[39mpressed[33m&&[39ms[33m.[39mpressed]}[33m>[39m[33m<[39m[33mIonicons[39m name[33m=[39m{icon} size[33m=[39m{[35m20[39m} color[33m=[39m{colors[33m.[39mtextSubtle}[33m/[39m[33m>[39m[33m<[39m[33mText[39m style[33m=[39m{s[33m.[39mdrawerMenuText}[33m>[39m{title}[33m<[39m[35m/Text>{trailing??<Ionicons name="chevron-forward" size={17} color={colors.gray300}/[39m[33m>[39m}[33m<[39m[33m/[39m[33mPressable[39m[33m>[39m[33m;[39m}[0m
Call Stack
  ChatDrawer (App.tsx:1554:5)
  ChatRoom (App.tsx:1177:5)
  AuthenticatedApp (App.tsx:375:33)
  App (App.tsx:202:10)
Web  ERROR  Unexpected text node:  . A text node cannot be a child of a <View>. 

Code: App.tsx
[0m [90m 1552 |[39m   [36mreturn[39m [33m<[39m[33mView[39m style[33m=[39m{s[33m.[39mdrawerLayer}[33m>[39m[33m<[39m[33mPressable[39m accessibilityLabel[33m=[39m[32m"채팅 메뉴 닫기"[39m onPress[33m=[39m{onClose} style[33m=[39m{s[33m.[39mdrawerDim}[33m/[39m[33m>[39m[33m<[39m[33mAnimated[39m[33m.[39m[33mView[39m style[33m=[39m{[s[33m.[39mchatDrawer[33m,[39m{transform[33m:[39m[{translateX[33m:[39mslide}]}]}[33m>[39m
 [90m 1553 |[39m     [33m<[39m[33mView[39m style[33m=[39m{s[33m.[39mdrawerProfile}[33m>[39m[33m<[39m[33mView[39m style[33m=[39m{s[33m.[39mdrawerAvatar}[33m>[39m[33m<[39m[33mDefaultAvatar[39m size[33m=[39m{[35m72[39m}[35m/><View style={s.editDot}><Ionicons name="pencil" size={12} color="#FFF"/[39m[33m>[39m[33m<[39m[33m/[39m[33mView[39m[33m>[39m[33m<[39m[33m/[39m[33mView[39m[33m>[39m[33m<[39m[33mText[39m style[33m=[39m{s[33m.[39mdrawerProfileName}[33m>[39m한걸음[33m<[39m[33m/[39m[33mText[39m[33m>[39m[33m<[39m[33mText[39m numberOfLines[33m=[39m{[35m2[39m} style[33m=[39m{s[33m.[39mdrawerProfileIntro}[33m>[39m자기 소개가 들어가는 공간입니다[33m.[39m 편안한 대화를 좋아해요[33m.[39m[33m<[39m[33m/[39m[33mText[39m[33m>[39m[33m<[39m[33m/[39m[33mView[39m[33m>[39m
[31m[1m>[22m[39m[90m 1554 |[39m     [33m<[39m[33mView[39m style[33m=[39m{s[33m.[39mchatDrawerMenu}[33m>[39m[33m<[39m[33mDrawerMenu[39m icon[33m=[39m[32m"notifications-outline"[39m title[33m=[39m[32m"알림 설정"[39m trailing[33m=[39m{[33m<[39m[33mSwitch[39m value[33m=[39m{notifications} onValueChange[33m=[39m{setNotifications} trackColor[33m=[39m{{[36mfalse[39m[33m:[39mcolors[33m.[39mgray200[33m,[39m[36mtrue[39m[33m:[39mcolors[33m.[39mmint300}}[35m/>}/[39m[33m>[39m{isStaff[33m&&[39m[33m<[39m[33mDrawerMenu[39m icon[33m=[39m[32m"person-add-outline"[39m title[33m=[39m[32m"가입 신청 목록"[39m onPress[33m=[39m{onApplications}[35m/>}<DrawerMenu icon="people-outline" title="멤버 관리" onPress={onOpenMembers}/[39m[33m>[39m[33m<[39m[33mDrawerMenu[39m icon[33m=[39m[32m"albums-outline"[39m title[33m=[39m[32m"스토리 보기"[39m onPress[33m=[39m{onStories}[35m/>{isOwner&&<DrawerMenu icon="lock-closed-outline" title="방 공개 설정" onPress={onRoomSettings}/[39m[33m>[39m} {isStaff[33m&&[39m[33m<[39m[33mDrawerMenu[39m icon[33m=[39m[32m"ban-outline"[39m title[33m=[39m[32m"차단 멤버 목록"[39m onPress[33m=[39m{onBlocked}[33m/[39m[33m>[39m} {isOwner[33m&&[39m[33m<[39m[33mPressable[39m onPress[33m=[39m{onDelete} style[33m=[39m{s[33m.[39mdeleteRoomLink}[33m>[39m[33m<[39m[33mText[39m style[33m=[39m{s[33m.[39mdeleteRoomText}[33m>[39m방 삭제하기[33m<[39m[33m/[39m[33mText[39m[33m>[39m[33m<[39m[33m/[39m[33mPressable[39m[33m>[39m}[33m<[39m[33m/[39m[33mView[39m[33m>[39m
 [90m      |[39m     [31m[1m^[22m[39m
 [90m 1555 |[39m   [33m<[39m[33m/[39m[33mAnimated[39m[33m.[39m[33mView[39m[33m>[39m[33m<[39m[33m/[39m[33mView[39m[33m>[39m[33m;[39m
 [90m 1556 |[39m }
 [90m 1557 |[39m [36mfunction[39m [33mDrawerMenu[39m({icon[33m,[39mtitle[33m,[39monPress[33m,[39mtrailing}[33m:[39m{icon[33m:[39m[33mIconName[39m[33m;[39mtitle[33m:[39mstring[33m;[39monPress[33m?[39m[33m:[39m()[33m=>[39m[36mvoid[39m[33m;[39mtrailing[33m?[39m[33m:[39m[33mReact[39m[33m.[39m[33mReactNode[39m}){[36mreturn[39m [33m<[39m[33mPressable[39m onPress[33m=[39m{onPress} disabled[33m=[39m{[33m![39monPress[33m&&[39m[33m![39mtrailing} style[33m=[39m{({pressed})[33m=>[39m[s[33m.[39mdrawerMenu[33m,[39mpressed[33m&&[39ms[33m.[39mpressed]}[33m>[39m[33m<[39m[33mIonicons[39m name[33m=[39m{icon} size[33m=[39m{[35m20[39m} color[33m=[39m{colors[33m.[39mtextSubtle}[33m/[39m[33m>[39m[33m<[39m[33mText[39m style[33m=[39m{s[33m.[39mdrawerMenuText}[33m>[39m{title}[33m<[39m[35m/Text>{trailing??<Ionicons name="chevron-forward" size={17} color={colors.gray300}/[39m[33m>[39m}[33m<[39m[33m/[39m[33mPressable[39m[33m>[39m[33m;[39m}[0m
Call Stack
  ChatDrawer (App.tsx:1554:5)
  ChatRoom (App.tsx:1177:5)
  AuthenticatedApp (App.tsx:375:33)
  App (App.tsx:202:10)
Web  ERROR  Unexpected text node:  . A text node cannot be a child of a <View>. 

Code: App.tsx
[0m [90m 1552 |[39m   [36mreturn[39m [33m<[39m[33mView[39m style[33m=[39m{s[33m.[39mdrawerLayer}[33m>[39m[33m<[39m[33mPressable[39m accessibilityLabel[33m=[39m[32m"채팅 메뉴 닫기"[39m onPress[33m=[39m{onClose} style[33m=[39m{s[33m.[39mdrawerDim}[33m/[39m[33m>[39m[33m<[39m[33mAnimated[39m[33m.[39m[33mView[39m style[33m=[39m{[s[33m.[39mchatDrawer[33m,[39m{transform[33m:[39m[{translateX[33m:[39mslide}]}]}[33m>[39m
 [90m 1553 |[39m     [33m<[39m[33mView[39m style[33m=[39m{s[33m.[39mdrawerProfile}[33m>[39m[33m<[39m[33mView[39m style[33m=[39m{s[33m.[39mdrawerAvatar}[33m>[39m[33m<[39m[33mDefaultAvatar[39m size[33m=[39m{[35m72[39m}[35m/><View style={s.editDot}><Ionicons name="pencil" size={12} color="#FFF"/[39m[33m>[39m[33m<[39m[33m/[39m[33mView[39m[33m>[39m[33m<[39m[33m/[39m[33mView[39m[33m>[39m[33m<[39m[33mText[39m style[33m=[39m{s[33m.[39mdrawerProfileName}[33m>[39m한걸음[33m<[39m[33m/[39m[33mText[39m[33m>[39m[33m<[39m[33mText[39m numberOfLines[33m=[39m{[35m2[39m} style[33m=[39m{s[33m.[39mdrawerProfileIntro}[33m>[39m자기 소개가 들어가는 공간입니다[33m.[39m 편안한 대화를 좋아해요[33m.[39m[33m<[39m[33m/[39m[33mText[39m[33m>[39m[33m<[39m[33m/[39m[33mView[39m[33m>[39m
[31m[1m>[22m[39m[90m 1554 |[39m     [33m<[39m[33mView[39m style[33m=[39m{s[33m.[39mchatDrawerMenu}[33m>[39m[33m<[39m[33mDrawerMenu[39m icon[33m=[39m[32m"notifications-outline"[39m title[33m=[39m[32m"알림 설정"[39m trailing[33m=[39m{[33m<[39m[33mSwitch[39m value[33m=[39m{notifications} onValueChange[33m=[39m{setNotifications} trackColor[33m=[39m{{[36mfalse[39m[33m:[39mcolors[33m.[39mgray200[33m,[39m[36mtrue[39m[33m:[39mcolors[33m.[39mmint300}}[35m/>}/[39m[33m>[39m{isStaff[33m&&[39m[33m<[39m[33mDrawerMenu[39m icon[33m=[39m[32m"person-add-outline"[39m title[33m=[39m[32m"가입 신청 목록"[39m onPress[33m=[39m{onApplications}[35m/>}<DrawerMenu icon="people-outline" title="멤버 관리" onPress={onOpenMembers}/[39m[33m>[39m[33m<[39m[33mDrawerMenu[39m icon[33m=[39m[32m"albums-outline"[39m title[33m=[39m[32m"스토리 보기"[39m onPress[33m=[39m{onStories}[35m/>{isOwner&&<DrawerMenu icon="lock-closed-outline" title="방 공개 설정" onPress={onRoomSettings}/[39m[33m>[39m} {isStaff[33m&&[39m[33m<[39m[33mDrawerMenu[39m icon[33m=[39m[32m"ban-outline"[39m title[33m=[39m[32m"차단 멤버 목록"[39m onPress[33m=[39m{onBlocked}[33m/[39m[33m>[39m} {isOwner[33m&&[39m[33m<[39m[33mPressable[39m onPress[33m=[39m{onDelete} style[33m=[39m{s[33m.[39mdeleteRoomLink}[33m>[39m[33m<[39m[33mText[39m style[33m=[39m{s[33m.[39mdeleteRoomText}[33m>[39m방 삭제하기[33m<[39m[33m/[39m[33mText[39m[33m>[39m[33m<[39m[33m/[39m[33mPressable[39m[33m>[39m}[33m<[39m[33m/[39m[33mView[39m[33m>[39m
 [90m      |[39m     [31m[1m^[22m[39m
 [90m 1555 |[39m   [33m<[39m[33m/[39m[33mAnimated[39m[33m.[39m[33mView[39m[33m>[39m[33m<[39m[33m/[39m[33mView[39m[33m>[39m[33m;[39m
 [90m 1556 |[39m }
 [90m 1557 |[39m [36mfunction[39m [33mDrawerMenu[39m({icon[33m,[39mtitle[33m,[39monPress[33m,[39mtrailing}[33m:[39m{icon[33m:[39m[33mIconName[39m[33m;[39mtitle[33m:[39mstring[33m;[39monPress[33m?[39m[33m:[39m()[33m=>[39m[36mvoid[39m[33m;[39mtrailing[33m?[39m[33m:[39m[33mReact[39m[33m.[39m[33mReactNode[39m}){[36mreturn[39m [33m<[39m[33mPressable[39m onPress[33m=[39m{onPress} disabled[33m=[39m{[33m![39monPress[33m&&[39m[33m![39mtrailing} style[33m=[39m{({pressed})[33m=>[39m[s[33m.[39mdrawerMenu[33m,[39mpressed[33m&&[39ms[33m.[39mpressed]}[33m>[39m[33m<[39m[33mIonicons[39m name[33m=[39m{icon} size[33m=[39m{[35m20[39m} color[33m=[39m{colors[33m.[39mtextSubtle}[33m/[39m[33m>[39m[33m<[39m[33mText[39m style[33m=[39m{s[33m.[39mdrawerMenuText}[33m>[39m{title}[33m<[39m[35m/Text>{trailing??<Ionicons name="chevron-forward" size={17} color={colors.gray300}/[39m[33m>[39m}[33m<[39m[33m/[39m[33mPressable[39m[33m>[39m[33m;[39m}[0m
Call Stack
  ChatDrawer (App.tsx:1554:5)
  ChatRoom (App.tsx:1177:5)
  AuthenticatedApp (App.tsx:375:33)
  App (App.tsx:202:10)
Web  ERROR  Unexpected text node:  . A text node cannot be a child of a <View>. 

Code: App.tsx
[0m [90m 1552 |[39m   [36mreturn[39m [33m<[39m[33mView[39m style[33m=[39m{s[33m.[39mdrawerLayer}[33m>[39m[33m<[39m[33mPressable[39m accessibilityLabel[33m=[39m[32m"채팅 메뉴 닫기"[39m onPress[33m=[39m{onClose} style[33m=[39m{s[33m.[39mdrawerDim}[33m/[39m[33m>[39m[33m<[39m[33mAnimated[39m[33m.[39m[33mView[39m style[33m=[39m{[s[33m.[39mchatDrawer[33m,[39m{transform[33m:[39m[{translateX[33m:[39mslide}]}]}[33m>[39m
 [90m 1553 |[39m     [33m<[39m[33mView[39m style[33m=[39m{s[33m.[39mdrawerProfile}[33m>[39m[33m<[39m[33mView[39m style[33m=[39m{s[33m.[39mdrawerAvatar}[33m>[39m[33m<[39m[33mDefaultAvatar[39m size[33m=[39m{[35m72[39m}[35m/><View style={s.editDot}><Ionicons name="pencil" size={12} color="#FFF"/[39m[33m>[39m[33m<[39m[33m/[39m[33mView[39m[33m>[39m[33m<[39m[33m/[39m[33mView[39m[33m>[39m[33m<[39m[33mText[39m style[33m=[39m{s[33m.[39mdrawerProfileName}[33m>[39m한걸음[33m<[39m[33m/[39m[33mText[39m[33m>[39m[33m<[39m[33mText[39m numberOfLines[33m=[39m{[35m2[39m} style[33m=[39m{s[33m.[39mdrawerProfileIntro}[33m>[39m자기 소개가 들어가는 공간입니다[33m.[39m 편안한 대화를 좋아해요[33m.[39m[33m<[39m[33m/[39m[33mText[39m[33m>[39m[33m<[39m[33m/[39m[33mView[39m[33m>[39m
[31m[1m>[22m[39m[90m 1554 |[39m     [33m<[39m[33mView[39m style[33m=[39m{s[33m.[39mchatDrawerMenu}[33m>[39m[33m<[39m[33mDrawerMenu[39m icon[33m=[39m[32m"notifications-outline"[39m title[33m=[39m[32m"알림 설정"[39m trailing[33m=[39m{[33m<[39m[33mSwitch[39m value[33m=[39m{notifications} onValueChange[33m=[39m{setNotifications} trackColor[33m=[39m{{[36mfalse[39m[33m:[39mcolors[33m.[39mgray200[33m,[39m[36mtrue[39m[33m:[39mcolors[33m.[39mmint300}}[35m/>}/[39m[33m>[39m{isStaff[33m&&[39m[33m<[39m[33mDrawerMenu[39m icon[33m=[39m[32m"person-add-outline"[39m title[33m=[39m[32m"가입 신청 목록"[39m onPress[33m=[39m{onApplications}[35m/>}<DrawerMenu icon="people-outline" title="멤버 관리" onPress={onOpenMembers}/[39m[33m>[39m[33m<[39m[33mDrawerMenu[39m icon[33m=[39m[32m"albums-outline"[39m title[33m=[39m[32m"스토리 보기"[39m onPress[33m=[39m{onStories}[35m/>{isOwner&&<DrawerMenu icon="lock-closed-outline" title="방 공개 설정" onPress={onRoomSettings}/[39m[33m>[39m} {isStaff[33m&&[39m[33m<[39m[33mDrawerMenu[39m icon[33m=[39m[32m"ban-outline"[39m title[33m=[39m[32m"차단 멤버 목록"[39m onPress[33m=[39m{onBlocked}[33m/[39m[33m>[39m} {isOwner[33m&&[39m[33m<[39m[33mPressable[39m onPress[33m=[39m{onDelete} style[33m=[39m{s[33m.[39mdeleteRoomLink}[33m>[39m[33m<[39m[33mText[39m style[33m=[39m{s[33m.[39mdeleteRoomText}[33m>[39m방 삭제하기[33m<[39m[33m/[39m[33mText[39m[33m>[39m[33m<[39m[33m/[39m[33mPressable[39m[33m>[39m}[33m<[39m[33m/[39m[33mView[39m[33m>[39m
 [90m      |[39m     [31m[1m^[22m[39m
 [90m 1555 |[39m   [33m<[39m[33m/[39m[33mAnimated[39m[33m.[39m[33mView[39m[33m>[39m[33m<[39m[33m/[39m[33mView[39m[33m>[39m[33m;[39m
 [90m 1556 |[39m }
 [90m 1557 |[39m [36mfunction[39m [33mDrawerMenu[39m({icon[33m,[39mtitle[33m,[39monPress[33m,[39mtrailing}[33m:[39m{icon[33m:[39m[33mIconName[39m[33m;[39mtitle[33m:[39mstring[33m;[39monPress[33m?[39m[33m:[39m()[33m=>[39m[36mvoid[39m[33m;[39mtrailing[33m?[39m[33m:[39m[33mReact[39m[33m.[39m[33mReactNode[39m}){[36mreturn[39m [33m<[39m[33mPressable[39m onPress[33m=[39m{onPress} disabled[33m=[39m{[33m![39monPress[33m&&[39m[33m![39mtrailing} style[33m=[39m{({pressed})[33m=>[39m[s[33m.[39mdrawerMenu[33m,[39mpressed[33m&&[39ms[33m.[39mpressed]}[33m>[39m[33m<[39m[33mIonicons[39m name[33m=[39m{icon} size[33m=[39m{[35m20[39m} color[33m=[39m{colors[33m.[39mtextSubtle}[33m/[39m[33m>[39m[33m<[39m[33mText[39m style[33m=[39m{s[33m.[39mdrawerMenuText}[33m>[39m{title}[33m<[39m[35m/Text>{trailing??<Ionicons name="chevron-forward" size={17} color={colors.gray300}/[39m[33m>[39m}[33m<[39m[33m/[39m[33mPressable[39m[33m>[39m[33m;[39m}[0m
Call Stack
  ChatDrawer (App.tsx:1554:5)
  ChatRoom (App.tsx:1177:5)
  AuthenticatedApp (App.tsx:375:33)
  App (App.tsx:202:10)
Web  ERROR  Unexpected text node:  . A text node cannot be a child of a <View>. 

Code: App.tsx
[0m [90m 1552 |[39m   [36mreturn[39m [33m<[39m[33mView[39m style[33m=[39m{s[33m.[39mdrawerLayer}[33m>[39m[33m<[39m[33mPressable[39m accessibilityLabel[33m=[39m[32m"채팅 메뉴 닫기"[39m onPress[33m=[39m{onClose} style[33m=[39m{s[33m.[39mdrawerDim}[33m/[39m[33m>[39m[33m<[39m[33mAnimated[39m[33m.[39m[33mView[39m style[33m=[39m{[s[33m.[39mchatDrawer[33m,[39m{transform[33m:[39m[{translateX[33m:[39mslide}]}]}[33m>[39m
 [90m 1553 |[39m     [33m<[39m[33mView[39m style[33m=[39m{s[33m.[39mdrawerProfile}[33m>[39m[33m<[39m[33mView[39m style[33m=[39m{s[33m.[39mdrawerAvatar}[33m>[39m[33m<[39m[33mDefaultAvatar[39m size[33m=[39m{[35m72[39m}[35m/><View style={s.editDot}><Ionicons name="pencil" size={12} color="#FFF"/[39m[33m>[39m[33m<[39m[33m/[39m[33mView[39m[33m>[39m[33m<[39m[33m/[39m[33mView[39m[33m>[39m[33m<[39m[33mText[39m style[33m=[39m{s[33m.[39mdrawerProfileName}[33m>[39m한걸음[33m<[39m[33m/[39m[33mText[39m[33m>[39m[33m<[39m[33mText[39m numberOfLines[33m=[39m{[35m2[39m} style[33m=[39m{s[33m.[39mdrawerProfileIntro}[33m>[39m자기 소개가 들어가는 공간입니다[33m.[39m 편안한 대화를 좋아해요[33m.[39m[33m<[39m[33m/[39m[33mText[39m[33m>[39m[33m<[39m[33m/[39m[33mView[39m[33m>[39m
[31m[1m>[22m[39m[90m 1554 |[39m     [33m<[39m[33mView[39m style[33m=[39m{s[33m.[39mchatDrawerMenu}[33m>[39m[33m<[39m[33mDrawerMenu[39m icon[33m=[39m[32m"notifications-outline"[39m title[33m=[39m[32m"알림 설정"[39m trailing[33m=[39m{[33m<[39m[33mSwitch[39m value[33m=[39m{notifications} onValueChange[33m=[39m{setNotifications} trackColor[33m=[39m{{[36mfalse[39m[33m:[39mcolors[33m.[39mgray200[33m,[39m[36mtrue[39m[33m:[39mcolors[33m.[39mmint300}}[35m/>}/[39m[33m>[39m{isStaff[33m&&[39m[33m<[39m[33mDrawerMenu[39m icon[33m=[39m[32m"person-add-outline"[39m title[33m=[39m[32m"가입 신청 목록"[39m onPress[33m=[39m{onApplications}[35m/>}<DrawerMenu icon="people-outline" title="멤버 관리" onPress={onOpenMembers}/[39m[33m>[39m[33m<[39m[33mDrawerMenu[39m icon[33m=[39m[32m"albums-outline"[39m title[33m=[39m[32m"스토리 보기"[39m onPress[33m=[39m{onStories}[35m/>{isOwner&&<DrawerMenu icon="lock-closed-outline" title="방 공개 설정" onPress={onRoomSettings}/[39m[33m>[39m} {isStaff[33m&&[39m[33m<[39m[33mDrawerMenu[39m icon[33m=[39m[32m"ban-outline"[39m title[33m=[39m[32m"차단 멤버 목록"[39m onPress[33m=[39m{onBlocked}[33m/[39m[33m>[39m} {isOwner[33m&&[39m[33m<[39m[33mPressable[39m onPress[33m=[39m{onDelete} style[33m=[39m{s[33m.[39mdeleteRoomLink}[33m>[39m[33m<[39m[33mText[39m style[33m=[39m{s[33m.[39mdeleteRoomText}[33m>[39m방 삭제하기[33m<[39m[33m/[39m[33mText[39m[33m>[39m[33m<[39m[33m/[39m[33mPressable[39m[33m>[39m}[33m<[39m[33m/[39m[33mView[39m[33m>[39m
 [90m      |[39m     [31m[1m^[22m[39m
 [90m 1555 |[39m   [33m<[39m[33m/[39m[33mAnimated[39m[33m.[39m[33mView[39m[33m>[39m[33m<[39m[33m/[39m[33mView[39m[33m>[39m[33m;[39m
 [90m 1556 |[39m }
 [90m 1557 |[39m [36mfunction[39m [33mDrawerMenu[39m({icon[33m,[39mtitle[33m,[39monPress[33m,[39mtrailing}[33m:[39m{icon[33m:[39m[33mIconName[39m[33m;[39mtitle[33m:[39mstring[33m;[39monPress[33m?[39m[33m:[39m()[33m=>[39m[36mvoid[39m[33m;[39mtrailing[33m?[39m[33m:[39m[33mReact[39m[33m.[39m[33mReactNode[39m}){[36mreturn[39m [33m<[39m[33mPressable[39m onPress[33m=[39m{onPress} disabled[33m=[39m{[33m![39monPress[33m&&[39m[33m![39mtrailing} style[33m=[39m{({pressed})[33m=>[39m[s[33m.[39mdrawerMenu[33m,[39mpressed[33m&&[39ms[33m.[39mpressed]}[33m>[39m[33m<[39m[33mIonicons[39m name[33m=[39m{icon} size[33m=[39m{[35m20[39m} color[33m=[39m{colors[33m.[39mtextSubtle}[33m/[39m[33m>[39m[33m<[39m[33mText[39m style[33m=[39m{s[33m.[39mdrawerMenuText}[33m>[39m{title}[33m<[39m[35m/Text>{trailing??<Ionicons name="chevron-forward" size={17} color={colors.gray300}/[39m[33m>[39m}[33m<[39m[33m/[39m[33mPressable[39m[33m>[39m[33m;[39m}[0m
Call Stack
  ChatDrawer (App.tsx:1554:5)
  ChatRoom (App.tsx:1177:5)
  AuthenticatedApp (App.tsx:375:33)
  App (App.tsx:202:10)
Web  ERROR  Unexpected text node:  . A text node cannot be a child of a <View>. 

Code: App.tsx
[0m [90m 1552 |[39m   [36mreturn[39m [33m<[39m[33mView[39m style[33m=[39m{s[33m.[39mdrawerLayer}[33m>[39m[33m<[39m[33mPressable[39m accessibilityLabel[33m=[39m[32m"채팅 메뉴 닫기"[39m onPress[33m=[39m{onClose} style[33m=[39m{s[33m.[39mdrawerDim}[33m/[39m[33m>[39m[33m<[39m[33mAnimated[39m[33m.[39m[33mView[39m style[33m=[39m{[s[33m.[39mchatDrawer[33m,[39m{transform[33m:[39m[{translateX[33m:[39mslide}]}]}[33m>[39m
 [90m 1553 |[39m     [33m<[39m[33mView[39m style[33m=[39m{s[33m.[39mdrawerProfile}[33m>[39m[33m<[39m[33mView[39m style[33m=[39m{s[33m.[39mdrawerAvatar}[33m>[39m[33m<[39m[33mDefaultAvatar[39m size[33m=[39m{[35m72[39m}[35m/><View style={s.editDot}><Ionicons name="pencil" size={12} color="#FFF"/[39m[33m>[39m[33m<[39m[33m/[39m[33mView[39m[33m>[39m[33m<[39m[33m/[39m[33mView[39m[33m>[39m[33m<[39m[33mText[39m style[33m=[39m{s[33m.[39mdrawerProfileName}[33m>[39m한걸음[33m<[39m[33m/[39m[33mText[39m[33m>[39m[33m<[39m[33mText[39m numberOfLines[33m=[39m{[35m2[39m} style[33m=[39m{s[33m.[39mdrawerProfileIntro}[33m>[39m자기 소개가 들어가는 공간입니다[33m.[39m 편안한 대화를 좋아해요[33m.[39m[33m<[39m[33m/[39m[33mText[39m[33m>[39m[33m<[39m[33m/[39m[33mView[39m[33m>[39m
[31m[1m>[22m[39m[90m 1554 |[39m     [33m<[39m[33mView[39m style[33m=[39m{s[33m.[39mchatDrawerMenu}[33m>[39m[33m<[39m[33mDrawerMenu[39m icon[33m=[39m[32m"notifications-outline"[39m title[33m=[39m[32m"알림 설정"[39m trailing[33m=[39m{[33m<[39m[33mSwitch[39m value[33m=[39m{notifications} onValueChange[33m=[39m{setNotifications} trackColor[33m=[39m{{[36mfalse[39m[33m:[39mcolors[33m.[39mgray200[33m,[39m[36mtrue[39m[33m:[39mcolors[33m.[39mmint300}}[35m/>}/[39m[33m>[39m{isStaff[33m&&[39m[33m<[39m[33mDrawerMenu[39m icon[33m=[39m[32m"person-add-outline"[39m title[33m=[39m[32m"가입 신청 목록"[39m onPress[33m=[39m{onApplications}[35m/>}<DrawerMenu icon="people-outline" title="멤버 관리" onPress={onOpenMembers}/[39m[33m>[39m[33m<[39m[33mDrawerMenu[39m icon[33m=[39m[32m"albums-outline"[39m title[33m=[39m[32m"스토리 보기"[39m onPress[33m=[39m{onStories}[35m/>{isOwner&&<DrawerMenu icon="lock-closed-outline" title="방 공개 설정" onPress={onRoomSettings}/[39m[33m>[39m} {isStaff[33m&&[39m[33m<[39m[33mDrawerMenu[39m icon[33m=[39m[32m"ban-outline"[39m title[33m=[39m[32m"차단 멤버 목록"[39m onPress[33m=[39m{onBlocked}[33m/[39m[33m>[39m} {isOwner[33m&&[39m[33m<[39m[33mPressable[39m onPress[33m=[39m{onDelete} style[33m=[39m{s[33m.[39mdeleteRoomLink}[33m>[39m[33m<[39m[33mText[39m style[33m=[39m{s[33m.[39mdeleteRoomText}[33m>[39m방 삭제하기[33m<[39m[33m/[39m[33mText[39m[33m>[39m[33m<[39m[33m/[39m[33mPressable[39m[33m>[39m}[33m<[39m[33m/[39m[33mView[39m[33m>[39m
 [90m      |[39m     [31m[1m^[22m[39m
 [90m 1555 |[39m   [33m<[39m[33m/[39m[33mAnimated[39m[33m.[39m[33mView[39m[33m>[39m[33m<[39m[33m/[39m[33mView[39m[33m>[39m[33m;[39m
 [90m 1556 |[39m }
 [90m 1557 |[39m [36mfunction[39m [33mDrawerMenu[39m({icon[33m,[39mtitle[33m,[39monPress[33m,[39mtrailing}[33m:[39m{icon[33m:[39m[33mIconName[39m[33m;[39mtitle[33m:[39mstring[33m;[39monPress[33m?[39m[33m:[39m()[33m=>[39m[36mvoid[39m[33m;[39mtrailing[33m?[39m[33m:[39m[33mReact[39m[33m.[39m[33mReactNode[39m}){[36mreturn[39m [33m<[39m[33mPressable[39m onPress[33m=[39m{onPress} disabled[33m=[39m{[33m![39monPress[33m&&[39m[33m![39mtrailing} style[33m=[39m{({pressed})[33m=>[39m[s[33m.[39mdrawerMenu[33m,[39mpressed[33m&&[39ms[33m.[39mpressed]}[33m>[39m[33m<[39m[33mIonicons[39m name[33m=[39m{icon} size[33m=[39m{[35m20[39m} color[33m=[39m{colors[33m.[39mtextSubtle}[33m/[39m[33m>[39m[33m<[39m[33mText[39m style[33m=[39m{s[33m.[39mdrawerMenuText}[33m>[39m{title}[33m<[39m[35m/Text>{trailing??<Ionicons name="chevron-forward" size={17} color={colors.gray300}/[39m[33m>[39m}[33m<[39m[33m/[39m[33mPressable[39m[33m>[39m[33m;[39m}[0m
Call Stack
  ChatDrawer (App.tsx:1554:5)
  ChatRoom (App.tsx:1177:5)
  AuthenticatedApp (App.tsx:375:33)
  App (App.tsx:202:10)
Web  ERROR  Unexpected text node:  . A text node cannot be a child of a <View>. 

Code: App.tsx
[0m [90m 1552 |[39m   [36mreturn[39m [33m<[39m[33mView[39m style[33m=[39m{s[33m.[39mdrawerLayer}[33m>[39m[33m<[39m[33mPressable[39m accessibilityLabel[33m=[39m[32m"채팅 메뉴 닫기"[39m onPress[33m=[39m{onClose} style[33m=[39m{s[33m.[39mdrawerDim}[33m/[39m[33m>[39m[33m<[39m[33mAnimated[39m[33m.[39m[33mView[39m style[33m=[39m{[s[33m.[39mchatDrawer[33m,[39m{transform[33m:[39m[{translateX[33m:[39mslide}]}]}[33m>[39m
 [90m 1553 |[39m     [33m<[39m[33mView[39m style[33m=[39m{s[33m.[39mdrawerProfile}[33m>[39m[33m<[39m[33mView[39m style[33m=[39m{s[33m.[39mdrawerAvatar}[33m>[39m[33m<[39m[33mDefaultAvatar[39m size[33m=[39m{[35m72[39m}[35m/><View style={s.editDot}><Ionicons name="pencil" size={12} color="#FFF"/[39m[33m>[39m[33m<[39m[33m/[39m[33mView[39m[33m>[39m[33m<[39m[33m/[39m[33mView[39m[33m>[39m[33m<[39m[33mText[39m style[33m=[39m{s[33m.[39mdrawerProfileName}[33m>[39m한걸음[33m<[39m[33m/[39m[33mText[39m[33m>[39m[33m<[39m[33mText[39m numberOfLines[33m=[39m{[35m2[39m} style[33m=[39m{s[33m.[39mdrawerProfileIntro}[33m>[39m자기 소개가 들어가는 공간입니다[33m.[39m 편안한 대화를 좋아해요[33m.[39m[33m<[39m[33m/[39m[33mText[39m[33m>[39m[33m<[39m[33m/[39m[33mView[39m[33m>[39m
[31m[1m>[22m[39m[90m 1554 |[39m     [33m<[39m[33mView[39m style[33m=[39m{s[33m.[39mchatDrawerMenu}[33m>[39m[33m<[39m[33mDrawerMenu[39m icon[33m=[39m[32m"notifications-outline"[39m title[33m=[39m[32m"알림 설정"[39m trailing[33m=[39m{[33m<[39m[33mSwitch[39m value[33m=[39m{notifications} onValueChange[33m=[39m{setNotifications} trackColor[33m=[39m{{[36mfalse[39m[33m:[39mcolors[33m.[39mgray200[33m,[39m[36mtrue[39m[33m:[39mcolors[33m.[39mmint300}}[35m/>}/[39m[33m>[39m{isStaff[33m&&[39m[33m<[39m[33mDrawerMenu[39m icon[33m=[39m[32m"person-add-outline"[39m title[33m=[39m[32m"가입 신청 목록"[39m onPress[33m=[39m{onApplications}[35m/>}<DrawerMenu icon="people-outline" title="멤버 관리" onPress={onOpenMembers}/[39m[33m>[39m[33m<[39m[33mDrawerMenu[39m icon[33m=[39m[32m"albums-outline"[39m title[33m=[39m[32m"스토리 보기"[39m onPress[33m=[39m{onStories}[35m/>{isOwner&&<DrawerMenu icon="lock-closed-outline" title="방 공개 설정" onPress={onRoomSettings}/[39m[33m>[39m} {isStaff[33m&&[39m[33m<[39m[33mDrawerMenu[39m icon[33m=[39m[32m"ban-outline"[39m title[33m=[39m[32m"차단 멤버 목록"[39m onPress[33m=[39m{onBlocked}[33m/[39m[33m>[39m} {isOwner[33m&&[39m[33m<[39m[33mPressable[39m onPress[33m=[39m{onDelete} style[33m=[39m{s[33m.[39mdeleteRoomLink}[33m>[39m[33m<[39m[33mText[39m style[33m=[39m{s[33m.[39mdeleteRoomText}[33m>[39m방 삭제하기[33m<[39m[33m/[39m[33mText[39m[33m>[39m[33m<[39m[33m/[39m[33mPressable[39m[33m>[39m}[33m<[39m[33m/[39m[33mView[39m[33m>[39m
 [90m      |[39m     [31m[1m^[22m[39m
 [90m 1555 |[39m   [33m<[39m[33m/[39m[33mAnimated[39m[33m.[39m[33mView[39m[33m>[39m[33m<[39m[33m/[39m[33mView[39m[33m>[39m[33m;[39m
 [90m 1556 |[39m }
 [90m 1557 |[39m [36mfunction[39m [33mDrawerMenu[39m({icon[33m,[39mtitle[33m,[39monPress[33m,[39mtrailing}[33m:[39m{icon[33m:[39m[33mIconName[39m[33m;[39mtitle[33m:[39mstring[33m;[39monPress[33m?[39m[33m:[39m()[33m=>[39m[36mvoid[39m[33m;[39mtrailing[33m?[39m[33m:[39m[33mReact[39m[33m.[39m[33mReactNode[39m}){[36mreturn[39m [33m<[39m[33mPressable[39m onPress[33m=[39m{onPress} disabled[33m=[39m{[33m![39monPress[33m&&[39m[33m![39mtrailing} style[33m=[39m{({pressed})[33m=>[39m[s[33m.[39mdrawerMenu[33m,[39mpressed[33m&&[39ms[33m.[39mpressed]}[33m>[39m[33m<[39m[33mIonicons[39m name[33m=[39m{icon} size[33m=[39m{[35m20[39m} color[33m=[39m{colors[33m.[39mtextSubtle}[33m/[39m[33m>[39m[33m<[39m[33mText[39m style[33m=[39m{s[33m.[39mdrawerMenuText}[33m>[39m{title}[33m<[39m[35m/Text>{trailing??<Ionicons name="chevron-forward" size={17} color={colors.gray300}/[39m[33m>[39m}[33m<[39m[33m/[39m[33mPressable[39m[33m>[39m[33m;[39m}[0m
Call Stack
  ChatDrawer (App.tsx:1554:5)
  ChatRoom (App.tsx:1177:5)
  AuthenticatedApp (App.tsx:375:33)
  App (App.tsx:202:10)
Web  ERROR  Unexpected text node:  . A text node cannot be a child of a <View>. 

Code: App.tsx
[0m [90m 1552 |[39m   [36mreturn[39m [33m<[39m[33mView[39m style[33m=[39m{s[33m.[39mdrawerLayer}[33m>[39m[33m<[39m[33mPressable[39m accessibilityLabel[33m=[39m[32m"채팅 메뉴 닫기"[39m onPress[33m=[39m{onClose} style[33m=[39m{s[33m.[39mdrawerDim}[33m/[39m[33m>[39m[33m<[39m[33mAnimated[39m[33m.[39m[33mView[39m style[33m=[39m{[s[33m.[39mchatDrawer[33m,[39m{transform[33m:[39m[{translateX[33m:[39mslide}]}]}[33m>[39m
 [90m 1553 |[39m     [33m<[39m[33mView[39m style[33m=[39m{s[33m.[39mdrawerProfile}[33m>[39m[33m<[39m[33mView[39m style[33m=[39m{s[33m.[39mdrawerAvatar}[33m>[39m[33m<[39m[33mDefaultAvatar[39m size[33m=[39m{[35m72[39m}[35m/><View style={s.editDot}><Ionicons name="pencil" size={12} color="#FFF"/[39m[33m>[39m[33m<[39m[33m/[39m[33mView[39m[33m>[39m[33m<[39m[33m/[39m[33mView[39m[33m>[39m[33m<[39m[33mText[39m style[33m=[39m{s[33m.[39mdrawerProfileName}[33m>[39m한걸음[33m<[39m[33m/[39m[33mText[39m[33m>[39m[33m<[39m[33mText[39m numberOfLines[33m=[39m{[35m2[39m} style[33m=[39m{s[33m.[39mdrawerProfileIntro}[33m>[39m자기 소개가 들어가는 공간입니다[33m.[39m 편안한 대화를 좋아해요[33m.[39m[33m<[39m[33m/[39m[33mText[39m[33m>[39m[33m<[39m[33m/[39m[33mView[39m[33m>[39m
[31m[1m>[22m[39m[90m 1554 |[39m     [33m<[39m[33mView[39m style[33m=[39m{s[33m.[39mchatDrawerMenu}[33m>[39m[33m<[39m[33mDrawerMenu[39m icon[33m=[39m[32m"notifications-outline"[39m title[33m=[39m[32m"알림 설정"[39m trailing[33m=[39m{[33m<[39m[33mSwitch[39m value[33m=[39m{notifications} onValueChange[33m=[39m{setNotifications} trackColor[33m=[39m{{[36mfalse[39m[33m:[39mcolors[33m.[39mgray200[33m,[39m[36mtrue[39m[33m:[39mcolors[33m.[39mmint300}}[35m/>}/[39m[33m>[39m{isStaff[33m&&[39m[33m<[39m[33mDrawerMenu[39m icon[33m=[39m[32m"person-add-outline"[39m title[33m=[39m[32m"가입 신청 목록"[39m onPress[33m=[39m{onApplications}[35m/>}<DrawerMenu icon="people-outline" title="멤버 관리" onPress={onOpenMembers}/[39m[33m>[39m[33m<[39m[33mDrawerMenu[39m icon[33m=[39m[32m"albums-outline"[39m title[33m=[39m[32m"스토리 보기"[39m onPress[33m=[39m{onStories}[35m/>{isOwner&&<DrawerMenu icon="lock-closed-outline" title="방 공개 설정" onPress={onRoomSettings}/[39m[33m>[39m} {isStaff[33m&&[39m[33m<[39m[33mDrawerMenu[39m icon[33m=[39m[32m"ban-outline"[39m title[33m=[39m[32m"차단 멤버 목록"[39m onPress[33m=[39m{onBlocked}[33m/[39m[33m>[39m} {isOwner[33m&&[39m[33m<[39m[33mPressable[39m onPress[33m=[39m{onDelete} style[33m=[39m{s[33m.[39mdeleteRoomLink}[33m>[39m[33m<[39m[33mText[39m style[33m=[39m{s[33m.[39mdeleteRoomText}[33m>[39m방 삭제하기[33m<[39m[33m/[39m[33mText[39m[33m>[39m[33m<[39m[33m/[39m[33mPressable[39m[33m>[39m}[33m<[39m[33m/[39m[33mView[39m[33m>[39m
 [90m      |[39m     [31m[1m^[22m[39m
 [90m 1555 |[39m   [33m<[39m[33m/[39m[33mAnimated[39m[33m.[39m[33mView[39m[33m>[39m[33m<[39m[33m/[39m[33mView[39m[33m>[39m[33m;[39m
 [90m 1556 |[39m }
 [90m 1557 |[39m [36mfunction[39m [33mDrawerMenu[39m({icon[33m,[39mtitle[33m,[39monPress[33m,[39mtrailing}[33m:[39m{icon[33m:[39m[33mIconName[39m[33m;[39mtitle[33m:[39mstring[33m;[39monPress[33m?[39m[33m:[39m()[33m=>[39m[36mvoid[39m[33m;[39mtrailing[33m?[39m[33m:[39m[33mReact[39m[33m.[39m[33mReactNode[39m}){[36mreturn[39m [33m<[39m[33mPressable[39m onPress[33m=[39m{onPress} disabled[33m=[39m{[33m![39monPress[33m&&[39m[33m![39mtrailing} style[33m=[39m{({pressed})[33m=>[39m[s[33m.[39mdrawerMenu[33m,[39mpressed[33m&&[39ms[33m.[39mpressed]}[33m>[39m[33m<[39m[33mIonicons[39m name[33m=[39m{icon} size[33m=[39m{[35m20[39m} color[33m=[39m{colors[33m.[39mtextSubtle}[33m/[39m[33m>[39m[33m<[39m[33mText[39m style[33m=[39m{s[33m.[39mdrawerMenuText}[33m>[39m{title}[33m<[39m[35m/Text>{trailing??<Ionicons name="chevron-forward" size={17} color={colors.gray300}/[39m[33m>[39m}[33m<[39m[33m/[39m[33mPressable[39m[33m>[39m[33m;[39m}[0m
Call Stack
  ChatDrawer (App.tsx:1554:5)
  ChatRoom (App.tsx:1177:5)
  AuthenticatedApp (App.tsx:375:33)
  App (App.tsx:202:10)
Web  ERROR  Unexpected text node:  . A text node cannot be a child of a <View>. 

Code: App.tsx
[0m [90m 1552 |[39m   [36mreturn[39m [33m<[39m[33mView[39m style[33m=[39m{s[33m.[39mdrawerLayer}[33m>[39m[33m<[39m[33mPressable[39m accessibilityLabel[33m=[39m[32m"채팅 메뉴 닫기"[39m onPress[33m=[39m{onClose} style[33m=[39m{s[33m.[39mdrawerDim}[33m/[39m[33m>[39m[33m<[39m[33mAnimated[39m[33m.[39m[33mView[39m style[33m=[39m{[s[33m.[39mchatDrawer[33m,[39m{transform[33m:[39m[{translateX[33m:[39mslide}]}]}[33m>[39m
 [90m 1553 |[39m     [33m<[39m[33mView[39m style[33m=[39m{s[33m.[39mdrawerProfile}[33m>[39m[33m<[39m[33mView[39m style[33m=[39m{s[33m.[39mdrawerAvatar}[33m>[39m[33m<[39m[33mDefaultAvatar[39m size[33m=[39m{[35m72[39m}[35m/><View style={s.editDot}><Ionicons name="pencil" size={12} color="#FFF"/[39m[33m>[39m[33m<[39m[33m/[39m[33mView[39m[33m>[39m[33m<[39m[33m/[39m[33mView[39m[33m>[39m[33m<[39m[33mText[39m style[33m=[39m{s[33m.[39mdrawerProfileName}[33m>[39m한걸음[33m<[39m[33m/[39m[33mText[39m[33m>[39m[33m<[39m[33mText[39m numberOfLines[33m=[39m{[35m2[39m} style[33m=[39m{s[33m.[39mdrawerProfileIntro}[33m>[39m자기 소개가 들어가는 공간입니다[33m.[39m 편안한 대화를 좋아해요[33m.[39m[33m<[39m[33m/[39m[33mText[39m[33m>[39m[33m<[39m[33m/[39m[33mView[39m[33m>[39m
[31m[1m>[22m[39m[90m 1554 |[39m     [33m<[39m[33mView[39m style[33m=[39m{s[33m.[39mchatDrawerMenu}[33m>[39m[33m<[39m[33mDrawerMenu[39m icon[33m=[39m[32m"notifications-outline"[39m title[33m=[39m[32m"알림 설정"[39m trailing[33m=[39m{[33m<[39m[33mSwitch[39m value[33m=[39m{notifications} onValueChange[33m=[39m{setNotifications} trackColor[33m=[39m{{[36mfalse[39m[33m:[39mcolors[33m.[39mgray200[33m,[39m[36mtrue[39m[33m:[39mcolors[33m.[39mmint300}}[35m/>}/[39m[33m>[39m{isStaff[33m&&[39m[33m<[39m[33mDrawerMenu[39m icon[33m=[39m[32m"person-add-outline"[39m title[33m=[39m[32m"가입 신청 목록"[39m onPress[33m=[39m{onApplications}[35m/>}<DrawerMenu icon="people-outline" title="멤버 관리" onPress={onOpenMembers}/[39m[33m>[39m[33m<[39m[33mDrawerMenu[39m icon[33m=[39m[32m"albums-outline"[39m title[33m=[39m[32m"스토리 보기"[39m onPress[33m=[39m{onStories}[35m/>{isOwner&&<DrawerMenu icon="lock-closed-outline" title="방 공개 설정" onPress={onRoomSettings}/[39m[33m>[39m} {isStaff[33m&&[39m[33m<[39m[33mDrawerMenu[39m icon[33m=[39m[32m"ban-outline"[39m title[33m=[39m[32m"차단 멤버 목록"[39m onPress[33m=[39m{onBlocked}[33m/[39m[33m>[39m} {isOwner[33m&&[39m[33m<[39m[33mPressable[39m onPress[33m=[39m{onDelete} style[33m=[39m{s[33m.[39mdeleteRoomLink}[33m>[39m[33m<[39m[33mText[39m style[33m=[39m{s[33m.[39mdeleteRoomText}[33m>[39m방 삭제하기[33m<[39m[33m/[39m[33mText[39m[33m>[39m[33m<[39m[33m/[39m[33mPressable[39m[33m>[39m}[33m<[39m[33m/[39m[33mView[39m[33m>[39m
 [90m      |[39m     [31m[1m^[22m[39m
 [90m 1555 |[39m   [33m<[39m[33m/[39m[33mAnimated[39m[33m.[39m[33mView[39m[33m>[39m[33m<[39m[33m/[39m[33mView[39m[33m>[39m[33m;[39m
 [90m 1556 |[39m }
 [90m 1557 |[39m [36mfunction[39m [33mDrawerMenu[39m({icon[33m,[39mtitle[33m,[39monPress[33m,[39mtrailing}[33m:[39m{icon[33m:[39m[33mIconName[39m[33m;[39mtitle[33m:[39mstring[33m;[39monPress[33m?[39m[33m:[39m()[33m=>[39m[36mvoid[39m[33m;[39mtrailing[33m?[39m[33m:[39m[33mReact[39m[33m.[39m[33mReactNode[39m}){[36mreturn[39m [33m<[39m[33mPressable[39m onPress[33m=[39m{onPress} disabled[33m=[39m{[33m![39monPress[33m&&[39m[33m![39mtrailing} style[33m=[39m{({pressed})[33m=>[39m[s[33m.[39mdrawerMenu[33m,[39mpressed[33m&&[39ms[33m.[39mpressed]}[33m>[39m[33m<[39m[33mIonicons[39m name[33m=[39m{icon} size[33m=[39m{[35m20[39m} color[33m=[39m{colors[33m.[39mtextSubtle}[33m/[39m[33m>[39m[33m<[39m[33mText[39m style[33m=[39m{s[33m.[39mdrawerMenuText}[33m>[39m{title}[33m<[39m[35m/Text>{trailing??<Ionicons name="chevron-forward" size={17} color={colors.gray300}/[39m[33m>[39m}[33m<[39m[33m/[39m[33mPressable[39m[33m>[39m[33m;[39m}[0m
Call Stack
  ChatDrawer (App.tsx:1554:5)
  ChatRoom (App.tsx:1177:5)
  AuthenticatedApp (App.tsx:375:33)
  App (App.tsx:202:10)
Web  ERROR  Unexpected text node:  . A text node cannot be a child of a <View>. 

Code: App.tsx
[0m [90m 1552 |[39m   [36mreturn[39m [33m<[39m[33mView[39m style[33m=[39m{s[33m.[39mdrawerLayer}[33m>[39m[33m<[39m[33mPressable[39m accessibilityLabel[33m=[39m[32m"채팅 메뉴 닫기"[39m onPress[33m=[39m{onClose} style[33m=[39m{s[33m.[39mdrawerDim}[33m/[39m[33m>[39m[33m<[39m[33mAnimated[39m[33m.[39m[33mView[39m style[33m=[39m{[s[33m.[39mchatDrawer[33m,[39m{transform[33m:[39m[{translateX[33m:[39mslide}]}]}[33m>[39m
 [90m 1553 |[39m     [33m<[39m[33mView[39m style[33m=[39m{s[33m.[39mdrawerProfile}[33m>[39m[33m<[39m[33mView[39m style[33m=[39m{s[33m.[39mdrawerAvatar}[33m>[39m[33m<[39m[33mDefaultAvatar[39m size[33m=[39m{[35m72[39m}[35m/><View style={s.editDot}><Ionicons name="pencil" size={12} color="#FFF"/[39m[33m>[39m[33m<[39m[33m/[39m[33mView[39m[33m>[39m[33m<[39m[33m/[39m[33mView[39m[33m>[39m[33m<[39m[33mText[39m style[33m=[39m{s[33m.[39mdrawerProfileName}[33m>[39m한걸음[33m<[39m[33m/[39m[33mText[39m[33m>[39m[33m<[39m[33mText[39m numberOfLines[33m=[39m{[35m2[39m} style[33m=[39m{s[33m.[39mdrawerProfileIntro}[33m>[39m자기 소개가 들어가는 공간입니다[33m.[39m 편안한 대화를 좋아해요[33m.[39m[33m<[39m[33m/[39m[33mText[39m[33m>[39m[33m<[39m[33m/[39m[33mView[39m[33m>[39m
[31m[1m>[22m[39m[90m 1554 |[39m     [33m<[39m[33mView[39m style[33m=[39m{s[33m.[39mchatDrawerMenu}[33m>[39m[33m<[39m[33mDrawerMenu[39m icon[33m=[39m[32m"notifications-outline"[39m title[33m=[39m[32m"알림 설정"[39m trailing[33m=[39m{[33m<[39m[33mSwitch[39m value[33m=[39m{notifications} onValueChange[33m=[39m{setNotifications} trackColor[33m=[39m{{[36mfalse[39m[33m:[39mcolors[33m.[39mgray200[33m,[39m[36mtrue[39m[33m:[39mcolors[33m.[39mmint300}}[35m/>}/[39m[33m>[39m{isStaff[33m&&[39m[33m<[39m[33mDrawerMenu[39m icon[33m=[39m[32m"person-add-outline"[39m title[33m=[39m[32m"가입 신청 목록"[39m onPress[33m=[39m{onApplications}[35m/>}<DrawerMenu icon="people-outline" title="멤버 관리" onPress={onOpenMembers}/[39m[33m>[39m[33m<[39m[33mDrawerMenu[39m icon[33m=[39m[32m"albums-outline"[39m title[33m=[39m[32m"스토리 보기"[39m onPress[33m=[39m{onStories}[35m/>{isOwner&&<DrawerMenu icon="lock-closed-outline" title="방 공개 설정" onPress={onRoomSettings}/[39m[33m>[39m} {isStaff[33m&&[39m[33m<[39m[33mDrawerMenu[39m icon[33m=[39m[32m"ban-outline"[39m title[33m=[39m[32m"차단 멤버 목록"[39m onPress[33m=[39m{onBlocked}[33m/[39m[33m>[39m} {isOwner[33m&&[39m[33m<[39m[33mPressable[39m onPress[33m=[39m{onDelete} style[33m=[39m{s[33m.[39mdeleteRoomLink}[33m>[39m[33m<[39m[33mText[39m style[33m=[39m{s[33m.[39mdeleteRoomText}[33m>[39m방 삭제하기[33m<[39m[33m/[39m[33mText[39m[33m>[39m[33m<[39m[33m/[39m[33mPressable[39m[33m>[39m}[33m<[39m[33m/[39m[33mView[39m[33m>[39m
 [90m      |[39m     [31m[1m^[22m[39m
 [90m 1555 |[39m   [33m<[39m[33m/[39m[33mAnimated[39m[33m.[39m[33mView[39m[33m>[39m[33m<[39m[33m/[39m[33mView[39m[33m>[39m[33m;[39m
 [90m 1556 |[39m }
 [90m 1557 |[39m [36mfunction[39m [33mDrawerMenu[39m({icon[33m,[39mtitle[33m,[39monPress[33m,[39mtrailing}[33m:[39m{icon[33m:[39m[33mIconName[39m[33m;[39mtitle[33m:[39mstring[33m;[39monPress[33m?[39m[33m:[39m()[33m=>[39m[36mvoid[39m[33m;[39mtrailing[33m?[39m[33m:[39m[33mReact[39m[33m.[39m[33mReactNode[39m}){[36mreturn[39m [33m<[39m[33mPressable[39m onPress[33m=[39m{onPress} disabled[33m=[39m{[33m![39monPress[33m&&[39m[33m![39mtrailing} style[33m=[39m{({pressed})[33m=>[39m[s[33m.[39mdrawerMenu[33m,[39mpressed[33m&&[39ms[33m.[39mpressed]}[33m>[39m[33m<[39m[33mIonicons[39m name[33m=[39m{icon} size[33m=[39m{[35m20[39m} color[33m=[39m{colors[33m.[39mtextSubtle}[33m/[39m[33m>[39m[33m<[39m[33mText[39m style[33m=[39m{s[33m.[39mdrawerMenuText}[33m>[39m{title}[33m<[39m[35m/Text>{trailing??<Ionicons name="chevron-forward" size={17} color={colors.gray300}/[39m[33m>[39m}[33m<[39m[33m/[39m[33mPressable[39m[33m>[39m[33m;[39m}[0m
Call Stack
  ChatDrawer (App.tsx:1554:5)
  ChatRoom (App.tsx:1177:5)
  AuthenticatedApp (App.tsx:375:33)
  App (App.tsx:202:10)
Web  ERROR  Unexpected text node:  . A text node cannot be a child of a <View>. 

Code: App.tsx
[0m [90m 1552 |[39m   [36mreturn[39m [33m<[39m[33mView[39m style[33m=[39m{s[33m.[39mdrawerLayer}[33m>[39m[33m<[39m[33mPressable[39m accessibilityLabel[33m=[39m[32m"채팅 메뉴 닫기"[39m onPress[33m=[39m{onClose} style[33m=[39m{s[33m.[39mdrawerDim}[33m/[39m[33m>[39m[33m<[39m[33mAnimated[39m[33m.[39m[33mView[39m style[33m=[39m{[s[33m.[39mchatDrawer[33m,[39m{transform[33m:[39m[{translateX[33m:[39mslide}]}]}[33m>[39m
 [90m 1553 |[39m     [33m<[39m[33mView[39m style[33m=[39m{s[33m.[39mdrawerProfile}[33m>[39m[33m<[39m[33mView[39m style[33m=[39m{s[33m.[39mdrawerAvatar}[33m>[39m[33m<[39m[33mDefaultAvatar[39m size[33m=[39m{[35m72[39m}[35m/><View style={s.editDot}><Ionicons name="pencil" size={12} color="#FFF"/[39m[33m>[39m[33m<[39m[33m/[39m[33mView[39m[33m>[39m[33m<[39m[33m/[39m[33mView[39m[33m>[39m[33m<[39m[33mText[39m style[33m=[39m{s[33m.[39mdrawerProfileName}[33m>[39m한걸음[33m<[39m[33m/[39m[33mText[39m[33m>[39m[33m<[39m[33mText[39m numberOfLines[33m=[39m{[35m2[39m} style[33m=[39m{s[33m.[39mdrawerProfileIntro}[33m>[39m자기 소개가 들어가는 공간입니다[33m.[39m 편안한 대화를 좋아해요[33m.[39m[33m<[39m[33m/[39m[33mText[39m[33m>[39m[33m<[39m[33m/[39m[33mView[39m[33m>[39m
[31m[1m>[22m[39m[90m 1554 |[39m     [33m<[39m[33mView[39m style[33m=[39m{s[33m.[39mchatDrawerMenu}[33m>[39m[33m<[39m[33mDrawerMenu[39m icon[33m=[39m[32m"notifications-outline"[39m title[33m=[39m[32m"알림 설정"[39m trailing[33m=[39m{[33m<[39m[33mSwitch[39m value[33m=[39m{notifications} onValueChange[33m=[39m{setNotifications} trackColor[33m=[39m{{[36mfalse[39m[33m:[39mcolors[33m.[39mgray200[33m,[39m[36mtrue[39m[33m:[39mcolors[33m.[39mmint300}}[35m/>}/[39m[33m>[39m{isStaff[33m&&[39m[33m<[39m[33mDrawerMenu[39m icon[33m=[39m[32m"person-add-outline"[39m title[33m=[39m[32m"가입 신청 목록"[39m onPress[33m=[39m{onApplications}[35m/>}<DrawerMenu icon="people-outline" title="멤버 관리" onPress={onOpenMembers}/[39m[33m>[39m[33m<[39m[33mDrawerMenu[39m icon[33m=[39m[32m"albums-outline"[39m title[33m=[39m[32m"스토리 보기"[39m onPress[33m=[39m{onStories}[35m/>{isOwner&&<DrawerMenu icon="lock-closed-outline" title="방 공개 설정" onPress={onRoomSettings}/[39m[33m>[39m} {isStaff[33m&&[39m[33m<[39m[33mDrawerMenu[39m icon[33m=[39m[32m"ban-outline"[39m title[33m=[39m[32m"차단 멤버 목록"[39m onPress[33m=[39m{onBlocked}[33m/[39m[33m>[39m} {isOwner[33m&&[39m[33m<[39m[33mPressable[39m onPress[33m=[39m{onDelete} style[33m=[39m{s[33m.[39mdeleteRoomLink}[33m>[39m[33m<[39m[33mText[39m style[33m=[39m{s[33m.[39mdeleteRoomText}[33m>[39m방 삭제하기[33m<[39m[33m/[39m[33mText[39m[33m>[39m[33m<[39m[33m/[39m[33mPressable[39m[33m>[39m}[33m<[39m[33m/[39m[33mView[39m[33m>[39m
 [90m      |[39m     [31m[1m^[22m[39m
 [90m 1555 |[39m   [33m<[39m[33m/[39m[33mAnimated[39m[33m.[39m[33mView[39m[33m>[39m[33m<[39m[33m/[39m[33mView[39m[33m>[39m[33m;[39m
 [90m 1556 |[39m }
 [90m 1557 |[39m [36mfunction[39m [33mDrawerMenu[39m({icon[33m,[39mtitle[33m,[39monPress[33m,[39mtrailing}[33m:[39m{icon[33m:[39m[33mIconName[39m[33m;[39mtitle[33m:[39mstring[33m;[39monPress[33m?[39m[33m:[39m()[33m=>[39m[36mvoid[39m[33m;[39mtrailing[33m?[39m[33m:[39m[33mReact[39m[33m.[39m[33mReactNode[39m}){[36mreturn[39m [33m<[39m[33mPressable[39m onPress[33m=[39m{onPress} disabled[33m=[39m{[33m![39monPress[33m&&[39m[33m![39mtrailing} style[33m=[39m{({pressed})[33m=>[39m[s[33m.[39mdrawerMenu[33m,[39mpressed[33m&&[39ms[33m.[39mpressed]}[33m>[39m[33m<[39m[33mIonicons[39m name[33m=[39m{icon} size[33m=[39m{[35m20[39m} color[33m=[39m{colors[33m.[39mtextSubtle}[33m/[39m[33m>[39m[33m<[39m[33mText[39m style[33m=[39m{s[33m.[39mdrawerMenuText}[33m>[39m{title}[33m<[39m[35m/Text>{trailing??<Ionicons name="chevron-forward" size={17} color={colors.gray300}/[39m[33m>[39m}[33m<[39m[33m/[39m[33mPressable[39m[33m>[39m[33m;[39m}[0m
Call Stack
  ChatDrawer (App.tsx:1554:5)
  ChatRoom (App.tsx:1177:5)
  AuthenticatedApp (App.tsx:375:33)
  App (App.tsx:202:10)
Web  ERROR  Unexpected text node:  . A text node cannot be a child of a <View>. 

Code: App.tsx
[0m [90m 1552 |[39m   [36mreturn[39m [33m<[39m[33mView[39m style[33m=[39m{s[33m.[39mdrawerLayer}[33m>[39m[33m<[39m[33mPressable[39m accessibilityLabel[33m=[39m[32m"채팅 메뉴 닫기"[39m onPress[33m=[39m{onClose} style[33m=[39m{s[33m.[39mdrawerDim}[33m/[39m[33m>[39m[33m<[39m[33mAnimated[39m[33m.[39m[33mView[39m style[33m=[39m{[s[33m.[39mchatDrawer[33m,[39m{transform[33m:[39m[{translateX[33m:[39mslide}]}]}[33m>[39m
 [90m 1553 |[39m     [33m<[39m[33mView[39m style[33m=[39m{s[33m.[39mdrawerProfile}[33m>[39m[33m<[39m[33mView[39m style[33m=[39m{s[33m.[39mdrawerAvatar}[33m>[39m[33m<[39m[33mDefaultAvatar[39m size[33m=[39m{[35m72[39m}[35m/><View style={s.editDot}><Ionicons name="pencil" size={12} color="#FFF"/[39m[33m>[39m[33m<[39m[33m/[39m[33mView[39m[33m>[39m[33m<[39m[33m/[39m[33mView[39m[33m>[39m[33m<[39m[33mText[39m style[33m=[39m{s[33m.[39mdrawerProfileName}[33m>[39m한걸음[33m<[39m[33m/[39m[33mText[39m[33m>[39m[33m<[39m[33mText[39m numberOfLines[33m=[39m{[35m2[39m} style[33m=[39m{s[33m.[39mdrawerProfileIntro}[33m>[39m자기 소개가 들어가는 공간입니다[33m.[39m 편안한 대화를 좋아해요[33m.[39m[33m<[39m[33m/[39m[33mText[39m[33m>[39m[33m<[39m[33m/[39m[33mView[39m[33m>[39m
[31m[1m>[22m[39m[90m 1554 |[39m     [33m<[39m[33mView[39m style[33m=[39m{s[33m.[39mchatDrawerMenu}[33m>[39m[33m<[39m[33mDrawerMenu[39m icon[33m=[39m[32m"notifications-outline"[39m title[33m=[39m[32m"알림 설정"[39m trailing[33m=[39m{[33m<[39m[33mSwitch[39m value[33m=[39m{notifications} onValueChange[33m=[39m{setNotifications} trackColor[33m=[39m{{[36mfalse[39m[33m:[39mcolors[33m.[39mgray200[33m,[39m[36mtrue[39m[33m:[39mcolors[33m.[39mmint300}}[35m/>}/[39m[33m>[39m{isStaff[33m&&[39m[33m<[39m[33mDrawerMenu[39m icon[33m=[39m[32m"person-add-outline"[39m title[33m=[39m[32m"가입 신청 목록"[39m onPress[33m=[39m{onApplications}[35m/>}<DrawerMenu icon="people-outline" title="멤버 관리" onPress={onOpenMembers}/[39m[33m>[39m[33m<[39m[33mDrawerMenu[39m icon[33m=[39m[32m"albums-outline"[39m title[33m=[39m[32m"스토리 보기"[39m onPress[33m=[39m{onStories}[35m/>{isOwner&&<DrawerMenu icon="lock-closed-outline" title="방 공개 설정" onPress={onRoomSettings}/[39m[33m>[39m} {isStaff[33m&&[39m[33m<[39m[33mDrawerMenu[39m icon[33m=[39m[32m"ban-outline"[39m title[33m=[39m[32m"차단 멤버 목록"[39m onPress[33m=[39m{onBlocked}[33m/[39m[33m>[39m} {isOwner[33m&&[39m[33m<[39m[33mPressable[39m onPress[33m=[39m{onDelete} style[33m=[39m{s[33m.[39mdeleteRoomLink}[33m>[39m[33m<[39m[33mText[39m style[33m=[39m{s[33m.[39mdeleteRoomText}[33m>[39m방 삭제하기[33m<[39m[33m/[39m[33mText[39m[33m>[39m[33m<[39m[33m/[39m[33mPressable[39m[33m>[39m}[33m<[39m[33m/[39m[33mView[39m[33m>[39m
 [90m      |[39m     [31m[1m^[22m[39m
 [90m 1555 |[39m   [33m<[39m[33m/[39m[33mAnimated[39m[33m.[39m[33mView[39m[33m>[39m[33m<[39m[33m/[39m[33mView[39m[33m>[39m[33m;[39m
 [90m 1556 |[39m }
 [90m 1557 |[39m [36mfunction[39m [33mDrawerMenu[39m({icon[33m,[39mtitle[33m,[39monPress[33m,[39mtrailing}[33m:[39m{icon[33m:[39m[33mIconName[39m[33m;[39mtitle[33m:[39mstring[33m;[39monPress[33m?[39m[33m:[39m()[33m=>[39m[36mvoid[39m[33m;[39mtrailing[33m?[39m[33m:[39m[33mReact[39m[33m.[39m[33mReactNode[39m}){[36mreturn[39m [33m<[39m[33mPressable[39m onPress[33m=[39m{onPress} disabled[33m=[39m{[33m![39monPress[33m&&[39m[33m![39mtrailing} style[33m=[39m{({pressed})[33m=>[39m[s[33m.[39mdrawerMenu[33m,[39mpressed[33m&&[39ms[33m.[39mpressed]}[33m>[39m[33m<[39m[33mIonicons[39m name[33m=[39m{icon} size[33m=[39m{[35m20[39m} color[33m=[39m{colors[33m.[39mtextSubtle}[33m/[39m[33m>[39m[33m<[39m[33mText[39m style[33m=[39m{s[33m.[39mdrawerMenuText}[33m>[39m{title}[33m<[39m[35m/Text>{trailing??<Ionicons name="chevron-forward" size={17} color={colors.gray300}/[39m[33m>[39m}[33m<[39m[33m/[39m[33mPressable[39m[33m>[39m[33m;[39m}[0m
Call Stack
  ChatDrawer (App.tsx:1554:5)
  ChatRoom (App.tsx:1177:5)
  AuthenticatedApp (App.tsx:375:33)
  App (App.tsx:202:10)
Web  ERROR  Unexpected text node:  . A text node cannot be a child of a <View>. 

Code: App.tsx
[0m [90m 1552 |[39m   [36mreturn[39m [33m<[39m[33mView[39m style[33m=[39m{s[33m.[39mdrawerLayer}[33m>[39m[33m<[39m[33mPressable[39m accessibilityLabel[33m=[39m[32m"채팅 메뉴 닫기"[39m onPress[33m=[39m{onClose} style[33m=[39m{s[33m.[39mdrawerDim}[33m/[39m[33m>[39m[33m<[39m[33mAnimated[39m[33m.[39m[33mView[39m style[33m=[39m{[s[33m.[39mchatDrawer[33m,[39m{transform[33m:[39m[{translateX[33m:[39mslide}]}]}[33m>[39m
 [90m 1553 |[39m     [33m<[39m[33mView[39m style[33m=[39m{s[33m.[39mdrawerProfile}[33m>[39m[33m<[39m[33mView[39m style[33m=[39m{s[33m.[39mdrawerAvatar}[33m>[39m[33m<[39m[33mDefaultAvatar[39m size[33m=[39m{[35m72[39m}[35m/><View style={s.editDot}><Ionicons name="pencil" size={12} color="#FFF"/[39m[33m>[39m[33m<[39m[33m/[39m[33mView[39m[33m>[39m[33m<[39m[33m/[39m[33mView[39m[33m>[39m[33m<[39m[33mText[39m style[33m=[39m{s[33m.[39mdrawerProfileName}[33m>[39m한걸음[33m<[39m[33m/[39m[33mText[39m[33m>[39m[33m<[39m[33mText[39m numberOfLines[33m=[39m{[35m2[39m} style[33m=[39m{s[33m.[39mdrawerProfileIntro}[33m>[39m자기 소개가 들어가는 공간입니다[33m.[39m 편안한 대화를 좋아해요[33m.[39m[33m<[39m[33m/[39m[33mText[39m[33m>[39m[33m<[39m[33m/[39m[33mView[39m[33m>[39m
[31m[1m>[22m[39m[90m 1554 |[39m     [33m<[39m[33mView[39m style[33m=[39m{s[33m.[39mchatDrawerMenu}[33m>[39m[33m<[39m[33mDrawerMenu[39m icon[33m=[39m[32m"notifications-outline"[39m title[33m=[39m[32m"알림 설정"[39m trailing[33m=[39m{[33m<[39m[33mSwitch[39m value[33m=[39m{notifications} onValueChange[33m=[39m{setNotifications} trackColor[33m=[39m{{[36mfalse[39m[33m:[39mcolors[33m.[39mgray200[33m,[39m[36mtrue[39m[33m:[39mcolors[33m.[39mmint300}}[35m/>}/[39m[33m>[39m{isStaff[33m&&[39m[33m<[39m[33mDrawerMenu[39m icon[33m=[39m[32m"person-add-outline"[39m title[33m=[39m[32m"가입 신청 목록"[39m onPress[33m=[39m{onApplications}[35m/>}<DrawerMenu icon="people-outline" title="멤버 관리" onPress={onOpenMembers}/[39m[33m>[39m[33m<[39m[33mDrawerMenu[39m icon[33m=[39m[32m"albums-outline"[39m title[33m=[39m[32m"스토리 보기"[39m onPress[33m=[39m{onStories}[35m/>{isOwner&&<DrawerMenu icon="lock-closed-outline" title="방 공개 설정" onPress={onRoomSettings}/[39m[33m>[39m} {isStaff[33m&&[39m[33m<[39m[33mDrawerMenu[39m icon[33m=[39m[32m"ban-outline"[39m title[33m=[39m[32m"차단 멤버 목록"[39m onPress[33m=[39m{onBlocked}[33m/[39m[33m>[39m} {isOwner[33m&&[39m[33m<[39m[33mPressable[39m onPress[33m=[39m{onDelete} style[33m=[39m{s[33m.[39mdeleteRoomLink}[33m>[39m[33m<[39m[33mText[39m style[33m=[39m{s[33m.[39mdeleteRoomText}[33m>[39m방 삭제하기[33m<[39m[33m/[39m[33mText[39m[33m>[39m[33m<[39m[33m/[39m[33mPressable[39m[33m>[39m}[33m<[39m[33m/[39m[33mView[39m[33m>[39m
 [90m      |[39m     [31m[1m^[22m[39m
 [90m 1555 |[39m   [33m<[39m[33m/[39m[33mAnimated[39m[33m.[39m[33mView[39m[33m>[39m[33m<[39m[33m/[39m[33mView[39m[33m>[39m[33m;[39m
 [90m 1556 |[39m }
 [90m 1557 |[39m [36mfunction[39m [33mDrawerMenu[39m({icon[33m,[39mtitle[33m,[39monPress[33m,[39mtrailing}[33m:[39m{icon[33m:[39m[33mIconName[39m[33m;[39mtitle[33m:[39mstring[33m;[39monPress[33m?[39m[33m:[39m()[33m=>[39m[36mvoid[39m[33m;[39mtrailing[33m?[39m[33m:[39m[33mReact[39m[33m.[39m[33mReactNode[39m}){[36mreturn[39m [33m<[39m[33mPressable[39m onPress[33m=[39m{onPress} disabled[33m=[39m{[33m![39monPress[33m&&[39m[33m![39mtrailing} style[33m=[39m{({pressed})[33m=>[39m[s[33m.[39mdrawerMenu[33m,[39mpressed[33m&&[39ms[33m.[39mpressed]}[33m>[39m[33m<[39m[33mIonicons[39m name[33m=[39m{icon} size[33m=[39m{[35m20[39m} color[33m=[39m{colors[33m.[39mtextSubtle}[33m/[39m[33m>[39m[33m<[39m[33mText[39m style[33m=[39m{s[33m.[39mdrawerMenuText}[33m>[39m{title}[33m<[39m[35m/Text>{trailing??<Ionicons name="chevron-forward" size={17} color={colors.gray300}/[39m[33m>[39m}[33m<[39m[33m/[39m[33mPressable[39m[33m>[39m[33m;[39m}[0m
Call Stack
  ChatDrawer (App.tsx:1554:5)
  ChatRoom (App.tsx:1177:5)
  AuthenticatedApp (App.tsx:375:33)
  App (App.tsx:202:10)
Web  ERROR  Unexpected text node:  . A text node cannot be a child of a <View>. 

Code: App.tsx
[0m [90m 1552 |[39m   [36mreturn[39m [33m<[39m[33mView[39m style[33m=[39m{s[33m.[39mdrawerLayer}[33m>[39m[33m<[39m[33mPressable[39m accessibilityLabel[33m=[39m[32m"채팅 메뉴 닫기"[39m onPress[33m=[39m{onClose} style[33m=[39m{s[33m.[39mdrawerDim}[33m/[39m[33m>[39m[33m<[39m[33mAnimated[39m[33m.[39m[33mView[39m style[33m=[39m{[s[33m.[39mchatDrawer[33m,[39m{transform[33m:[39m[{translateX[33m:[39mslide}]}]}[33m>[39m
 [90m 1553 |[39m     [33m<[39m[33mView[39m style[33m=[39m{s[33m.[39mdrawerProfile}[33m>[39m[33m<[39m[33mView[39m style[33m=[39m{s[33m.[39mdrawerAvatar}[33m>[39m[33m<[39m[33mDefaultAvatar[39m size[33m=[39m{[35m72[39m}[35m/><View style={s.editDot}><Ionicons name="pencil" size={12} color="#FFF"/[39m[33m>[39m[33m<[39m[33m/[39m[33mView[39m[33m>[39m[33m<[39m[33m/[39m[33mView[39m[33m>[39m[33m<[39m[33mText[39m style[33m=[39m{s[33m.[39mdrawerProfileName}[33m>[39m한걸음[33m<[39m[33m/[39m[33mText[39m[33m>[39m[33m<[39m[33mText[39m numberOfLines[33m=[39m{[35m2[39m} style[33m=[39m{s[33m.[39mdrawerProfileIntro}[33m>[39m자기 소개가 들어가는 공간입니다[33m.[39m 편안한 대화를 좋아해요[33m.[39m[33m<[39m[33m/[39m[33mText[39m[33m>[39m[33m<[39m[33m/[39m[33mView[39m[33m>[39m
[31m[1m>[22m[39m[90m 1554 |[39m     [33m<[39m[33mView[39m style[33m=[39m{s[33m.[39mchatDrawerMenu}[33m>[39m[33m<[39m[33mDrawerMenu[39m icon[33m=[39m[32m"notifications-outline"[39m title[33m=[39m[32m"알림 설정"[39m trailing[33m=[39m{[33m<[39m[33mSwitch[39m value[33m=[39m{notifications} onValueChange[33m=[39m{setNotifications} trackColor[33m=[39m{{[36mfalse[39m[33m:[39mcolors[33m.[39mgray200[33m,[39m[36mtrue[39m[33m:[39mcolors[33m.[39mmint300}}[35m/>}/[39m[33m>[39m{isStaff[33m&&[39m[33m<[39m[33mDrawerMenu[39m icon[33m=[39m[32m"person-add-outline"[39m title[33m=[39m[32m"가입 신청 목록"[39m onPress[33m=[39m{onApplications}[35m/>}<DrawerMenu icon="people-outline" title="멤버 관리" onPress={onOpenMembers}/[39m[33m>[39m[33m<[39m[33mDrawerMenu[39m icon[33m=[39m[32m"albums-outline"[39m title[33m=[39m[32m"스토리 보기"[39m onPress[33m=[39m{onStories}[35m/>{isOwner&&<DrawerMenu icon="lock-closed-outline" title="방 공개 설정" onPress={onRoomSettings}/[39m[33m>[39m} {isStaff[33m&&[39m[33m<[39m[33mDrawerMenu[39m icon[33m=[39m[32m"ban-outline"[39m title[33m=[39m[32m"차단 멤버 목록"[39m onPress[33m=[39m{onBlocked}[33m/[39m[33m>[39m} {isOwner[33m&&[39m[33m<[39m[33mPressable[39m onPress[33m=[39m{onDelete} style[33m=[39m{s[33m.[39mdeleteRoomLink}[33m>[39m[33m<[39m[33mText[39m style[33m=[39m{s[33m.[39mdeleteRoomText}[33m>[39m방 삭제하기[33m<[39m[33m/[39m[33mText[39m[33m>[39m[33m<[39m[33m/[39m[33mPressable[39m[33m>[39m}[33m<[39m[33m/[39m[33mView[39m[33m>[39m
 [90m      |[39m     [31m[1m^[22m[39m
 [90m 1555 |[39m   [33m<[39m[33m/[39m[33mAnimated[39m[33m.[39m[33mView[39m[33m>[39m[33m<[39m[33m/[39m[33mView[39m[33m>[39m[33m;[39m
 [90m 1556 |[39m }
 [90m 1557 |[39m [36mfunction[39m [33mDrawerMenu[39m({icon[33m,[39mtitle[33m,[39monPress[33m,[39mtrailing}[33m:[39m{icon[33m:[39m[33mIconName[39m[33m;[39mtitle[33m:[39mstring[33m;[39monPress[33m?[39m[33m:[39m()[33m=>[39m[36mvoid[39m[33m;[39mtrailing[33m?[39m[33m:[39m[33mReact[39m[33m.[39m[33mReactNode[39m}){[36mreturn[39m [33m<[39m[33mPressable[39m onPress[33m=[39m{onPress} disabled[33m=[39m{[33m![39monPress[33m&&[39m[33m![39mtrailing} style[33m=[39m{({pressed})[33m=>[39m[s[33m.[39mdrawerMenu[33m,[39mpressed[33m&&[39ms[33m.[39mpressed]}[33m>[39m[33m<[39m[33mIonicons[39m name[33m=[39m{icon} size[33m=[39m{[35m20[39m} color[33m=[39m{colors[33m.[39mtextSubtle}[33m/[39m[33m>[39m[33m<[39m[33mText[39m style[33m=[39m{s[33m.[39mdrawerMenuText}[33m>[39m{title}[33m<[39m[35m/Text>{trailing??<Ionicons name="chevron-forward" size={17} color={colors.gray300}/[39m[33m>[39m}[33m<[39m[33m/[39m[33mPressable[39m[33m>[39m[33m;[39m}[0m
Call Stack
  ChatDrawer (App.tsx:1554:5)
  ChatRoom (App.tsx:1177:5)
  AuthenticatedApp (App.tsx:375:33)
  App (App.tsx:202:10)
Web  ERROR  Unexpected text node:  . A text node cannot be a child of a <View>. 

Code: App.tsx
[0m [90m 1552 |[39m   [36mreturn[39m [33m<[39m[33mView[39m style[33m=[39m{s[33m.[39mdrawerLayer}[33m>[39m[33m<[39m[33mPressable[39m accessibilityLabel[33m=[39m[32m"채팅 메뉴 닫기"[39m onPress[33m=[39m{onClose} style[33m=[39m{s[33m.[39mdrawerDim}[33m/[39m[33m>[39m[33m<[39m[33mAnimated[39m[33m.[39m[33mView[39m style[33m=[39m{[s[33m.[39mchatDrawer[33m,[39m{transform[33m:[39m[{translateX[33m:[39mslide}]}]}[33m>[39m
 [90m 1553 |[39m     [33m<[39m[33mView[39m style[33m=[39m{s[33m.[39mdrawerProfile}[33m>[39m[33m<[39m[33mView[39m style[33m=[39m{s[33m.[39mdrawerAvatar}[33m>[39m[33m<[39m[33mDefaultAvatar[39m size[33m=[39m{[35m72[39m}[35m/><View style={s.editDot}><Ionicons name="pencil" size={12} color="#FFF"/[39m[33m>[39m[33m<[39m[33m/[39m[33mView[39m[33m>[39m[33m<[39m[33m/[39m[33mView[39m[33m>[39m[33m<[39m[33mText[39m style[33m=[39m{s[33m.[39mdrawerProfileName}[33m>[39m한걸음[33m<[39m[33m/[39m[33mText[39m[33m>[39m[33m<[39m[33mText[39m numberOfLines[33m=[39m{[35m2[39m} style[33m=[39m{s[33m.[39mdrawerProfileIntro}[33m>[39m자기 소개가 들어가는 공간입니다[33m.[39m 편안한 대화를 좋아해요[33m.[39m[33m<[39m[33m/[39m[33mText[39m[33m>[39m[33m<[39m[33m/[39m[33mView[39m[33m>[39m
[31m[1m>[22m[39m[90m 1554 |[39m     [33m<[39m[33mView[39m style[33m=[39m{s[33m.[39mchatDrawerMenu}[33m>[39m[33m<[39m[33mDrawerMenu[39m icon[33m=[39m[32m"notifications-outline"[39m title[33m=[39m[32m"알림 설정"[39m trailing[33m=[39m{[33m<[39m[33mSwitch[39m value[33m=[39m{notifications} onValueChange[33m=[39m{setNotifications} trackColor[33m=[39m{{[36mfalse[39m[33m:[39mcolors[33m.[39mgray200[33m,[39m[36mtrue[39m[33m:[39mcolors[33m.[39mmint300}}[35m/>}/[39m[33m>[39m{isStaff[33m&&[39m[33m<[39m[33mDrawerMenu[39m icon[33m=[39m[32m"person-add-outline"[39m title[33m=[39m[32m"가입 신청 목록"[39m onPress[33m=[39m{onApplications}[35m/>}<DrawerMenu icon="people-outline" title="멤버 관리" onPress={onOpenMembers}/[39m[33m>[39m[33m<[39m[33mDrawerMenu[39m icon[33m=[39m[32m"albums-outline"[39m title[33m=[39m[32m"스토리 보기"[39m onPress[33m=[39m{onStories}[35m/>{isOwner&&<DrawerMenu icon="lock-closed-outline" title="방 공개 설정" onPress={onRoomSettings}/[39m[33m>[39m} {isStaff[33m&&[39m[33m<[39m[33mDrawerMenu[39m icon[33m=[39m[32m"ban-outline"[39m title[33m=[39m[32m"차단 멤버 목록"[39m onPress[33m=[39m{onBlocked}[33m/[39m[33m>[39m} {isOwner[33m&&[39m[33m<[39m[33mPressable[39m onPress[33m=[39m{onDelete} style[33m=[39m{s[33m.[39mdeleteRoomLink}[33m>[39m[33m<[39m[33mText[39m style[33m=[39m{s[33m.[39mdeleteRoomText}[33m>[39m방 삭제하기[33m<[39m[33m/[39m[33mText[39m[33m>[39m[33m<[39m[33m/[39m[33mPressable[39m[33m>[39m}[33m<[39m[33m/[39m[33mView[39m[33m>[39m
 [90m      |[39m     [31m[1m^[22m[39m
 [90m 1555 |[39m   [33m<[39m[33m/[39m[33mAnimated[39m[33m.[39m[33mView[39m[33m>[39m[33m<[39m[33m/[39m[33mView[39m[33m>[39m[33m;[39m
 [90m 1556 |[39m }
 [90m 1557 |[39m [36mfunction[39m [33mDrawerMenu[39m({icon[33m,[39mtitle[33m,[39monPress[33m,[39mtrailing}[33m:[39m{icon[33m:[39m[33mIconName[39m[33m;[39mtitle[33m:[39mstring[33m;[39monPress[33m?[39m[33m:[39m()[33m=>[39m[36mvoid[39m[33m;[39mtrailing[33m?[39m[33m:[39m[33mReact[39m[33m.[39m[33mReactNode[39m}){[36mreturn[39m [33m<[39m[33mPressable[39m onPress[33m=[39m{onPress} disabled[33m=[39m{[33m![39monPress[33m&&[39m[33m![39mtrailing} style[33m=[39m{({pressed})[33m=>[39m[s[33m.[39mdrawerMenu[33m,[39mpressed[33m&&[39ms[33m.[39mpressed]}[33m>[39m[33m<[39m[33mIonicons[39m name[33m=[39m{icon} size[33m=[39m{[35m20[39m} color[33m=[39m{colors[33m.[39mtextSubtle}[33m/[39m[33m>[39m[33m<[39m[33mText[39m style[33m=[39m{s[33m.[39mdrawerMenuText}[33m>[39m{title}[33m<[39m[35m/Text>{trailing??<Ionicons name="chevron-forward" size={17} color={colors.gray300}/[39m[33m>[39m}[33m<[39m[33m/[39m[33mPressable[39m[33m>[39m[33m;[39m}[0m
Call Stack
  ChatDrawer (App.tsx:1554:5)
  ChatRoom (App.tsx:1177:5)
  AuthenticatedApp (App.tsx:375:33)
  App (App.tsx:202:10)
Web  ERROR  Unexpected text node:  . A text node cannot be a child of a <View>. 

Code: App.tsx
[0m [90m 1552 |[39m   [36mreturn[39m [33m<[39m[33mView[39m style[33m=[39m{s[33m.[39mdrawerLayer}[33m>[39m[33m<[39m[33mPressable[39m accessibilityLabel[33m=[39m[32m"채팅 메뉴 닫기"[39m onPress[33m=[39m{onClose} style[33m=[39m{s[33m.[39mdrawerDim}[33m/[39m[33m>[39m[33m<[39m[33mAnimated[39m[33m.[39m[33mView[39m style[33m=[39m{[s[33m.[39mchatDrawer[33m,[39m{transform[33m:[39m[{translateX[33m:[39mslide}]}]}[33m>[39m
 [90m 1553 |[39m     [33m<[39m[33mView[39m style[33m=[39m{s[33m.[39mdrawerProfile}[33m>[39m[33m<[39m[33mView[39m style[33m=[39m{s[33m.[39mdrawerAvatar}[33m>[39m[33m<[39m[33mDefaultAvatar[39m size[33m=[39m{[35m72[39m}[35m/><View style={s.editDot}><Ionicons name="pencil" size={12} color="#FFF"/[39m[33m>[39m[33m<[39m[33m/[39m[33mView[39m[33m>[39m[33m<[39m[33m/[39m[33mView[39m[33m>[39m[33m<[39m[33mText[39m style[33m=[39m{s[33m.[39mdrawerProfileName}[33m>[39m한걸음[33m<[39m[33m/[39m[33mText[39m[33m>[39m[33m<[39m[33mText[39m numberOfLines[33m=[39m{[35m2[39m} style[33m=[39m{s[33m.[39mdrawerProfileIntro}[33m>[39m자기 소개가 들어가는 공간입니다[33m.[39m 편안한 대화를 좋아해요[33m.[39m[33m<[39m[33m/[39m[33mText[39m[33m>[39m[33m<[39m[33m/[39m[33mView[39m[33m>[39m
[31m[1m>[22m[39m[90m 1554 |[39m     [33m<[39m[33mView[39m style[33m=[39m{s[33m.[39mchatDrawerMenu}[33m>[39m[33m<[39m[33mDrawerMenu[39m icon[33m=[39m[32m"notifications-outline"[39m title[33m=[39m[32m"알림 설정"[39m trailing[33m=[39m{[33m<[39m[33mSwitch[39m value[33m=[39m{notifications} onValueChange[33m=[39m{setNotifications} trackColor[33m=[39m{{[36mfalse[39m[33m:[39mcolors[33m.[39mgray200[33m,[39m[36mtrue[39m[33m:[39mcolors[33m.[39mmint300}}[35m/>}/[39m[33m>[39m{isStaff[33m&&[39m[33m<[39m[33mDrawerMenu[39m icon[33m=[39m[32m"person-add-outline"[39m title[33m=[39m[32m"가입 신청 목록"[39m onPress[33m=[39m{onApplications}[35m/>}<DrawerMenu icon="people-outline" title="멤버 관리" onPress={onOpenMembers}/[39m[33m>[39m[33m<[39m[33mDrawerMenu[39m icon[33m=[39m[32m"albums-outline"[39m title[33m=[39m[32m"스토리 보기"[39m onPress[33m=[39m{onStories}[35m/>{isOwner&&<DrawerMenu icon="lock-closed-outline" title="방 공개 설정" onPress={onRoomSettings}/[39m[33m>[39m} {isStaff[33m&&[39m[33m<[39m[33mDrawerMenu[39m icon[33m=[39m[32m"ban-outline"[39m title[33m=[39m[32m"차단 멤버 목록"[39m onPress[33m=[39m{onBlocked}[33m/[39m[33m>[39m} {isOwner[33m&&[39m[33m<[39m[33mPressable[39m onPress[33m=[39m{onDelete} style[33m=[39m{s[33m.[39mdeleteRoomLink}[33m>[39m[33m<[39m[33mText[39m style[33m=[39m{s[33m.[39mdeleteRoomText}[33m>[39m방 삭제하기[33m<[39m[33m/[39m[33mText[39m[33m>[39m[33m<[39m[33m/[39m[33mPressable[39m[33m>[39m}[33m<[39m[33m/[39m[33mView[39m[33m>[39m
 [90m      |[39m     [31m[1m^[22m[39m
 [90m 1555 |[39m   [33m<[39m[33m/[39m[33mAnimated[39m[33m.[39m[33mView[39m[33m>[39m[33m<[39m[33m/[39m[33mView[39m[33m>[39m[33m;[39m
 [90m 1556 |[39m }
 [90m 1557 |[39m [36mfunction[39m [33mDrawerMenu[39m({icon[33m,[39mtitle[33m,[39monPress[33m,[39mtrailing}[33m:[39m{icon[33m:[39m[33mIconName[39m[33m;[39mtitle[33m:[39mstring[33m;[39monPress[33m?[39m[33m:[39m()[33m=>[39m[36mvoid[39m[33m;[39mtrailing[33m?[39m[33m:[39m[33mReact[39m[33m.[39m[33mReactNode[39m}){[36mreturn[39m [33m<[39m[33mPressable[39m onPress[33m=[39m{onPress} disabled[33m=[39m{[33m![39monPress[33m&&[39m[33m![39mtrailing} style[33m=[39m{({pressed})[33m=>[39m[s[33m.[39mdrawerMenu[33m,[39mpressed[33m&&[39ms[33m.[39mpressed]}[33m>[39m[33m<[39m[33mIonicons[39m name[33m=[39m{icon} size[33m=[39m{[35m20[39m} color[33m=[39m{colors[33m.[39mtextSubtle}[33m/[39m[33m>[39m[33m<[39m[33mText[39m style[33m=[39m{s[33m.[39mdrawerMenuText}[33m>[39m{title}[33m<[39m[35m/Text>{trailing??<Ionicons name="chevron-forward" size={17} color={colors.gray300}/[39m[33m>[39m}[33m<[39m[33m/[39m[33mPressable[39m[33m>[39m[33m;[39m}[0m
Call Stack
  ChatDrawer (App.tsx:1554:5)
  ChatRoom (App.tsx:1177:5)
  AuthenticatedApp (App.tsx:375:33)
  App (App.tsx:202:10)
Web  ERROR  Unexpected text node:  . A text node cannot be a child of a <View>. 

Code: App.tsx
[0m [90m 1552 |[39m   [36mreturn[39m [33m<[39m[33mView[39m style[33m=[39m{s[33m.[39mdrawerLayer}[33m>[39m[33m<[39m[33mPressable[39m accessibilityLabel[33m=[39m[32m"채팅 메뉴 닫기"[39m onPress[33m=[39m{onClose} style[33m=[39m{s[33m.[39mdrawerDim}[33m/[39m[33m>[39m[33m<[39m[33mAnimated[39m[33m.[39m[33mView[39m style[33m=[39m{[s[33m.[39mchatDrawer[33m,[39m{transform[33m:[39m[{translateX[33m:[39mslide}]}]}[33m>[39m
 [90m 1553 |[39m     [33m<[39m[33mView[39m style[33m=[39m{s[33m.[39mdrawerProfile}[33m>[39m[33m<[39m[33mView[39m style[33m=[39m{s[33m.[39mdrawerAvatar}[33m>[39m[33m<[39m[33mDefaultAvatar[39m size[33m=[39m{[35m72[39m}[35m/><View style={s.editDot}><Ionicons name="pencil" size={12} color="#FFF"/[39m[33m>[39m[33m<[39m[33m/[39m[33mView[39m[33m>[39m[33m<[39m[33m/[39m[33mView[39m[33m>[39m[33m<[39m[33mText[39m style[33m=[39m{s[33m.[39mdrawerProfileName}[33m>[39m한걸음[33m<[39m[33m/[39m[33mText[39m[33m>[39m[33m<[39m[33mText[39m numberOfLines[33m=[39m{[35m2[39m} style[33m=[39m{s[33m.[39mdrawerProfileIntro}[33m>[39m자기 소개가 들어가는 공간입니다[33m.[39m 편안한 대화를 좋아해요[33m.[39m[33m<[39m[33m/[39m[33mText[39m[33m>[39m[33m<[39m[33m/[39m[33mView[39m[33m>[39m
[31m[1m>[22m[39m[90m 1554 |[39m     [33m<[39m[33mView[39m style[33m=[39m{s[33m.[39mchatDrawerMenu}[33m>[39m[33m<[39m[33mDrawerMenu[39m icon[33m=[39m[32m"notifications-outline"[39m title[33m=[39m[32m"알림 설정"[39m trailing[33m=[39m{[33m<[39m[33mSwitch[39m value[33m=[39m{notifications} onValueChange[33m=[39m{setNotifications} trackColor[33m=[39m{{[36mfalse[39m[33m:[39mcolors[33m.[39mgray200[33m,[39m[36mtrue[39m[33m:[39mcolors[33m.[39mmint300}}[35m/>}/[39m[33m>[39m{isStaff[33m&&[39m[33m<[39m[33mDrawerMenu[39m icon[33m=[39m[32m"person-add-outline"[39m title[33m=[39m[32m"가입 신청 목록"[39m onPress[33m=[39m{onApplications}[35m/>}<DrawerMenu icon="people-outline" title="멤버 관리" onPress={onOpenMembers}/[39m[33m>[39m[33m<[39m[33mDrawerMenu[39m icon[33m=[39m[32m"albums-outline"[39m title[33m=[39m[32m"스토리 보기"[39m onPress[33m=[39m{onStories}[35m/>{isOwner&&<DrawerMenu icon="lock-closed-outline" title="방 공개 설정" onPress={onRoomSettings}/[39m[33m>[39m} {isStaff[33m&&[39m[33m<[39m[33mDrawerMenu[39m icon[33m=[39m[32m"ban-outline"[39m title[33m=[39m[32m"차단 멤버 목록"[39m onPress[33m=[39m{onBlocked}[33m/[39m[33m>[39m} {isOwner[33m&&[39m[33m<[39m[33mPressable[39m onPress[33m=[39m{onDelete} style[33m=[39m{s[33m.[39mdeleteRoomLink}[33m>[39m[33m<[39m[33mText[39m style[33m=[39m{s[33m.[39mdeleteRoomText}[33m>[39m방 삭제하기[33m<[39m[33m/[39m[33mText[39m[33m>[39m[33m<[39m[33m/[39m[33mPressable[39m[33m>[39m}[33m<[39m[33m/[39m[33mView[39m[33m>[39m
 [90m      |[39m     [31m[1m^[22m[39m
 [90m 1555 |[39m   [33m<[39m[33m/[39m[33mAnimated[39m[33m.[39m[33mView[39m[33m>[39m[33m<[39m[33m/[39m[33mView[39m[33m>[39m[33m;[39m
 [90m 1556 |[39m }
 [90m 1557 |[39m [36mfunction[39m [33mDrawerMenu[39m({icon[33m,[39mtitle[33m,[39monPress[33m,[39mtrailing}[33m:[39m{icon[33m:[39m[33mIconName[39m[33m;[39mtitle[33m:[39mstring[33m;[39monPress[33m?[39m[33m:[39m()[33m=>[39m[36mvoid[39m[33m;[39mtrailing[33m?[39m[33m:[39m[33mReact[39m[33m.[39m[33mReactNode[39m}){[36mreturn[39m [33m<[39m[33mPressable[39m onPress[33m=[39m{onPress} disabled[33m=[39m{[33m![39monPress[33m&&[39m[33m![39mtrailing} style[33m=[39m{({pressed})[33m=>[39m[s[33m.[39mdrawerMenu[33m,[39mpressed[33m&&[39ms[33m.[39mpressed]}[33m>[39m[33m<[39m[33mIonicons[39m name[33m=[39m{icon} size[33m=[39m{[35m20[39m} color[33m=[39m{colors[33m.[39mtextSubtle}[33m/[39m[33m>[39m[33m<[39m[33mText[39m style[33m=[39m{s[33m.[39mdrawerMenuText}[33m>[39m{title}[33m<[39m[35m/Text>{trailing??<Ionicons name="chevron-forward" size={17} color={colors.gray300}/[39m[33m>[39m}[33m<[39m[33m/[39m[33mPressable[39m[33m>[39m[33m;[39m}[0m
Call Stack
  ChatDrawer (App.tsx:1554:5)
  ChatRoom (App.tsx:1177:5)
  AuthenticatedApp (App.tsx:375:33)
  App (App.tsx:202:10)
Web  ERROR  Unexpected text node:  . A text node cannot be a child of a <View>. 

Code: App.tsx
[0m [90m 1552 |[39m   [36mreturn[39m [33m<[39m[33mView[39m style[33m=[39m{s[33m.[39mdrawerLayer}[33m>[39m[33m<[39m[33mPressable[39m accessibilityLabel[33m=[39m[32m"채팅 메뉴 닫기"[39m onPress[33m=[39m{onClose} style[33m=[39m{s[33m.[39mdrawerDim}[33m/[39m[33m>[39m[33m<[39m[33mAnimated[39m[33m.[39m[33mView[39m style[33m=[39m{[s[33m.[39mchatDrawer[33m,[39m{transform[33m:[39m[{translateX[33m:[39mslide}]}]}[33m>[39m
 [90m 1553 |[39m     [33m<[39m[33mView[39m style[33m=[39m{s[33m.[39mdrawerProfile}[33m>[39m[33m<[39m[33mView[39m style[33m=[39m{s[33m.[39mdrawerAvatar}[33m>[39m[33m<[39m[33mDefaultAvatar[39m size[33m=[39m{[35m72[39m}[35m/><View style={s.editDot}><Ionicons name="pencil" size={12} color="#FFF"/[39m[33m>[39m[33m<[39m[33m/[39m[33mView[39m[33m>[39m[33m<[39m[33m/[39m[33mView[39m[33m>[39m[33m<[39m[33mText[39m style[33m=[39m{s[33m.[39mdrawerProfileName}[33m>[39m한걸음[33m<[39m[33m/[39m[33mText[39m[33m>[39m[33m<[39m[33mText[39m numberOfLines[33m=[39m{[35m2[39m} style[33m=[39m{s[33m.[39mdrawerProfileIntro}[33m>[39m자기 소개가 들어가는 공간입니다[33m.[39m 편안한 대화를 좋아해요[33m.[39m[33m<[39m[33m/[39m[33mText[39m[33m>[39m[33m<[39m[33m/[39m[33mView[39m[33m>[39m
[31m[1m>[22m[39m[90m 1554 |[39m     [33m<[39m[33mView[39m style[33m=[39m{s[33m.[39mchatDrawerMenu}[33m>[39m[33m<[39m[33mDrawerMenu[39m icon[33m=[39m[32m"notifications-outline"[39m title[33m=[39m[32m"알림 설정"[39m trailing[33m=[39m{[33m<[39m[33mSwitch[39m value[33m=[39m{notifications} onValueChange[33m=[39m{setNotifications} trackColor[33m=[39m{{[36mfalse[39m[33m:[39mcolors[33m.[39mgray200[33m,[39m[36mtrue[39m[33m:[39mcolors[33m.[39mmint300}}[35m/>}/[39m[33m>[39m{isStaff[33m&&[39m[33m<[39m[33mDrawerMenu[39m icon[33m=[39m[32m"person-add-outline"[39m title[33m=[39m[32m"가입 신청 목록"[39m onPress[33m=[39m{onApplications}[35m/>}<DrawerMenu icon="people-outline" title="멤버 관리" onPress={onOpenMembers}/[39m[33m>[39m[33m<[39m[33mDrawerMenu[39m icon[33m=[39m[32m"albums-outline"[39m title[33m=[39m[32m"스토리 보기"[39m onPress[33m=[39m{onStories}[35m/>{isOwner&&<DrawerMenu icon="lock-closed-outline" title="방 공개 설정" onPress={onRoomSettings}/[39m[33m>[39m} {isStaff[33m&&[39m[33m<[39m[33mDrawerMenu[39m icon[33m=[39m[32m"ban-outline"[39m title[33m=[39m[32m"차단 멤버 목록"[39m onPress[33m=[39m{onBlocked}[33m/[39m[33m>[39m} {isOwner[33m&&[39m[33m<[39m[33mPressable[39m onPress[33m=[39m{onDelete} style[33m=[39m{s[33m.[39mdeleteRoomLink}[33m>[39m[33m<[39m[33mText[39m style[33m=[39m{s[33m.[39mdeleteRoomText}[33m>[39m방 삭제하기[33m<[39m[33m/[39m[33mText[39m[33m>[39m[33m<[39m[33m/[39m[33mPressable[39m[33m>[39m}[33m<[39m[33m/[39m[33mView[39m[33m>[39m
 [90m      |[39m     [31m[1m^[22m[39m
 [90m 1555 |[39m   [33m<[39m[33m/[39m[33mAnimated[39m[33m.[39m[33mView[39m[33m>[39m[33m<[39m[33m/[39m[33mView[39m[33m>[39m[33m;[39m
 [90m 1556 |[39m }
 [90m 1557 |[39m [36mfunction[39m [33mDrawerMenu[39m({icon[33m,[39mtitle[33m,[39monPress[33m,[39mtrailing}[33m:[39m{icon[33m:[39m[33mIconName[39m[33m;[39mtitle[33m:[39mstring[33m;[39monPress[33m?[39m[33m:[39m()[33m=>[39m[36mvoid[39m[33m;[39mtrailing[33m?[39m[33m:[39m[33mReact[39m[33m.[39m[33mReactNode[39m}){[36mreturn[39m [33m<[39m[33mPressable[39m onPress[33m=[39m{onPress} disabled[33m=[39m{[33m![39monPress[33m&&[39m[33m![39mtrailing} style[33m=[39m{({pressed})[33m=>[39m[s[33m.[39mdrawerMenu[33m,[39mpressed[33m&&[39ms[33m.[39mpressed]}[33m>[39m[33m<[39m[33mIonicons[39m name[33m=[39m{icon} size[33m=[39m{[35m20[39m} color[33m=[39m{colors[33m.[39mtextSubtle}[33m/[39m[33m>[39m[33m<[39m[33mText[39m style[33m=[39m{s[33m.[39mdrawerMenuText}[33m>[39m{title}[33m<[39m[35m/Text>{trailing??<Ionicons name="chevron-forward" size={17} color={colors.gray300}/[39m[33m>[39m}[33m<[39m[33m/[39m[33mPressable[39m[33m>[39m[33m;[39m}[0m
Call Stack
  ChatDrawer (App.tsx:1554:5)
  ChatRoom (App.tsx:1177:5)
  AuthenticatedApp (App.tsx:375:33)
  App (App.tsx:202:10)
Web  ERROR  Unexpected text node:  . A text node cannot be a child of a <View>. 

Code: App.tsx
[0m [90m 1552 |[39m   [36mreturn[39m [33m<[39m[33mView[39m style[33m=[39m{s[33m.[39mdrawerLayer}[33m>[39m[33m<[39m[33mPressable[39m accessibilityLabel[33m=[39m[32m"채팅 메뉴 닫기"[39m onPress[33m=[39m{onClose} style[33m=[39m{s[33m.[39mdrawerDim}[33m/[39m[33m>[39m[33m<[39m[33mAnimated[39m[33m.[39m[33mView[39m style[33m=[39m{[s[33m.[39mchatDrawer[33m,[39m{transform[33m:[39m[{translateX[33m:[39mslide}]}]}[33m>[39m
 [90m 1553 |[39m     [33m<[39m[33mView[39m style[33m=[39m{s[33m.[39mdrawerProfile}[33m>[39m[33m<[39m[33mView[39m style[33m=[39m{s[33m.[39mdrawerAvatar}[33m>[39m[33m<[39m[33mDefaultAvatar[39m size[33m=[39m{[35m72[39m}[35m/><View style={s.editDot}><Ionicons name="pencil" size={12} color="#FFF"/[39m[33m>[39m[33m<[39m[33m/[39m[33mView[39m[33m>[39m[33m<[39m[33m/[39m[33mView[39m[33m>[39m[33m<[39m[33mText[39m style[33m=[39m{s[33m.[39mdrawerProfileName}[33m>[39m한걸음[33m<[39m[33m/[39m[33mText[39m[33m>[39m[33m<[39m[33mText[39m numberOfLines[33m=[39m{[35m2[39m} style[33m=[39m{s[33m.[39mdrawerProfileIntro}[33m>[39m자기 소개가 들어가는 공간입니다[33m.[39m 편안한 대화를 좋아해요[33m.[39m[33m<[39m[33m/[39m[33mText[39m[33m>[39m[33m<[39m[33m/[39m[33mView[39m[33m>[39m
[31m[1m>[22m[39m[90m 1554 |[39m     [33m<[39m[33mView[39m style[33m=[39m{s[33m.[39mchatDrawerMenu}[33m>[39m[33m<[39m[33mDrawerMenu[39m icon[33m=[39m[32m"notifications-outline"[39m title[33m=[39m[32m"알림 설정"[39m trailing[33m=[39m{[33m<[39m[33mSwitch[39m value[33m=[39m{notifications} onValueChange[33m=[39m{setNotifications} trackColor[33m=[39m{{[36mfalse[39m[33m:[39mcolors[33m.[39mgray200[33m,[39m[36mtrue[39m[33m:[39mcolors[33m.[39mmint300}}[35m/>}/[39m[33m>[39m{isStaff[33m&&[39m[33m<[39m[33mDrawerMenu[39m icon[33m=[39m[32m"person-add-outline"[39m title[33m=[39m[32m"가입 신청 목록"[39m onPress[33m=[39m{onApplications}[35m/>}<DrawerMenu icon="people-outline" title="멤버 관리" onPress={onOpenMembers}/[39m[33m>[39m[33m<[39m[33mDrawerMenu[39m icon[33m=[39m[32m"albums-outline"[39m title[33m=[39m[32m"스토리 보기"[39m onPress[33m=[39m{onStories}[35m/>{isOwner&&<DrawerMenu icon="lock-closed-outline" title="방 공개 설정" onPress={onRoomSettings}/[39m[33m>[39m} {isStaff[33m&&[39m[33m<[39m[33mDrawerMenu[39m icon[33m=[39m[32m"ban-outline"[39m title[33m=[39m[32m"차단 멤버 목록"[39m onPress[33m=[39m{onBlocked}[33m/[39m[33m>[39m} {isOwner[33m&&[39m[33m<[39m[33mPressable[39m onPress[33m=[39m{onDelete} style[33m=[39m{s[33m.[39mdeleteRoomLink}[33m>[39m[33m<[39m[33mText[39m style[33m=[39m{s[33m.[39mdeleteRoomText}[33m>[39m방 삭제하기[33m<[39m[33m/[39m[33mText[39m[33m>[39m[33m<[39m[33m/[39m[33mPressable[39m[33m>[39m}[33m<[39m[33m/[39m[33mView[39m[33m>[39m
 [90m      |[39m     [31m[1m^[22m[39m
 [90m 1555 |[39m   [33m<[39m[33m/[39m[33mAnimated[39m[33m.[39m[33mView[39m[33m>[39m[33m<[39m[33m/[39m[33mView[39m[33m>[39m[33m;[39m
 [90m 1556 |[39m }
 [90m 1557 |[39m [36mfunction[39m [33mDrawerMenu[39m({icon[33m,[39mtitle[33m,[39monPress[33m,[39mtrailing}[33m:[39m{icon[33m:[39m[33mIconName[39m[33m;[39mtitle[33m:[39mstring[33m;[39monPress[33m?[39m[33m:[39m()[33m=>[39m[36mvoid[39m[33m;[39mtrailing[33m?[39m[33m:[39m[33mReact[39m[33m.[39m[33mReactNode[39m}){[36mreturn[39m [33m<[39m[33mPressable[39m onPress[33m=[39m{onPress} disabled[33m=[39m{[33m![39monPress[33m&&[39m[33m![39mtrailing} style[33m=[39m{({pressed})[33m=>[39m[s[33m.[39mdrawerMenu[33m,[39mpressed[33m&&[39ms[33m.[39mpressed]}[33m>[39m[33m<[39m[33mIonicons[39m name[33m=[39m{icon} size[33m=[39m{[35m20[39m} color[33m=[39m{colors[33m.[39mtextSubtle}[33m/[39m[33m>[39m[33m<[39m[33mText[39m style[33m=[39m{s[33m.[39mdrawerMenuText}[33m>[39m{title}[33m<[39m[35m/Text>{trailing??<Ionicons name="chevron-forward" size={17} color={colors.gray300}/[39m[33m>[39m}[33m<[39m[33m/[39m[33mPressable[39m[33m>[39m[33m;[39m}[0m
Call Stack
  ChatDrawer (App.tsx:1554:5)
  ChatRoom (App.tsx:1177:5)
  AuthenticatedApp (App.tsx:375:33)
  App (App.tsx:202:10)
Web  ERROR  Unexpected text node:  . A text node cannot be a child of a <View>. 

Code: App.tsx
[0m [90m 1552 |[39m   [36mreturn[39m [33m<[39m[33mView[39m style[33m=[39m{s[33m.[39mdrawerLayer}[33m>[39m[33m<[39m[33mPressable[39m accessibilityLabel[33m=[39m[32m"채팅 메뉴 닫기"[39m onPress[33m=[39m{onClose} style[33m=[39m{s[33m.[39mdrawerDim}[33m/[39m[33m>[39m[33m<[39m[33mAnimated[39m[33m.[39m[33mView[39m style[33m=[39m{[s[33m.[39mchatDrawer[33m,[39m{transform[33m:[39m[{translateX[33m:[39mslide}]}]}[33m>[39m
 [90m 1553 |[39m     [33m<[39m[33mView[39m style[33m=[39m{s[33m.[39mdrawerProfile}[33m>[39m[33m<[39m[33mView[39m style[33m=[39m{s[33m.[39mdrawerAvatar}[33m>[39m[33m<[39m[33mDefaultAvatar[39m size[33m=[39m{[35m72[39m}[35m/><View style={s.editDot}><Ionicons name="pencil" size={12} color="#FFF"/[39m[33m>[39m[33m<[39m[33m/[39m[33mView[39m[33m>[39m[33m<[39m[33m/[39m[33mView[39m[33m>[39m[33m<[39m[33mText[39m style[33m=[39m{s[33m.[39mdrawerProfileName}[33m>[39m한걸음[33m<[39m[33m/[39m[33mText[39m[33m>[39m[33m<[39m[33mText[39m numberOfLines[33m=[39m{[35m2[39m} style[33m=[39m{s[33m.[39mdrawerProfileIntro}[33m>[39m자기 소개가 들어가는 공간입니다[33m.[39m 편안한 대화를 좋아해요[33m.[39m[33m<[39m[33m/[39m[33mText[39m[33m>[39m[33m<[39m[33m/[39m[33mView[39m[33m>[39m
[31m[1m>[22m[39m[90m 1554 |[39m     [33m<[39m[33mView[39m style[33m=[39m{s[33m.[39mchatDrawerMenu}[33m>[39m[33m<[39m[33mDrawerMenu[39m icon[33m=[39m[32m"notifications-outline"[39m title[33m=[39m[32m"알림 설정"[39m trailing[33m=[39m{[33m<[39m[33mSwitch[39m value[33m=[39m{notifications} onValueChange[33m=[39m{setNotifications} trackColor[33m=[39m{{[36mfalse[39m[33m:[39mcolors[33m.[39mgray200[33m,[39m[36mtrue[39m[33m:[39mcolors[33m.[39mmint300}}[35m/>}/[39m[33m>[39m{isStaff[33m&&[39m[33m<[39m[33mDrawerMenu[39m icon[33m=[39m[32m"person-add-outline"[39m title[33m=[39m[32m"가입 신청 목록"[39m onPress[33m=[39m{onApplications}[35m/>}<DrawerMenu icon="people-outline" title="멤버 관리" onPress={onOpenMembers}/[39m[33m>[39m[33m<[39m[33mDrawerMenu[39m icon[33m=[39m[32m"albums-outline"[39m title[33m=[39m[32m"스토리 보기"[39m onPress[33m=[39m{onStories}[35m/>{isOwner&&<DrawerMenu icon="lock-closed-outline" title="방 공개 설정" onPress={onRoomSettings}/[39m[33m>[39m} {isStaff[33m&&[39m[33m<[39m[33mDrawerMenu[39m icon[33m=[39m[32m"ban-outline"[39m title[33m=[39m[32m"차단 멤버 목록"[39m onPress[33m=[39m{onBlocked}[33m/[39m[33m>[39m} {isOwner[33m&&[39m[33m<[39m[33mPressable[39m onPress[33m=[39m{onDelete} style[33m=[39m{s[33m.[39mdeleteRoomLink}[33m>[39m[33m<[39m[33mText[39m style[33m=[39m{s[33m.[39mdeleteRoomText}[33m>[39m방 삭제하기[33m<[39m[33m/[39m[33mText[39m[33m>[39m[33m<[39m[33m/[39m[33mPressable[39m[33m>[39m}[33m<[39m[33m/[39m[33mView[39m[33m>[39m
 [90m      |[39m     [31m[1m^[22m[39m
 [90m 1555 |[39m   [33m<[39m[33m/[39m[33mAnimated[39m[33m.[39m[33mView[39m[33m>[39m[33m<[39m[33m/[39m[33mView[39m[33m>[39m[33m;[39m
 [90m 1556 |[39m }
 [90m 1557 |[39m [36mfunction[39m [33mDrawerMenu[39m({icon[33m,[39mtitle[33m,[39monPress[33m,[39mtrailing}[33m:[39m{icon[33m:[39m[33mIconName[39m[33m;[39mtitle[33m:[39mstring[33m;[39monPress[33m?[39m[33m:[39m()[33m=>[39m[36mvoid[39m[33m;[39mtrailing[33m?[39m[33m:[39m[33mReact[39m[33m.[39m[33mReactNode[39m}){[36mreturn[39m [33m<[39m[33mPressable[39m onPress[33m=[39m{onPress} disabled[33m=[39m{[33m![39monPress[33m&&[39m[33m![39mtrailing} style[33m=[39m{({pressed})[33m=>[39m[s[33m.[39mdrawerMenu[33m,[39mpressed[33m&&[39ms[33m.[39mpressed]}[33m>[39m[33m<[39m[33mIonicons[39m name[33m=[39m{icon} size[33m=[39m{[35m20[39m} color[33m=[39m{colors[33m.[39mtextSubtle}[33m/[39m[33m>[39m[33m<[39m[33mText[39m style[33m=[39m{s[33m.[39mdrawerMenuText}[33m>[39m{title}[33m<[39m[35m/Text>{trailing??<Ionicons name="chevron-forward" size={17} color={colors.gray300}/[39m[33m>[39m}[33m<[39m[33m/[39m[33mPressable[39m[33m>[39m[33m;[39m}[0m
Call Stack
  ChatDrawer (App.tsx:1554:5)
  ChatRoom (App.tsx:1177:5)
  AuthenticatedApp (App.tsx:375:33)
  App (App.tsx:202:10)
Web  ERROR  Unexpected text node:  . A text node cannot be a child of a <View>. 

Code: App.tsx
[0m [90m 1552 |[39m   [36mreturn[39m [33m<[39m[33mView[39m style[33m=[39m{s[33m.[39mdrawerLayer}[33m>[39m[33m<[39m[33mPressable[39m accessibilityLabel[33m=[39m[32m"채팅 메뉴 닫기"[39m onPress[33m=[39m{onClose} style[33m=[39m{s[33m.[39mdrawerDim}[33m/[39m[33m>[39m[33m<[39m[33mAnimated[39m[33m.[39m[33mView[39m style[33m=[39m{[s[33m.[39mchatDrawer[33m,[39m{transform[33m:[39m[{translateX[33m:[39mslide}]}]}[33m>[39m
 [90m 1553 |[39m     [33m<[39m[33mView[39m style[33m=[39m{s[33m.[39mdrawerProfile}[33m>[39m[33m<[39m[33mView[39m style[33m=[39m{s[33m.[39mdrawerAvatar}[33m>[39m[33m<[39m[33mDefaultAvatar[39m size[33m=[39m{[35m72[39m}[35m/><View style={s.editDot}><Ionicons name="pencil" size={12} color="#FFF"/[39m[33m>[39m[33m<[39m[33m/[39m[33mView[39m[33m>[39m[33m<[39m[33m/[39m[33mView[39m[33m>[39m[33m<[39m[33mText[39m style[33m=[39m{s[33m.[39mdrawerProfileName}[33m>[39m한걸음[33m<[39m[33m/[39m[33mText[39m[33m>[39m[33m<[39m[33mText[39m numberOfLines[33m=[39m{[35m2[39m} style[33m=[39m{s[33m.[39mdrawerProfileIntro}[33m>[39m자기 소개가 들어가는 공간입니다[33m.[39m 편안한 대화를 좋아해요[33m.[39m[33m<[39m[33m/[39m[33mText[39m[33m>[39m[33m<[39m[33m/[39m[33mView[39m[33m>[39m
[31m[1m>[22m[39m[90m 1554 |[39m     [33m<[39m[33mView[39m style[33m=[39m{s[33m.[39mchatDrawerMenu}[33m>[39m[33m<[39m[33mDrawerMenu[39m icon[33m=[39m[32m"notifications-outline"[39m title[33m=[39m[32m"알림 설정"[39m trailing[33m=[39m{[33m<[39m[33mSwitch[39m value[33m=[39m{notifications} onValueChange[33m=[39m{setNotifications} trackColor[33m=[39m{{[36mfalse[39m[33m:[39mcolors[33m.[39mgray200[33m,[39m[36mtrue[39m[33m:[39mcolors[33m.[39mmint300}}[35m/>}/[39m[33m>[39m{isStaff[33m&&[39m[33m<[39m[33mDrawerMenu[39m icon[33m=[39m[32m"person-add-outline"[39m title[33m=[39m[32m"가입 신청 목록"[39m onPress[33m=[39m{onApplications}[35m/>}<DrawerMenu icon="people-outline" title="멤버 관리" onPress={onOpenMembers}/[39m[33m>[39m[33m<[39m[33mDrawerMenu[39m icon[33m=[39m[32m"albums-outline"[39m title[33m=[39m[32m"스토리 보기"[39m onPress[33m=[39m{onStories}[35m/>{isOwner&&<DrawerMenu icon="lock-closed-outline" title="방 공개 설정" onPress={onRoomSettings}/[39m[33m>[39m} {isStaff[33m&&[39m[33m<[39m[33mDrawerMenu[39m icon[33m=[39m[32m"ban-outline"[39m title[33m=[39m[32m"차단 멤버 목록"[39m onPress[33m=[39m{onBlocked}[33m/[39m[33m>[39m} {isOwner[33m&&[39m[33m<[39m[33mPressable[39m onPress[33m=[39m{onDelete} style[33m=[39m{s[33m.[39mdeleteRoomLink}[33m>[39m[33m<[39m[33mText[39m style[33m=[39m{s[33m.[39mdeleteRoomText}[33m>[39m방 삭제하기[33m<[39m[33m/[39m[33mText[39m[33m>[39m[33m<[39m[33m/[39m[33mPressable[39m[33m>[39m}[33m<[39m[33m/[39m[33mView[39m[33m>[39m
 [90m      |[39m     [31m[1m^[22m[39m
 [90m 1555 |[39m   [33m<[39m[33m/[39m[33mAnimated[39m[33m.[39m[33mView[39m[33m>[39m[33m<[39m[33m/[39m[33mView[39m[33m>[39m[33m;[39m
 [90m 1556 |[39m }
 [90m 1557 |[39m [36mfunction[39m [33mDrawerMenu[39m({icon[33m,[39mtitle[33m,[39monPress[33m,[39mtrailing}[33m:[39m{icon[33m:[39m[33mIconName[39m[33m;[39mtitle[33m:[39mstring[33m;[39monPress[33m?[39m[33m:[39m()[33m=>[39m[36mvoid[39m[33m;[39mtrailing[33m?[39m[33m:[39m[33mReact[39m[33m.[39m[33mReactNode[39m}){[36mreturn[39m [33m<[39m[33mPressable[39m onPress[33m=[39m{onPress} disabled[33m=[39m{[33m![39monPress[33m&&[39m[33m![39mtrailing} style[33m=[39m{({pressed})[33m=>[39m[s[33m.[39mdrawerMenu[33m,[39mpressed[33m&&[39ms[33m.[39mpressed]}[33m>[39m[33m<[39m[33mIonicons[39m name[33m=[39m{icon} size[33m=[39m{[35m20[39m} color[33m=[39m{colors[33m.[39mtextSubtle}[33m/[39m[33m>[39m[33m<[39m[33mText[39m style[33m=[39m{s[33m.[39mdrawerMenuText}[33m>[39m{title}[33m<[39m[35m/Text>{trailing??<Ionicons name="chevron-forward" size={17} color={colors.gray300}/[39m[33m>[39m}[33m<[39m[33m/[39m[33mPressable[39m[33m>[39m[33m;[39m}[0m
Call Stack
  ChatDrawer (App.tsx:1554:5)
  ChatRoom (App.tsx:1177:5)
  AuthenticatedApp (App.tsx:375:33)
  App (App.tsx:202:10)
Web  ERROR  Unexpected text node:  . A text node cannot be a child of a <View>. 

Code: App.tsx
[0m [90m 1552 |[39m   [36mreturn[39m [33m<[39m[33mView[39m style[33m=[39m{s[33m.[39mdrawerLayer}[33m>[39m[33m<[39m[33mPressable[39m accessibilityLabel[33m=[39m[32m"채팅 메뉴 닫기"[39m onPress[33m=[39m{onClose} style[33m=[39m{s[33m.[39mdrawerDim}[33m/[39m[33m>[39m[33m<[39m[33mAnimated[39m[33m.[39m[33mView[39m style[33m=[39m{[s[33m.[39mchatDrawer[33m,[39m{transform[33m:[39m[{translateX[33m:[39mslide}]}]}[33m>[39m
 [90m 1553 |[39m     [33m<[39m[33mView[39m style[33m=[39m{s[33m.[39mdrawerProfile}[33m>[39m[33m<[39m[33mView[39m style[33m=[39m{s[33m.[39mdrawerAvatar}[33m>[39m[33m<[39m[33mDefaultAvatar[39m size[33m=[39m{[35m72[39m}[35m/><View style={s.editDot}><Ionicons name="pencil" size={12} color="#FFF"/[39m[33m>[39m[33m<[39m[33m/[39m[33mView[39m[33m>[39m[33m<[39m[33m/[39m[33mView[39m[33m>[39m[33m<[39m[33mText[39m style[33m=[39m{s[33m.[39mdrawerProfileName}[33m>[39m한걸음[33m<[39m[33m/[39m[33mText[39m[33m>[39m[33m<[39m[33mText[39m numberOfLines[33m=[39m{[35m2[39m} style[33m=[39m{s[33m.[39mdrawerProfileIntro}[33m>[39m자기 소개가 들어가는 공간입니다[33m.[39m 편안한 대화를 좋아해요[33m.[39m[33m<[39m[33m/[39m[33mText[39m[33m>[39m[33m<[39m[33m/[39m[33mView[39m[33m>[39m
[31m[1m>[22m[39m[90m 1554 |[39m     [33m<[39m[33mView[39m style[33m=[39m{s[33m.[39mchatDrawerMenu}[33m>[39m[33m<[39m[33mDrawerMenu[39m icon[33m=[39m[32m"notifications-outline"[39m title[33m=[39m[32m"알림 설정"[39m trailing[33m=[39m{[33m<[39m[33mSwitch[39m value[33m=[39m{notifications} onValueChange[33m=[39m{setNotifications} trackColor[33m=[39m{{[36mfalse[39m[33m:[39mcolors[33m.[39mgray200[33m,[39m[36mtrue[39m[33m:[39mcolors[33m.[39mmint300}}[35m/>}/[39m[33m>[39m{isStaff[33m&&[39m[33m<[39m[33mDrawerMenu[39m icon[33m=[39m[32m"person-add-outline"[39m title[33m=[39m[32m"가입 신청 목록"[39m onPress[33m=[39m{onApplications}[35m/>}<DrawerMenu icon="people-outline" title="멤버 관리" onPress={onOpenMembers}/[39m[33m>[39m[33m<[39m[33mDrawerMenu[39m icon[33m=[39m[32m"albums-outline"[39m title[33m=[39m[32m"스토리 보기"[39m onPress[33m=[39m{onStories}[35m/>{isOwner&&<DrawerMenu icon="lock-closed-outline" title="방 공개 설정" onPress={onRoomSettings}/[39m[33m>[39m} {isStaff[33m&&[39m[33m<[39m[33mDrawerMenu[39m icon[33m=[39m[32m"ban-outline"[39m title[33m=[39m[32m"차단 멤버 목록"[39m onPress[33m=[39m{onBlocked}[33m/[39m[33m>[39m} {isOwner[33m&&[39m[33m<[39m[33mPressable[39m onPress[33m=[39m{onDelete} style[33m=[39m{s[33m.[39mdeleteRoomLink}[33m>[39m[33m<[39m[33mText[39m style[33m=[39m{s[33m.[39mdeleteRoomText}[33m>[39m방 삭제하기[33m<[39m[33m/[39m[33mText[39m[33m>[39m[33m<[39m[33m/[39m[33mPressable[39m[33m>[39m}[33m<[39m[33m/[39m[33mView[39m[33m>[39m
 [90m      |[39m     [31m[1m^[22m[39m
 [90m 1555 |[39m   [33m<[39m[33m/[39m[33mAnimated[39m[33m.[39m[33mView[39m[33m>[39m[33m<[39m[33m/[39m[33mView[39m[33m>[39m[33m;[39m
 [90m 1556 |[39m }
 [90m 1557 |[39m [36mfunction[39m [33mDrawerMenu[39m({icon[33m,[39mtitle[33m,[39monPress[33m,[39mtrailing}[33m:[39m{icon[33m:[39m[33mIconName[39m[33m;[39mtitle[33m:[39mstring[33m;[39monPress[33m?[39m[33m:[39m()[33m=>[39m[36mvoid[39m[33m;[39mtrailing[33m?[39m[33m:[39m[33mReact[39m[33m.[39m[33mReactNode[39m}){[36mreturn[39m [33m<[39m[33mPressable[39m onPress[33m=[39m{onPress} disabled[33m=[39m{[33m![39monPress[33m&&[39m[33m![39mtrailing} style[33m=[39m{({pressed})[33m=>[39m[s[33m.[39mdrawerMenu[33m,[39mpressed[33m&&[39ms[33m.[39mpressed]}[33m>[39m[33m<[39m[33mIonicons[39m name[33m=[39m{icon} size[33m=[39m{[35m20[39m} color[33m=[39m{colors[33m.[39mtextSubtle}[33m/[39m[33m>[39m[33m<[39m[33mText[39m style[33m=[39m{s[33m.[39mdrawerMenuText}[33m>[39m{title}[33m<[39m[35m/Text>{trailing??<Ionicons name="chevron-forward" size={17} color={colors.gray300}/[39m[33m>[39m}[33m<[39m[33m/[39m[33mPressable[39m[33m>[39m[33m;[39m}[0m
Call Stack
  ChatDrawer (App.tsx:1554:5)
  ChatRoom (App.tsx:1177:5)
  AuthenticatedApp (App.tsx:375:33)
  App (App.tsx:202:10)
Web  ERROR  Unexpected text node:  . A text node cannot be a child of a <View>. 

Code: App.tsx
[0m [90m 1552 |[39m   [36mreturn[39m [33m<[39m[33mView[39m style[33m=[39m{s[33m.[39mdrawerLayer}[33m>[39m[33m<[39m[33mPressable[39m accessibilityLabel[33m=[39m[32m"채팅 메뉴 닫기"[39m onPress[33m=[39m{onClose} style[33m=[39m{s[33m.[39mdrawerDim}[33m/[39m[33m>[39m[33m<[39m[33mAnimated[39m[33m.[39m[33mView[39m style[33m=[39m{[s[33m.[39mchatDrawer[33m,[39m{transform[33m:[39m[{translateX[33m:[39mslide}]}]}[33m>[39m
 [90m 1553 |[39m     [33m<[39m[33mView[39m style[33m=[39m{s[33m.[39mdrawerProfile}[33m>[39m[33m<[39m[33mView[39m style[33m=[39m{s[33m.[39mdrawerAvatar}[33m>[39m[33m<[39m[33mDefaultAvatar[39m size[33m=[39m{[35m72[39m}[35m/><View style={s.editDot}><Ionicons name="pencil" size={12} color="#FFF"/[39m[33m>[39m[33m<[39m[33m/[39m[33mView[39m[33m>[39m[33m<[39m[33m/[39m[33mView[39m[33m>[39m[33m<[39m[33mText[39m style[33m=[39m{s[33m.[39mdrawerProfileName}[33m>[39m한걸음[33m<[39m[33m/[39m[33mText[39m[33m>[39m[33m<[39m[33mText[39m numberOfLines[33m=[39m{[35m2[39m} style[33m=[39m{s[33m.[39mdrawerProfileIntro}[33m>[39m자기 소개가 들어가는 공간입니다[33m.[39m 편안한 대화를 좋아해요[33m.[39m[33m<[39m[33m/[39m[33mText[39m[33m>[39m[33m<[39m[33m/[39m[33mView[39m[33m>[39m
[31m[1m>[22m[39m[90m 1554 |[39m     [33m<[39m[33mView[39m style[33m=[39m{s[33m.[39mchatDrawerMenu}[33m>[39m[33m<[39m[33mDrawerMenu[39m icon[33m=[39m[32m"notifications-outline"[39m title[33m=[39m[32m"알림 설정"[39m trailing[33m=[39m{[33m<[39m[33mSwitch[39m value[33m=[39m{notifications} onValueChange[33m=[39m{setNotifications} trackColor[33m=[39m{{[36mfalse[39m[33m:[39mcolors[33m.[39mgray200[33m,[39m[36mtrue[39m[33m:[39mcolors[33m.[39mmint300}}[35m/>}/[39m[33m>[39m{isStaff[33m&&[39m[33m<[39m[33mDrawerMenu[39m icon[33m=[39m[32m"person-add-outline"[39m title[33m=[39m[32m"가입 신청 목록"[39m onPress[33m=[39m{onApplications}[35m/>}<DrawerMenu icon="people-outline" title="멤버 관리" onPress={onOpenMembers}/[39m[33m>[39m[33m<[39m[33mDrawerMenu[39m icon[33m=[39m[32m"albums-outline"[39m title[33m=[39m[32m"스토리 보기"[39m onPress[33m=[39m{onStories}[35m/>{isOwner&&<DrawerMenu icon="lock-closed-outline" title="방 공개 설정" onPress={onRoomSettings}/[39m[33m>[39m} {isStaff[33m&&[39m[33m<[39m[33mDrawerMenu[39m icon[33m=[39m[32m"ban-outline"[39m title[33m=[39m[32m"차단 멤버 목록"[39m onPress[33m=[39m{onBlocked}[33m/[39m[33m>[39m} {isOwner[33m&&[39m[33m<[39m[33mPressable[39m onPress[33m=[39m{onDelete} style[33m=[39m{s[33m.[39mdeleteRoomLink}[33m>[39m[33m<[39m[33mText[39m style[33m=[39m{s[33m.[39mdeleteRoomText}[33m>[39m방 삭제하기[33m<[39m[33m/[39m[33mText[39m[33m>[39m[33m<[39m[33m/[39m[33mPressable[39m[33m>[39m}[33m<[39m[33m/[39m[33mView[39m[33m>[39m
 [90m      |[39m     [31m[1m^[22m[39m
 [90m 1555 |[39m   [33m<[39m[33m/[39m[33mAnimated[39m[33m.[39m[33mView[39m[33m>[39m[33m<[39m[33m/[39m[33mView[39m[33m>[39m[33m;[39m
 [90m 1556 |[39m }
 [90m 1557 |[39m [36mfunction[39m [33mDrawerMenu[39m({icon[33m,[39mtitle[33m,[39monPress[33m,[39mtrailing}[33m:[39m{icon[33m:[39m[33mIconName[39m[33m;[39mtitle[33m:[39mstring[33m;[39monPress[33m?[39m[33m:[39m()[33m=>[39m[36mvoid[39m[33m;[39mtrailing[33m?[39m[33m:[39m[33mReact[39m[33m.[39m[33mReactNode[39m}){[36mreturn[39m [33m<[39m[33mPressable[39m onPress[33m=[39m{onPress} disabled[33m=[39m{[33m![39monPress[33m&&[39m[33m![39mtrailing} style[33m=[39m{({pressed})[33m=>[39m[s[33m.[39mdrawerMenu[33m,[39mpressed[33m&&[39ms[33m.[39mpressed]}[33m>[39m[33m<[39m[33mIonicons[39m name[33m=[39m{icon} size[33m=[39m{[35m20[39m} color[33m=[39m{colors[33m.[39mtextSubtle}[33m/[39m[33m>[39m[33m<[39m[33mText[39m style[33m=[39m{s[33m.[39mdrawerMenuText}[33m>[39m{title}[33m<[39m[35m/Text>{trailing??<Ionicons name="chevron-forward" size={17} color={colors.gray300}/[39m[33m>[39m}[33m<[39m[33m/[39m[33mPressable[39m[33m>[39m[33m;[39m}[0m
Call Stack
  ChatDrawer (App.tsx:1554:5)
  ChatRoom (App.tsx:1177:5)
  AuthenticatedApp (App.tsx:375:33)
  App (App.tsx:202:10)
Web  ERROR  Unexpected text node:  . A text node cannot be a child of a <View>. 

Code: App.tsx
[0m [90m 1552 |[39m   [36mreturn[39m [33m<[39m[33mView[39m style[33m=[39m{s[33m.[39mdrawerLayer}[33m>[39m[33m<[39m[33mPressable[39m accessibilityLabel[33m=[39m[32m"채팅 메뉴 닫기"[39m onPress[33m=[39m{onClose} style[33m=[39m{s[33m.[39mdrawerDim}[33m/[39m[33m>[39m[33m<[39m[33mAnimated[39m[33m.[39m[33mView[39m style[33m=[39m{[s[33m.[39mchatDrawer[33m,[39m{transform[33m:[39m[{translateX[33m:[39mslide}]}]}[33m>[39m
 [90m 1553 |[39m     [33m<[39m[33mView[39m style[33m=[39m{s[33m.[39mdrawerProfile}[33m>[39m[33m<[39m[33mView[39m style[33m=[39m{s[33m.[39mdrawerAvatar}[33m>[39m[33m<[39m[33mDefaultAvatar[39m size[33m=[39m{[35m72[39m}[35m/><View style={s.editDot}><Ionicons name="pencil" size={12} color="#FFF"/[39m[33m>[39m[33m<[39m[33m/[39m[33mView[39m[33m>[39m[33m<[39m[33m/[39m[33mView[39m[33m>[39m[33m<[39m[33mText[39m style[33m=[39m{s[33m.[39mdrawerProfileName}[33m>[39m한걸음[33m<[39m[33m/[39m[33mText[39m[33m>[39m[33m<[39m[33mText[39m numberOfLines[33m=[39m{[35m2[39m} style[33m=[39m{s[33m.[39mdrawerProfileIntro}[33m>[39m자기 소개가 들어가는 공간입니다[33m.[39m 편안한 대화를 좋아해요[33m.[39m[33m<[39m[33m/[39m[33mText[39m[33m>[39m[33m<[39m[33m/[39m[33mView[39m[33m>[39m
[31m[1m>[22m[39m[90m 1554 |[39m     [33m<[39m[33mView[39m style[33m=[39m{s[33m.[39mchatDrawerMenu}[33m>[39m[33m<[39m[33mDrawerMenu[39m icon[33m=[39m[32m"notifications-outline"[39m title[33m=[39m[32m"알림 설정"[39m trailing[33m=[39m{[33m<[39m[33mSwitch[39m value[33m=[39m{notifications} onValueChange[33m=[39m{setNotifications} trackColor[33m=[39m{{[36mfalse[39m[33m:[39mcolors[33m.[39mgray200[33m,[39m[36mtrue[39m[33m:[39mcolors[33m.[39mmint300}}[35m/>}/[39m[33m>[39m{isStaff[33m&&[39m[33m<[39m[33mDrawerMenu[39m icon[33m=[39m[32m"person-add-outline"[39m title[33m=[39m[32m"가입 신청 목록"[39m onPress[33m=[39m{onApplications}[35m/>}<DrawerMenu icon="people-outline" title="멤버 관리" onPress={onOpenMembers}/[39m[33m>[39m[33m<[39m[33mDrawerMenu[39m icon[33m=[39m[32m"albums-outline"[39m title[33m=[39m[32m"스토리 보기"[39m onPress[33m=[39m{onStories}[35m/>{isOwner&&<DrawerMenu icon="lock-closed-outline" title="방 공개 설정" onPress={onRoomSettings}/[39m[33m>[39m} {isStaff[33m&&[39m[33m<[39m[33mDrawerMenu[39m icon[33m=[39m[32m"ban-outline"[39m title[33m=[39m[32m"차단 멤버 목록"[39m onPress[33m=[39m{onBlocked}[33m/[39m[33m>[39m} {isOwner[33m&&[39m[33m<[39m[33mPressable[39m onPress[33m=[39m{onDelete} style[33m=[39m{s[33m.[39mdeleteRoomLink}[33m>[39m[33m<[39m[33mText[39m style[33m=[39m{s[33m.[39mdeleteRoomText}[33m>[39m방 삭제하기[33m<[39m[33m/[39m[33mText[39m[33m>[39m[33m<[39m[33m/[39m[33mPressable[39m[33m>[39m}[33m<[39m[33m/[39m[33mView[39m[33m>[39m
 [90m      |[39m     [31m[1m^[22m[39m
 [90m 1555 |[39m   [33m<[39m[33m/[39m[33mAnimated[39m[33m.[39m[33mView[39m[33m>[39m[33m<[39m[33m/[39m[33mView[39m[33m>[39m[33m;[39m
 [90m 1556 |[39m }
 [90m 1557 |[39m [36mfunction[39m [33mDrawerMenu[39m({icon[33m,[39mtitle[33m,[39monPress[33m,[39mtrailing}[33m:[39m{icon[33m:[39m[33mIconName[39m[33m;[39mtitle[33m:[39mstring[33m;[39monPress[33m?[39m[33m:[39m()[33m=>[39m[36mvoid[39m[33m;[39mtrailing[33m?[39m[33m:[39m[33mReact[39m[33m.[39m[33mReactNode[39m}){[36mreturn[39m [33m<[39m[33mPressable[39m onPress[33m=[39m{onPress} disabled[33m=[39m{[33m![39monPress[33m&&[39m[33m![39mtrailing} style[33m=[39m{({pressed})[33m=>[39m[s[33m.[39mdrawerMenu[33m,[39mpressed[33m&&[39ms[33m.[39mpressed]}[33m>[39m[33m<[39m[33mIonicons[39m name[33m=[39m{icon} size[33m=[39m{[35m20[39m} color[33m=[39m{colors[33m.[39mtextSubtle}[33m/[39m[33m>[39m[33m<[39m[33mText[39m style[33m=[39m{s[33m.[39mdrawerMenuText}[33m>[39m{title}[33m<[39m[35m/Text>{trailing??<Ionicons name="chevron-forward" size={17} color={colors.gray300}/[39m[33m>[39m}[33m<[39m[33m/[39m[33mPressable[39m[33m>[39m[33m;[39m}[0m
Call Stack
  ChatDrawer (App.tsx:1554:5)
  ChatRoom (App.tsx:1177:5)
  AuthenticatedApp (App.tsx:375:33)
  App (App.tsx:202:10)
Web  ERROR  Unexpected text node:  . A text node cannot be a child of a <View>. 

Code: App.tsx
[0m [90m 1552 |[39m   [36mreturn[39m [33m<[39m[33mView[39m style[33m=[39m{s[33m.[39mdrawerLayer}[33m>[39m[33m<[39m[33mPressable[39m accessibilityLabel[33m=[39m[32m"채팅 메뉴 닫기"[39m onPress[33m=[39m{onClose} style[33m=[39m{s[33m.[39mdrawerDim}[33m/[39m[33m>[39m[33m<[39m[33mAnimated[39m[33m.[39m[33mView[39m style[33m=[39m{[s[33m.[39mchatDrawer[33m,[39m{transform[33m:[39m[{translateX[33m:[39mslide}]}]}[33m>[39m
 [90m 1553 |[39m     [33m<[39m[33mView[39m style[33m=[39m{s[33m.[39mdrawerProfile}[33m>[39m[33m<[39m[33mView[39m style[33m=[39m{s[33m.[39mdrawerAvatar}[33m>[39m[33m<[39m[33mDefaultAvatar[39m size[33m=[39m{[35m72[39m}[35m/><View style={s.editDot}><Ionicons name="pencil" size={12} color="#FFF"/[39m[33m>[39m[33m<[39m[33m/[39m[33mView[39m[33m>[39m[33m<[39m[33m/[39m[33mView[39m[33m>[39m[33m<[39m[33mText[39m style[33m=[39m{s[33m.[39mdrawerProfileName}[33m>[39m한걸음[33m<[39m[33m/[39m[33mText[39m[33m>[39m[33m<[39m[33mText[39m numberOfLines[33m=[39m{[35m2[39m} style[33m=[39m{s[33m.[39mdrawerProfileIntro}[33m>[39m자기 소개가 들어가는 공간입니다[33m.[39m 편안한 대화를 좋아해요[33m.[39m[33m<[39m[33m/[39m[33mText[39m[33m>[39m[33m<[39m[33m/[39m[33mView[39m[33m>[39m
[31m[1m>[22m[39m[90m 1554 |[39m     [33m<[39m[33mView[39m style[33m=[39m{s[33m.[39mchatDrawerMenu}[33m>[39m[33m<[39m[33mDrawerMenu[39m icon[33m=[39m[32m"notifications-outline"[39m title[33m=[39m[32m"알림 설정"[39m trailing[33m=[39m{[33m<[39m[33mSwitch[39m value[33m=[39m{notifications} onValueChange[33m=[39m{setNotifications} trackColor[33m=[39m{{[36mfalse[39m[33m:[39mcolors[33m.[39mgray200[33m,[39m[36mtrue[39m[33m:[39mcolors[33m.[39mmint300}}[35m/>}/[39m[33m>[39m{isStaff[33m&&[39m[33m<[39m[33mDrawerMenu[39m icon[33m=[39m[32m"person-add-outline"[39m title[33m=[39m[32m"가입 신청 목록"[39m onPress[33m=[39m{onApplications}[35m/>}<DrawerMenu icon="people-outline" title="멤버 관리" onPress={onOpenMembers}/[39m[33m>[39m[33m<[39m[33mDrawerMenu[39m icon[33m=[39m[32m"albums-outline"[39m title[33m=[39m[32m"스토리 보기"[39m onPress[33m=[39m{onStories}[35m/>{isOwner&&<DrawerMenu icon="lock-closed-outline" title="방 공개 설정" onPress={onRoomSettings}/[39m[33m>[39m} {isStaff[33m&&[39m[33m<[39m[33mDrawerMenu[39m icon[33m=[39m[32m"ban-outline"[39m title[33m=[39m[32m"차단 멤버 목록"[39m onPress[33m=[39m{onBlocked}[33m/[39m[33m>[39m} {isOwner[33m&&[39m[33m<[39m[33mPressable[39m onPress[33m=[39m{onDelete} style[33m=[39m{s[33m.[39mdeleteRoomLink}[33m>[39m[33m<[39m[33mText[39m style[33m=[39m{s[33m.[39mdeleteRoomText}[33m>[39m방 삭제하기[33m<[39m[33m/[39m[33mText[39m[33m>[39m[33m<[39m[33m/[39m[33mPressable[39m[33m>[39m}[33m<[39m[33m/[39m[33mView[39m[33m>[39m
 [90m      |[39m     [31m[1m^[22m[39m
 [90m 1555 |[39m   [33m<[39m[33m/[39m[33mAnimated[39m[33m.[39m[33mView[39m[33m>[39m[33m<[39m[33m/[39m[33mView[39m[33m>[39m[33m;[39m
 [90m 1556 |[39m }
 [90m 1557 |[39m [36mfunction[39m [33mDrawerMenu[39m({icon[33m,[39mtitle[33m,[39monPress[33m,[39mtrailing}[33m:[39m{icon[33m:[39m[33mIconName[39m[33m;[39mtitle[33m:[39mstring[33m;[39monPress[33m?[39m[33m:[39m()[33m=>[39m[36mvoid[39m[33m;[39mtrailing[33m?[39m[33m:[39m[33mReact[39m[33m.[39m[33mReactNode[39m}){[36mreturn[39m [33m<[39m[33mPressable[39m onPress[33m=[39m{onPress} disabled[33m=[39m{[33m![39monPress[33m&&[39m[33m![39mtrailing} style[33m=[39m{({pressed})[33m=>[39m[s[33m.[39mdrawerMenu[33m,[39mpressed[33m&&[39ms[33m.[39mpressed]}[33m>[39m[33m<[39m[33mIonicons[39m name[33m=[39m{icon} size[33m=[39m{[35m20[39m} color[33m=[39m{colors[33m.[39mtextSubtle}[33m/[39m[33m>[39m[33m<[39m[33mText[39m style[33m=[39m{s[33m.[39mdrawerMenuText}[33m>[39m{title}[33m<[39m[35m/Text>{trailing??<Ionicons name="chevron-forward" size={17} color={colors.gray300}/[39m[33m>[39m}[33m<[39m[33m/[39m[33mPressable[39m[33m>[39m[33m;[39m}[0m
Call Stack
  ChatDrawer (App.tsx:1554:5)
  ChatRoom (App.tsx:1177:5)
  AuthenticatedApp (App.tsx:375:33)
  App (App.tsx:202:10)
Web  ERROR  Unexpected text node:  . A text node cannot be a child of a <View>. 

Code: App.tsx
[0m [90m 1552 |[39m   [36mreturn[39m [33m<[39m[33mView[39m style[33m=[39m{s[33m.[39mdrawerLayer}[33m>[39m[33m<[39m[33mPressable[39m accessibilityLabel[33m=[39m[32m"채팅 메뉴 닫기"[39m onPress[33m=[39m{onClose} style[33m=[39m{s[33m.[39mdrawerDim}[33m/[39m[33m>[39m[33m<[39m[33mAnimated[39m[33m.[39m[33mView[39m style[33m=[39m{[s[33m.[39mchatDrawer[33m,[39m{transform[33m:[39m[{translateX[33m:[39mslide}]}]}[33m>[39m
 [90m 1553 |[39m     [33m<[39m[33mView[39m style[33m=[39m{s[33m.[39mdrawerProfile}[33m>[39m[33m<[39m[33mView[39m style[33m=[39m{s[33m.[39mdrawerAvatar}[33m>[39m[33m<[39m[33mDefaultAvatar[39m size[33m=[39m{[35m72[39m}[35m/><View style={s.editDot}><Ionicons name="pencil" size={12} color="#FFF"/[39m[33m>[39m[33m<[39m[33m/[39m[33mView[39m[33m>[39m[33m<[39m[33m/[39m[33mView[39m[33m>[39m[33m<[39m[33mText[39m style[33m=[39m{s[33m.[39mdrawerProfileName}[33m>[39m한걸음[33m<[39m[33m/[39m[33mText[39m[33m>[39m[33m<[39m[33mText[39m numberOfLines[33m=[39m{[35m2[39m} style[33m=[39m{s[33m.[39mdrawerProfileIntro}[33m>[39m자기 소개가 들어가는 공간입니다[33m.[39m 편안한 대화를 좋아해요[33m.[39m[33m<[39m[33m/[39m[33mText[39m[33m>[39m[33m<[39m[33m/[39m[33mView[39m[33m>[39m
[31m[1m>[22m[39m[90m 1554 |[39m     [33m<[39m[33mView[39m style[33m=[39m{s[33m.[39mchatDrawerMenu}[33m>[39m[33m<[39m[33mDrawerMenu[39m icon[33m=[39m[32m"notifications-outline"[39m title[33m=[39m[32m"알림 설정"[39m trailing[33m=[39m{[33m<[39m[33mSwitch[39m value[33m=[39m{notifications} onValueChange[33m=[39m{setNotifications} trackColor[33m=[39m{{[36mfalse[39m[33m:[39mcolors[33m.[39mgray200[33m,[39m[36mtrue[39m[33m:[39mcolors[33m.[39mmint300}}[35m/>}/[39m[33m>[39m{isStaff[33m&&[39m[33m<[39m[33mDrawerMenu[39m icon[33m=[39m[32m"person-add-outline"[39m title[33m=[39m[32m"가입 신청 목록"[39m onPress[33m=[39m{onApplications}[35m/>}<DrawerMenu icon="people-outline" title="멤버 관리" onPress={onOpenMembers}/[39m[33m>[39m[33m<[39m[33mDrawerMenu[39m icon[33m=[39m[32m"albums-outline"[39m title[33m=[39m[32m"스토리 보기"[39m onPress[33m=[39m{onStories}[35m/>{isOwner&&<DrawerMenu icon="lock-closed-outline" title="방 공개 설정" onPress={onRoomSettings}/[39m[33m>[39m} {isStaff[33m&&[39m[33m<[39m[33mDrawerMenu[39m icon[33m=[39m[32m"ban-outline"[39m title[33m=[39m[32m"차단 멤버 목록"[39m onPress[33m=[39m{onBlocked}[33m/[39m[33m>[39m} {isOwner[33m&&[39m[33m<[39m[33mPressable[39m onPress[33m=[39m{onDelete} style[33m=[39m{s[33m.[39mdeleteRoomLink}[33m>[39m[33m<[39m[33mText[39m style[33m=[39m{s[33m.[39mdeleteRoomText}[33m>[39m방 삭제하기[33m<[39m[33m/[39m[33mText[39m[33m>[39m[33m<[39m[33m/[39m[33mPressable[39m[33m>[39m}[33m<[39m[33m/[39m[33mView[39m[33m>[39m
 [90m      |[39m     [31m[1m^[22m[39m
 [90m 1555 |[39m   [33m<[39m[33m/[39m[33mAnimated[39m[33m.[39m[33mView[39m[33m>[39m[33m<[39m[33m/[39m[33mView[39m[33m>[39m[33m;[39m
 [90m 1556 |[39m }
 [90m 1557 |[39m [36mfunction[39m [33mDrawerMenu[39m({icon[33m,[39mtitle[33m,[39monPress[33m,[39mtrailing}[33m:[39m{icon[33m:[39m[33mIconName[39m[33m;[39mtitle[33m:[39mstring[33m;[39monPress[33m?[39m[33m:[39m()[33m=>[39m[36mvoid[39m[33m;[39mtrailing[33m?[39m[33m:[39m[33mReact[39m[33m.[39m[33mReactNode[39m}){[36mreturn[39m [33m<[39m[33mPressable[39m onPress[33m=[39m{onPress} disabled[33m=[39m{[33m![39monPress[33m&&[39m[33m![39mtrailing} style[33m=[39m{({pressed})[33m=>[39m[s[33m.[39mdrawerMenu[33m,[39mpressed[33m&&[39ms[33m.[39mpressed]}[33m>[39m[33m<[39m[33mIonicons[39m name[33m=[39m{icon} size[33m=[39m{[35m20[39m} color[33m=[39m{colors[33m.[39mtextSubtle}[33m/[39m[33m>[39m[33m<[39m[33mText[39m style[33m=[39m{s[33m.[39mdrawerMenuText}[33m>[39m{title}[33m<[39m[35m/Text>{trailing??<Ionicons name="chevron-forward" size={17} color={colors.gray300}/[39m[33m>[39m}[33m<[39m[33m/[39m[33mPressable[39m[33m>[39m[33m;[39m}[0m
Call Stack
  ChatDrawer (App.tsx:1554:5)
  ChatRoom (App.tsx:1177:5)
  AuthenticatedApp (App.tsx:375:33)
  App (App.tsx:202:10)
Web  ERROR  Unexpected text node:  . A text node cannot be a child of a <View>. 

Code: App.tsx
[0m [90m 1552 |[39m   [36mreturn[39m [33m<[39m[33mView[39m style[33m=[39m{s[33m.[39mdrawerLayer}[33m>[39m[33m<[39m[33mPressable[39m accessibilityLabel[33m=[39m[32m"채팅 메뉴 닫기"[39m onPress[33m=[39m{onClose} style[33m=[39m{s[33m.[39mdrawerDim}[33m/[39m[33m>[39m[33m<[39m[33mAnimated[39m[33m.[39m[33mView[39m style[33m=[39m{[s[33m.[39mchatDrawer[33m,[39m{transform[33m:[39m[{translateX[33m:[39mslide}]}]}[33m>[39m
 [90m 1553 |[39m     [33m<[39m[33mView[39m style[33m=[39m{s[33m.[39mdrawerProfile}[33m>[39m[33m<[39m[33mView[39m style[33m=[39m{s[33m.[39mdrawerAvatar}[33m>[39m[33m<[39m[33mDefaultAvatar[39m size[33m=[39m{[35m72[39m}[35m/><View style={s.editDot}><Ionicons name="pencil" size={12} color="#FFF"/[39m[33m>[39m[33m<[39m[33m/[39m[33mView[39m[33m>[39m[33m<[39m[33m/[39m[33mView[39m[33m>[39m[33m<[39m[33mText[39m style[33m=[39m{s[33m.[39mdrawerProfileName}[33m>[39m한걸음[33m<[39m[33m/[39m[33mText[39m[33m>[39m[33m<[39m[33mText[39m numberOfLines[33m=[39m{[35m2[39m} style[33m=[39m{s[33m.[39mdrawerProfileIntro}[33m>[39m자기 소개가 들어가는 공간입니다[33m.[39m 편안한 대화를 좋아해요[33m.[39m[33m<[39m[33m/[39m[33mText[39m[33m>[39m[33m<[39m[33m/[39m[33mView[39m[33m>[39m
[31m[1m>[22m[39m[90m 1554 |[39m     [33m<[39m[33mView[39m style[33m=[39m{s[33m.[39mchatDrawerMenu}[33m>[39m[33m<[39m[33mDrawerMenu[39m icon[33m=[39m[32m"notifications-outline"[39m title[33m=[39m[32m"알림 설정"[39m trailing[33m=[39m{[33m<[39m[33mSwitch[39m value[33m=[39m{notifications} onValueChange[33m=[39m{setNotifications} trackColor[33m=[39m{{[36mfalse[39m[33m:[39mcolors[33m.[39mgray200[33m,[39m[36mtrue[39m[33m:[39mcolors[33m.[39mmint300}}[35m/>}/[39m[33m>[39m{isStaff[33m&&[39m[33m<[39m[33mDrawerMenu[39m icon[33m=[39m[32m"person-add-outline"[39m title[33m=[39m[32m"가입 신청 목록"[39m onPress[33m=[39m{onApplications}[35m/>}<DrawerMenu icon="people-outline" title="멤버 관리" onPress={onOpenMembers}/[39m[33m>[39m[33m<[39m[33mDrawerMenu[39m icon[33m=[39m[32m"albums-outline"[39m title[33m=[39m[32m"스토리 보기"[39m onPress[33m=[39m{onStories}[35m/>{isOwner&&<DrawerMenu icon="lock-closed-outline" title="방 공개 설정" onPress={onRoomSettings}/[39m[33m>[39m} {isStaff[33m&&[39m[33m<[39m[33mDrawerMenu[39m icon[33m=[39m[32m"ban-outline"[39m title[33m=[39m[32m"차단 멤버 목록"[39m onPress[33m=[39m{onBlocked}[33m/[39m[33m>[39m} {isOwner[33m&&[39m[33m<[39m[33mPressable[39m onPress[33m=[39m{onDelete} style[33m=[39m{s[33m.[39mdeleteRoomLink}[33m>[39m[33m<[39m[33mText[39m style[33m=[39m{s[33m.[39mdeleteRoomText}[33m>[39m방 삭제하기[33m<[39m[33m/[39m[33mText[39m[33m>[39m[33m<[39m[33m/[39m[33mPressable[39m[33m>[39m}[33m<[39m[33m/[39m[33mView[39m[33m>[39m
 [90m      |[39m     [31m[1m^[22m[39m
 [90m 1555 |[39m   [33m<[39m[33m/[39m[33mAnimated[39m[33m.[39m[33mView[39m[33m>[39m[33m<[39m[33m/[39m[33mView[39m[33m>[39m[33m;[39m
 [90m 1556 |[39m }
 [90m 1557 |[39m [36mfunction[39m [33mDrawerMenu[39m({icon[33m,[39mtitle[33m,[39monPress[33m,[39mtrailing}[33m:[39m{icon[33m:[39m[33mIconName[39m[33m;[39mtitle[33m:[39mstring[33m;[39monPress[33m?[39m[33m:[39m()[33m=>[39m[36mvoid[39m[33m;[39mtrailing[33m?[39m[33m:[39m[33mReact[39m[33m.[39m[33mReactNode[39m}){[36mreturn[39m [33m<[39m[33mPressable[39m onPress[33m=[39m{onPress} disabled[33m=[39m{[33m![39monPress[33m&&[39m[33m![39mtrailing} style[33m=[39m{({pressed})[33m=>[39m[s[33m.[39mdrawerMenu[33m,[39mpressed[33m&&[39ms[33m.[39mpressed]}[33m>[39m[33m<[39m[33mIonicons[39m name[33m=[39m{icon} size[33m=[39m{[35m20[39m} color[33m=[39m{colors[33m.[39mtextSubtle}[33m/[39m[33m>[39m[33m<[39m[33mText[39m style[33m=[39m{s[33m.[39mdrawerMenuText}[33m>[39m{title}[33m<[39m[35m/Text>{trailing??<Ionicons name="chevron-forward" size={17} color={colors.gray300}/[39m[33m>[39m}[33m<[39m[33m/[39m[33mPressable[39m[33m>[39m[33m;[39m}[0m
Call Stack
  ChatDrawer (App.tsx:1554:5)
  ChatRoom (App.tsx:1177:5)
  AuthenticatedApp (App.tsx:375:33)
  App (App.tsx:202:10)
Web  ERROR  Unexpected text node:  . A text node cannot be a child of a <View>. 

Code: App.tsx
[0m [90m 1552 |[39m   [36mreturn[39m [33m<[39m[33mView[39m style[33m=[39m{s[33m.[39mdrawerLayer}[33m>[39m[33m<[39m[33mPressable[39m accessibilityLabel[33m=[39m[32m"채팅 메뉴 닫기"[39m onPress[33m=[39m{onClose} style[33m=[39m{s[33m.[39mdrawerDim}[33m/[39m[33m>[39m[33m<[39m[33mAnimated[39m[33m.[39m[33mView[39m style[33m=[39m{[s[33m.[39mchatDrawer[33m,[39m{transform[33m:[39m[{translateX[33m:[39mslide}]}]}[33m>[39m
 [90m 1553 |[39m     [33m<[39m[33mView[39m style[33m=[39m{s[33m.[39mdrawerProfile}[33m>[39m[33m<[39m[33mView[39m style[33m=[39m{s[33m.[39mdrawerAvatar}[33m>[39m[33m<[39m[33mDefaultAvatar[39m size[33m=[39m{[35m72[39m}[35m/><View style={s.editDot}><Ionicons name="pencil" size={12} color="#FFF"/[39m[33m>[39m[33m<[39m[33m/[39m[33mView[39m[33m>[39m[33m<[39m[33m/[39m[33mView[39m[33m>[39m[33m<[39m[33mText[39m style[33m=[39m{s[33m.[39mdrawerProfileName}[33m>[39m한걸음[33m<[39m[33m/[39m[33mText[39m[33m>[39m[33m<[39m[33mText[39m numberOfLines[33m=[39m{[35m2[39m} style[33m=[39m{s[33m.[39mdrawerProfileIntro}[33m>[39m자기 소개가 들어가는 공간입니다[33m.[39m 편안한 대화를 좋아해요[33m.[39m[33m<[39m[33m/[39m[33mText[39m[33m>[39m[33m<[39m[33m/[39m[33mView[39m[33m>[39m
[31m[1m>[22m[39m[90m 1554 |[39m     [33m<[39m[33mView[39m style[33m=[39m{s[33m.[39mchatDrawerMenu}[33m>[39m[33m<[39m[33mDrawerMenu[39m icon[33m=[39m[32m"notifications-outline"[39m title[33m=[39m[32m"알림 설정"[39m trailing[33m=[39m{[33m<[39m[33mSwitch[39m value[33m=[39m{notifications} onValueChange[33m=[39m{setNotifications} trackColor[33m=[39m{{[36mfalse[39m[33m:[39mcolors[33m.[39mgray200[33m,[39m[36mtrue[39m[33m:[39mcolors[33m.[39mmint300}}[35m/>}/[39m[33m>[39m{isStaff[33m&&[39m[33m<[39m[33mDrawerMenu[39m icon[33m=[39m[32m"person-add-outline"[39m title[33m=[39m[32m"가입 신청 목록"[39m onPress[33m=[39m{onApplications}[35m/>}<DrawerMenu icon="people-outline" title="멤버 관리" onPress={onOpenMembers}/[39m[33m>[39m[33m<[39m[33mDrawerMenu[39m icon[33m=[39m[32m"albums-outline"[39m title[33m=[39m[32m"스토리 보기"[39m onPress[33m=[39m{onStories}[35m/>{isOwner&&<DrawerMenu icon="lock-closed-outline" title="방 공개 설정" onPress={onRoomSettings}/[39m[33m>[39m} {isStaff[33m&&[39m[33m<[39m[33mDrawerMenu[39m icon[33m=[39m[32m"ban-outline"[39m title[33m=[39m[32m"차단 멤버 목록"[39m onPress[33m=[39m{onBlocked}[33m/[39m[33m>[39m} {isOwner[33m&&[39m[33m<[39m[33mPressable[39m onPress[33m=[39m{onDelete} style[33m=[39m{s[33m.[39mdeleteRoomLink}[33m>[39m[33m<[39m[33mText[39m style[33m=[39m{s[33m.[39mdeleteRoomText}[33m>[39m방 삭제하기[33m<[39m[33m/[39m[33mText[39m[33m>[39m[33m<[39m[33m/[39m[33mPressable[39m[33m>[39m}[33m<[39m[33m/[39m[33mView[39m[33m>[39m
 [90m      |[39m     [31m[1m^[22m[39m
 [90m 1555 |[39m   [33m<[39m[33m/[39m[33mAnimated[39m[33m.[39m[33mView[39m[33m>[39m[33m<[39m[33m/[39m[33mView[39m[33m>[39m[33m;[39m
 [90m 1556 |[39m }
 [90m 1557 |[39m [36mfunction[39m [33mDrawerMenu[39m({icon[33m,[39mtitle[33m,[39monPress[33m,[39mtrailing}[33m:[39m{icon[33m:[39m[33mIconName[39m[33m;[39mtitle[33m:[39mstring[33m;[39monPress[33m?[39m[33m:[39m()[33m=>[39m[36mvoid[39m[33m;[39mtrailing[33m?[39m[33m:[39m[33mReact[39m[33m.[39m[33mReactNode[39m}){[36mreturn[39m [33m<[39m[33mPressable[39m onPress[33m=[39m{onPress} disabled[33m=[39m{[33m![39monPress[33m&&[39m[33m![39mtrailing} style[33m=[39m{({pressed})[33m=>[39m[s[33m.[39mdrawerMenu[33m,[39mpressed[33m&&[39ms[33m.[39mpressed]}[33m>[39m[33m<[39m[33mIonicons[39m name[33m=[39m{icon} size[33m=[39m{[35m20[39m} color[33m=[39m{colors[33m.[39mtextSubtle}[33m/[39m[33m>[39m[33m<[39m[33mText[39m style[33m=[39m{s[33m.[39mdrawerMenuText}[33m>[39m{title}[33m<[39m[35m/Text>{trailing??<Ionicons name="chevron-forward" size={17} color={colors.gray300}/[39m[33m>[39m}[33m<[39m[33m/[39m[33mPressable[39m[33m>[39m[33m;[39m}[0m
Call Stack
  ChatDrawer (App.tsx:1554:5)
  ChatRoom (App.tsx:1177:5)
  AuthenticatedApp (App.tsx:375:33)
  App (App.tsx:202:10)
Web  ERROR  Unexpected text node:  . A text node cannot be a child of a <View>. 

Code: App.tsx
[0m [90m 1552 |[39m   [36mreturn[39m [33m<[39m[33mView[39m style[33m=[39m{s[33m.[39mdrawerLayer}[33m>[39m[33m<[39m[33mPressable[39m accessibilityLabel[33m=[39m[32m"채팅 메뉴 닫기"[39m onPress[33m=[39m{onClose} style[33m=[39m{s[33m.[39mdrawerDim}[33m/[39m[33m>[39m[33m<[39m[33mAnimated[39m[33m.[39m[33mView[39m style[33m=[39m{[s[33m.[39mchatDrawer[33m,[39m{transform[33m:[39m[{translateX[33m:[39mslide}]}]}[33m>[39m
 [90m 1553 |[39m     [33m<[39m[33mView[39m style[33m=[39m{s[33m.[39mdrawerProfile}[33m>[39m[33m<[39m[33mView[39m style[33m=[39m{s[33m.[39mdrawerAvatar}[33m>[39m[33m<[39m[33mDefaultAvatar[39m size[33m=[39m{[35m72[39m}[35m/><View style={s.editDot}><Ionicons name="pencil" size={12} color="#FFF"/[39m[33m>[39m[33m<[39m[33m/[39m[33mView[39m[33m>[39m[33m<[39m[33m/[39m[33mView[39m[33m>[39m[33m<[39m[33mText[39m style[33m=[39m{s[33m.[39mdrawerProfileName}[33m>[39m한걸음[33m<[39m[33m/[39m[33mText[39m[33m>[39m[33m<[39m[33mText[39m numberOfLines[33m=[39m{[35m2[39m} style[33m=[39m{s[33m.[39mdrawerProfileIntro}[33m>[39m자기 소개가 들어가는 공간입니다[33m.[39m 편안한 대화를 좋아해요[33m.[39m[33m<[39m[33m/[39m[33mText[39m[33m>[39m[33m<[39m[33m/[39m[33mView[39m[33m>[39m
[31m[1m>[22m[39m[90m 1554 |[39m     [33m<[39m[33mView[39m style[33m=[39m{s[33m.[39mchatDrawerMenu}[33m>[39m[33m<[39m[33mDrawerMenu[39m icon[33m=[39m[32m"notifications-outline"[39m title[33m=[39m[32m"알림 설정"[39m trailing[33m=[39m{[33m<[39m[33mSwitch[39m value[33m=[39m{notifications} onValueChange[33m=[39m{setNotifications} trackColor[33m=[39m{{[36mfalse[39m[33m:[39mcolors[33m.[39mgray200[33m,[39m[36mtrue[39m[33m:[39mcolors[33m.[39mmint300}}[35m/>}/[39m[33m>[39m{isStaff[33m&&[39m[33m<[39m[33mDrawerMenu[39m icon[33m=[39m[32m"person-add-outline"[39m title[33m=[39m[32m"가입 신청 목록"[39m onPress[33m=[39m{onApplications}[35m/>}<DrawerMenu icon="people-outline" title="멤버 관리" onPress={onOpenMembers}/[39m[33m>[39m[33m<[39m[33mDrawerMenu[39m icon[33m=[39m[32m"albums-outline"[39m title[33m=[39m[32m"스토리 보기"[39m onPress[33m=[39m{onStories}[35m/>{isOwner&&<DrawerMenu icon="lock-closed-outline" title="방 공개 설정" onPress={onRoomSettings}/[39m[33m>[39m} {isStaff[33m&&[39m[33m<[39m[33mDrawerMenu[39m icon[33m=[39m[32m"ban-outline"[39m title[33m=[39m[32m"차단 멤버 목록"[39m onPress[33m=[39m{onBlocked}[33m/[39m[33m>[39m} {isOwner[33m&&[39m[33m<[39m[33mPressable[39m onPress[33m=[39m{onDelete} style[33m=[39m{s[33m.[39mdeleteRoomLink}[33m>[39m[33m<[39m[33mText[39m style[33m=[39m{s[33m.[39mdeleteRoomText}[33m>[39m방 삭제하기[33m<[39m[33m/[39m[33mText[39m[33m>[39m[33m<[39m[33m/[39m[33mPressable[39m[33m>[39m}[33m<[39m[33m/[39m[33mView[39m[33m>[39m
 [90m      |[39m     [31m[1m^[22m[39m
 [90m 1555 |[39m   [33m<[39m[33m/[39m[33mAnimated[39m[33m.[39m[33mView[39m[33m>[39m[33m<[39m[33m/[39m[33mView[39m[33m>[39m[33m;[39m
 [90m 1556 |[39m }
 [90m 1557 |[39m [36mfunction[39m [33mDrawerMenu[39m({icon[33m,[39mtitle[33m,[39monPress[33m,[39mtrailing}[33m:[39m{icon[33m:[39m[33mIconName[39m[33m;[39mtitle[33m:[39mstring[33m;[39monPress[33m?[39m[33m:[39m()[33m=>[39m[36mvoid[39m[33m;[39mtrailing[33m?[39m[33m:[39m[33mReact[39m[33m.[39m[33mReactNode[39m}){[36mreturn[39m [33m<[39m[33mPressable[39m onPress[33m=[39m{onPress} disabled[33m=[39m{[33m![39monPress[33m&&[39m[33m![39mtrailing} style[33m=[39m{({pressed})[33m=>[39m[s[33m.[39mdrawerMenu[33m,[39mpressed[33m&&[39ms[33m.[39mpressed]}[33m>[39m[33m<[39m[33mIonicons[39m name[33m=[39m{icon} size[33m=[39m{[35m20[39m} color[33m=[39m{colors[33m.[39mtextSubtle}[33m/[39m[33m>[39m[33m<[39m[33mText[39m style[33m=[39m{s[33m.[39mdrawerMenuText}[33m>[39m{title}[33m<[39m[35m/Text>{trailing??<Ionicons name="chevron-forward" size={17} color={colors.gray300}/[39m[33m>[39m}[33m<[39m[33m/[39m[33mPressable[39m[33m>[39m[33m;[39m}[0m
Call Stack
  ChatDrawer (App.tsx:1554:5)
  ChatRoom (App.tsx:1177:5)
  AuthenticatedApp (App.tsx:375:33)
  App (App.tsx:202:10)
Web  ERROR  Unexpected text node:  . A text node cannot be a child of a <View>. 

Code: App.tsx
[0m [90m 1552 |[39m   [36mreturn[39m [33m<[39m[33mView[39m style[33m=[39m{s[33m.[39mdrawerLayer}[33m>[39m[33m<[39m[33mPressable[39m accessibilityLabel[33m=[39m[32m"채팅 메뉴 닫기"[39m onPress[33m=[39m{onClose} style[33m=[39m{s[33m.[39mdrawerDim}[33m/[39m[33m>[39m[33m<[39m[33mAnimated[39m[33m.[39m[33mView[39m style[33m=[39m{[s[33m.[39mchatDrawer[33m,[39m{transform[33m:[39m[{translateX[33m:[39mslide}]}]}[33m>[39m
 [90m 1553 |[39m     [33m<[39m[33mView[39m style[33m=[39m{s[33m.[39mdrawerProfile}[33m>[39m[33m<[39m[33mView[39m style[33m=[39m{s[33m.[39mdrawerAvatar}[33m>[39m[33m<[39m[33mDefaultAvatar[39m size[33m=[39m{[35m72[39m}[35m/><View style={s.editDot}><Ionicons name="pencil" size={12} color="#FFF"/[39m[33m>[39m[33m<[39m[33m/[39m[33mView[39m[33m>[39m[33m<[39m[33m/[39m[33mView[39m[33m>[39m[33m<[39m[33mText[39m style[33m=[39m{s[33m.[39mdrawerProfileName}[33m>[39m한걸음[33m<[39m[33m/[39m[33mText[39m[33m>[39m[33m<[39m[33mText[39m numberOfLines[33m=[39m{[35m2[39m} style[33m=[39m{s[33m.[39mdrawerProfileIntro}[33m>[39m자기 소개가 들어가는 공간입니다[33m.[39m 편안한 대화를 좋아해요[33m.[39m[33m<[39m[33m/[39m[33mText[39m[33m>[39m[33m<[39m[33m/[39m[33mView[39m[33m>[39m
[31m[1m>[22m[39m[90m 1554 |[39m     [33m<[39m[33mView[39m style[33m=[39m{s[33m.[39mchatDrawerMenu}[33m>[39m[33m<[39m[33mDrawerMenu[39m icon[33m=[39m[32m"notifications-outline"[39m title[33m=[39m[32m"알림 설정"[39m trailing[33m=[39m{[33m<[39m[33mSwitch[39m value[33m=[39m{notifications} onValueChange[33m=[39m{setNotifications} trackColor[33m=[39m{{[36mfalse[39m[33m:[39mcolors[33m.[39mgray200[33m,[39m[36mtrue[39m[33m:[39mcolors[33m.[39mmint300}}[35m/>}/[39m[33m>[39m{isStaff[33m&&[39m[33m<[39m[33mDrawerMenu[39m icon[33m=[39m[32m"person-add-outline"[39m title[33m=[39m[32m"가입 신청 목록"[39m onPress[33m=[39m{onApplications}[35m/>}<DrawerMenu icon="people-outline" title="멤버 관리" onPress={onOpenMembers}/[39m[33m>[39m[33m<[39m[33mDrawerMenu[39m icon[33m=[39m[32m"albums-outline"[39m title[33m=[39m[32m"스토리 보기"[39m onPress[33m=[39m{onStories}[35m/>{isOwner&&<DrawerMenu icon="lock-closed-outline" title="방 공개 설정" onPress={onRoomSettings}/[39m[33m>[39m} {isStaff[33m&&[39m[33m<[39m[33mDrawerMenu[39m icon[33m=[39m[32m"ban-outline"[39m title[33m=[39m[32m"차단 멤버 목록"[39m onPress[33m=[39m{onBlocked}[33m/[39m[33m>[39m} {isOwner[33m&&[39m[33m<[39m[33mPressable[39m onPress[33m=[39m{onDelete} style[33m=[39m{s[33m.[39mdeleteRoomLink}[33m>[39m[33m<[39m[33mText[39m style[33m=[39m{s[33m.[39mdeleteRoomText}[33m>[39m방 삭제하기[33m<[39m[33m/[39m[33mText[39m[33m>[39m[33m<[39m[33m/[39m[33mPressable[39m[33m>[39m}[33m<[39m[33m/[39m[33mView[39m[33m>[39m
 [90m      |[39m     [31m[1m^[22m[39m
 [90m 1555 |[39m   [33m<[39m[33m/[39m[33mAnimated[39m[33m.[39m[33mView[39m[33m>[39m[33m<[39m[33m/[39m[33mView[39m[33m>[39m[33m;[39m
 [90m 1556 |[39m }
 [90m 1557 |[39m [36mfunction[39m [33mDrawerMenu[39m({icon[33m,[39mtitle[33m,[39monPress[33m,[39mtrailing}[33m:[39m{icon[33m:[39m[33mIconName[39m[33m;[39mtitle[33m:[39mstring[33m;[39monPress[33m?[39m[33m:[39m()[33m=>[39m[36mvoid[39m[33m;[39mtrailing[33m?[39m[33m:[39m[33mReact[39m[33m.[39m[33mReactNode[39m}){[36mreturn[39m [33m<[39m[33mPressable[39m onPress[33m=[39m{onPress} disabled[33m=[39m{[33m![39monPress[33m&&[39m[33m![39mtrailing} style[33m=[39m{({pressed})[33m=>[39m[s[33m.[39mdrawerMenu[33m,[39mpressed[33m&&[39ms[33m.[39mpressed]}[33m>[39m[33m<[39m[33mIonicons[39m name[33m=[39m{icon} size[33m=[39m{[35m20[39m} color[33m=[39m{colors[33m.[39mtextSubtle}[33m/[39m[33m>[39m[33m<[39m[33mText[39m style[33m=[39m{s[33m.[39mdrawerMenuText}[33m>[39m{title}[33m<[39m[35m/Text>{trailing??<Ionicons name="chevron-forward" size={17} color={colors.gray300}/[39m[33m>[39m}[33m<[39m[33m/[39m[33mPressable[39m[33m>[39m[33m;[39m}[0m
Call Stack
  ChatDrawer (App.tsx:1554:5)
  ChatRoom (App.tsx:1177:5)
  AuthenticatedApp (App.tsx:375:33)
  App (App.tsx:202:10)
Web  ERROR  Unexpected text node:  . A text node cannot be a child of a <View>. 

Code: App.tsx
[0m [90m 1552 |[39m   [36mreturn[39m [33m<[39m[33mView[39m style[33m=[39m{s[33m.[39mdrawerLayer}[33m>[39m[33m<[39m[33mPressable[39m accessibilityLabel[33m=[39m[32m"채팅 메뉴 닫기"[39m onPress[33m=[39m{onClose} style[33m=[39m{s[33m.[39mdrawerDim}[33m/[39m[33m>[39m[33m<[39m[33mAnimated[39m[33m.[39m[33mView[39m style[33m=[39m{[s[33m.[39mchatDrawer[33m,[39m{transform[33m:[39m[{translateX[33m:[39mslide}]}]}[33m>[39m
 [90m 1553 |[39m     [33m<[39m[33mView[39m style[33m=[39m{s[33m.[39mdrawerProfile}[33m>[39m[33m<[39m[33mView[39m style[33m=[39m{s[33m.[39mdrawerAvatar}[33m>[39m[33m<[39m[33mDefaultAvatar[39m size[33m=[39m{[35m72[39m}[35m/><View style={s.editDot}><Ionicons name="pencil" size={12} color="#FFF"/[39m[33m>[39m[33m<[39m[33m/[39m[33mView[39m[33m>[39m[33m<[39m[33m/[39m[33mView[39m[33m>[39m[33m<[39m[33mText[39m style[33m=[39m{s[33m.[39mdrawerProfileName}[33m>[39m한걸음[33m<[39m[33m/[39m[33mText[39m[33m>[39m[33m<[39m[33mText[39m numberOfLines[33m=[39m{[35m2[39m} style[33m=[39m{s[33m.[39mdrawerProfileIntro}[33m>[39m자기 소개가 들어가는 공간입니다[33m.[39m 편안한 대화를 좋아해요[33m.[39m[33m<[39m[33m/[39m[33mText[39m[33m>[39m[33m<[39m[33m/[39m[33mView[39m[33m>[39m
[31m[1m>[22m[39m[90m 1554 |[39m     [33m<[39m[33mView[39m style[33m=[39m{s[33m.[39mchatDrawerMenu}[33m>[39m[33m<[39m[33mDrawerMenu[39m icon[33m=[39m[32m"notifications-outline"[39m title[33m=[39m[32m"알림 설정"[39m trailing[33m=[39m{[33m<[39m[33mSwitch[39m value[33m=[39m{notifications} onValueChange[33m=[39m{setNotifications} trackColor[33m=[39m{{[36mfalse[39m[33m:[39mcolors[33m.[39mgray200[33m,[39m[36mtrue[39m[33m:[39mcolors[33m.[39mmint300}}[35m/>}/[39m[33m>[39m{isStaff[33m&&[39m[33m<[39m[33mDrawerMenu[39m icon[33m=[39m[32m"person-add-outline"[39m title[33m=[39m[32m"가입 신청 목록"[39m onPress[33m=[39m{onApplications}[35m/>}<DrawerMenu icon="people-outline" title="멤버 관리" onPress={onOpenMembers}/[39m[33m>[39m[33m<[39m[33mDrawerMenu[39m icon[33m=[39m[32m"albums-outline"[39m title[33m=[39m[32m"스토리 보기"[39m onPress[33m=[39m{onStories}[35m/>{isOwner&&<DrawerMenu icon="lock-closed-outline" title="방 공개 설정" onPress={onRoomSettings}/[39m[33m>[39m} {isStaff[33m&&[39m[33m<[39m[33mDrawerMenu[39m icon[33m=[39m[32m"ban-outline"[39m title[33m=[39m[32m"차단 멤버 목록"[39m onPress[33m=[39m{onBlocked}[33m/[39m[33m>[39m} {isOwner[33m&&[39m[33m<[39m[33mPressable[39m onPress[33m=[39m{onDelete} style[33m=[39m{s[33m.[39mdeleteRoomLink}[33m>[39m[33m<[39m[33mText[39m style[33m=[39m{s[33m.[39mdeleteRoomText}[33m>[39m방 삭제하기[33m<[39m[33m/[39m[33mText[39m[33m>[39m[33m<[39m[33m/[39m[33mPressable[39m[33m>[39m}[33m<[39m[33m/[39m[33mView[39m[33m>[39m
 [90m      |[39m     [31m[1m^[22m[39m
 [90m 1555 |[39m   [33m<[39m[33m/[39m[33mAnimated[39m[33m.[39m[33mView[39m[33m>[39m[33m<[39m[33m/[39m[33mView[39m[33m>[39m[33m;[39m
 [90m 1556 |[39m }
 [90m 1557 |[39m [36mfunction[39m [33mDrawerMenu[39m({icon[33m,[39mtitle[33m,[39monPress[33m,[39mtrailing}[33m:[39m{icon[33m:[39m[33mIconName[39m[33m;[39mtitle[33m:[39mstring[33m;[39monPress[33m?[39m[33m:[39m()[33m=>[39m[36mvoid[39m[33m;[39mtrailing[33m?[39m[33m:[39m[33mReact[39m[33m.[39m[33mReactNode[39m}){[36mreturn[39m [33m<[39m[33mPressable[39m onPress[33m=[39m{onPress} disabled[33m=[39m{[33m![39monPress[33m&&[39m[33m![39mtrailing} style[33m=[39m{({pressed})[33m=>[39m[s[33m.[39mdrawerMenu[33m,[39mpressed[33m&&[39ms[33m.[39mpressed]}[33m>[39m[33m<[39m[33mIonicons[39m name[33m=[39m{icon} size[33m=[39m{[35m20[39m} color[33m=[39m{colors[33m.[39mtextSubtle}[33m/[39m[33m>[39m[33m<[39m[33mText[39m style[33m=[39m{s[33m.[39mdrawerMenuText}[33m>[39m{title}[33m<[39m[35m/Text>{trailing??<Ionicons name="chevron-forward" size={17} color={colors.gray300}/[39m[33m>[39m}[33m<[39m[33m/[39m[33mPressable[39m[33m>[39m[33m;[39m}[0m
Call Stack
  ChatDrawer (App.tsx:1554:5)
  ChatRoom (App.tsx:1177:5)
  AuthenticatedApp (App.tsx:375:33)
  App (App.tsx:202:10)
Web  ERROR  Unexpected text node:  . A text node cannot be a child of a <View>. 

Code: App.tsx
[0m [90m 1552 |[39m   [36mreturn[39m [33m<[39m[33mView[39m style[33m=[39m{s[33m.[39mdrawerLayer}[33m>[39m[33m<[39m[33mPressable[39m accessibilityLabel[33m=[39m[32m"채팅 메뉴 닫기"[39m onPress[33m=[39m{onClose} style[33m=[39m{s[33m.[39mdrawerDim}[33m/[39m[33m>[39m[33m<[39m[33mAnimated[39m[33m.[39m[33mView[39m style[33m=[39m{[s[33m.[39mchatDrawer[33m,[39m{transform[33m:[39m[{translateX[33m:[39mslide}]}]}[33m>[39m
 [90m 1553 |[39m     [33m<[39m[33mView[39m style[33m=[39m{s[33m.[39mdrawerProfile}[33m>[39m[33m<[39m[33mView[39m style[33m=[39m{s[33m.[39mdrawerAvatar}[33m>[39m[33m<[39m[33mDefaultAvatar[39m size[33m=[39m{[35m72[39m}[35m/><View style={s.editDot}><Ionicons name="pencil" size={12} color="#FFF"/[39m[33m>[39m[33m<[39m[33m/[39m[33mView[39m[33m>[39m[33m<[39m[33m/[39m[33mView[39m[33m>[39m[33m<[39m[33mText[39m style[33m=[39m{s[33m.[39mdrawerProfileName}[33m>[39m한걸음[33m<[39m[33m/[39m[33mText[39m[33m>[39m[33m<[39m[33mText[39m numberOfLines[33m=[39m{[35m2[39m} style[33m=[39m{s[33m.[39mdrawerProfileIntro}[33m>[39m자기 소개가 들어가는 공간입니다[33m.[39m 편안한 대화를 좋아해요[33m.[39m[33m<[39m[33m/[39m[33mText[39m[33m>[39m[33m<[39m[33m/[39m[33mView[39m[33m>[39m
[31m[1m>[22m[39m[90m 1554 |[39m     [33m<[39m[33mView[39m style[33m=[39m{s[33m.[39mchatDrawerMenu}[33m>[39m[33m<[39m[33mDrawerMenu[39m icon[33m=[39m[32m"notifications-outline"[39m title[33m=[39m[32m"알림 설정"[39m trailing[33m=[39m{[33m<[39m[33mSwitch[39m value[33m=[39m{notifications} onValueChange[33m=[39m{setNotifications} trackColor[33m=[39m{{[36mfalse[39m[33m:[39mcolors[33m.[39mgray200[33m,[39m[36mtrue[39m[33m:[39mcolors[33m.[39mmint300}}[35m/>}/[39m[33m>[39m{isStaff[33m&&[39m[33m<[39m[33mDrawerMenu[39m icon[33m=[39m[32m"person-add-outline"[39m title[33m=[39m[32m"가입 신청 목록"[39m onPress[33m=[39m{onApplications}[35m/>}<DrawerMenu icon="people-outline" title="멤버 관리" onPress={onOpenMembers}/[39m[33m>[39m[33m<[39m[33mDrawerMenu[39m icon[33m=[39m[32m"albums-outline"[39m title[33m=[39m[32m"스토리 보기"[39m onPress[33m=[39m{onStories}[35m/>{isOwner&&<DrawerMenu icon="lock-closed-outline" title="방 공개 설정" onPress={onRoomSettings}/[39m[33m>[39m} {isStaff[33m&&[39m[33m<[39m[33mDrawerMenu[39m icon[33m=[39m[32m"ban-outline"[39m title[33m=[39m[32m"차단 멤버 목록"[39m onPress[33m=[39m{onBlocked}[33m/[39m[33m>[39m} {isOwner[33m&&[39m[33m<[39m[33mPressable[39m onPress[33m=[39m{onDelete} style[33m=[39m{s[33m.[39mdeleteRoomLink}[33m>[39m[33m<[39m[33mText[39m style[33m=[39m{s[33m.[39mdeleteRoomText}[33m>[39m방 삭제하기[33m<[39m[33m/[39m[33mText[39m[33m>[39m[33m<[39m[33m/[39m[33mPressable[39m[33m>[39m}[33m<[39m[33m/[39m[33mView[39m[33m>[39m
 [90m      |[39m     [31m[1m^[22m[39m
 [90m 1555 |[39m   [33m<[39m[33m/[39m[33mAnimated[39m[33m.[39m[33mView[39m[33m>[39m[33m<[39m[33m/[39m[33mView[39m[33m>[39m[33m;[39m
 [90m 1556 |[39m }
 [90m 1557 |[39m [36mfunction[39m [33mDrawerMenu[39m({icon[33m,[39mtitle[33m,[39monPress[33m,[39mtrailing}[33m:[39m{icon[33m:[39m[33mIconName[39m[33m;[39mtitle[33m:[39mstring[33m;[39monPress[33m?[39m[33m:[39m()[33m=>[39m[36mvoid[39m[33m;[39mtrailing[33m?[39m[33m:[39m[33mReact[39m[33m.[39m[33mReactNode[39m}){[36mreturn[39m [33m<[39m[33mPressable[39m onPress[33m=[39m{onPress} disabled[33m=[39m{[33m![39monPress[33m&&[39m[33m![39mtrailing} style[33m=[39m{({pressed})[33m=>[39m[s[33m.[39mdrawerMenu[33m,[39mpressed[33m&&[39ms[33m.[39mpressed]}[33m>[39m[33m<[39m[33mIonicons[39m name[33m=[39m{icon} size[33m=[39m{[35m20[39m} color[33m=[39m{colors[33m.[39mtextSubtle}[33m/[39m[33m>[39m[33m<[39m[33mText[39m style[33m=[39m{s[33m.[39mdrawerMenuText}[33m>[39m{title}[33m<[39m[35m/Text>{trailing??<Ionicons name="chevron-forward" size={17} color={colors.gray300}/[39m[33m>[39m}[33m<[39m[33m/[39m[33mPressable[39m[33m>[39m[33m;[39m}[0m
Call Stack
  ChatDrawer (App.tsx:1554:5)
  ChatRoom (App.tsx:1177:5)
  AuthenticatedApp (App.tsx:375:33)
  App (App.tsx:202:10)
Web  ERROR  Unexpected text node:  . A text node cannot be a child of a <View>. 

Code: App.tsx
[0m [90m 1552 |[39m   [36mreturn[39m [33m<[39m[33mView[39m style[33m=[39m{s[33m.[39mdrawerLayer}[33m>[39m[33m<[39m[33mPressable[39m accessibilityLabel[33m=[39m[32m"채팅 메뉴 닫기"[39m onPress[33m=[39m{onClose} style[33m=[39m{s[33m.[39mdrawerDim}[33m/[39m[33m>[39m[33m<[39m[33mAnimated[39m[33m.[39m[33mView[39m style[33m=[39m{[s[33m.[39mchatDrawer[33m,[39m{transform[33m:[39m[{translateX[33m:[39mslide}]}]}[33m>[39m
 [90m 1553 |[39m     [33m<[39m[33mView[39m style[33m=[39m{s[33m.[39mdrawerProfile}[33m>[39m[33m<[39m[33mView[39m style[33m=[39m{s[33m.[39mdrawerAvatar}[33m>[39m[33m<[39m[33mDefaultAvatar[39m size[33m=[39m{[35m72[39m}[35m/><View style={s.editDot}><Ionicons name="pencil" size={12} color="#FFF"/[39m[33m>[39m[33m<[39m[33m/[39m[33mView[39m[33m>[39m[33m<[39m[33m/[39m[33mView[39m[33m>[39m[33m<[39m[33mText[39m style[33m=[39m{s[33m.[39mdrawerProfileName}[33m>[39m한걸음[33m<[39m[33m/[39m[33mText[39m[33m>[39m[33m<[39m[33mText[39m numberOfLines[33m=[39m{[35m2[39m} style[33m=[39m{s[33m.[39mdrawerProfileIntro}[33m>[39m자기 소개가 들어가는 공간입니다[33m.[39m 편안한 대화를 좋아해요[33m.[39m[33m<[39m[33m/[39m[33mText[39m[33m>[39m[33m<[39m[33m/[39m[33mView[39m[33m>[39m
[31m[1m>[22m[39m[90m 1554 |[39m     [33m<[39m[33mView[39m style[33m=[39m{s[33m.[39mchatDrawerMenu}[33m>[39m[33m<[39m[33mDrawerMenu[39m icon[33m=[39m[32m"notifications-outline"[39m title[33m=[39m[32m"알림 설정"[39m trailing[33m=[39m{[33m<[39m[33mSwitch[39m value[33m=[39m{notifications} onValueChange[33m=[39m{setNotifications} trackColor[33m=[39m{{[36mfalse[39m[33m:[39mcolors[33m.[39mgray200[33m,[39m[36mtrue[39m[33m:[39mcolors[33m.[39mmint300}}[35m/>}/[39m[33m>[39m{isStaff[33m&&[39m[33m<[39m[33mDrawerMenu[39m icon[33m=[39m[32m"person-add-outline"[39m title[33m=[39m[32m"가입 신청 목록"[39m onPress[33m=[39m{onApplications}[35m/>}<DrawerMenu icon="people-outline" title="멤버 관리" onPress={onOpenMembers}/[39m[33m>[39m[33m<[39m[33mDrawerMenu[39m icon[33m=[39m[32m"albums-outline"[39m title[33m=[39m[32m"스토리 보기"[39m onPress[33m=[39m{onStories}[35m/>{isOwner&&<DrawerMenu icon="lock-closed-outline" title="방 공개 설정" onPress={onRoomSettings}/[39m[33m>[39m} {isStaff[33m&&[39m[33m<[39m[33mDrawerMenu[39m icon[33m=[39m[32m"ban-outline"[39m title[33m=[39m[32m"차단 멤버 목록"[39m onPress[33m=[39m{onBlocked}[33m/[39m[33m>[39m} {isOwner[33m&&[39m[33m<[39m[33mPressable[39m onPress[33m=[39m{onDelete} style[33m=[39m{s[33m.[39mdeleteRoomLink}[33m>[39m[33m<[39m[33mText[39m style[33m=[39m{s[33m.[39mdeleteRoomText}[33m>[39m방 삭제하기[33m<[39m[33m/[39m[33mText[39m[33m>[39m[33m<[39m[33m/[39m[33mPressable[39m[33m>[39m}[33m<[39m[33m/[39m[33mView[39m[33m>[39m
 [90m      |[39m     [31m[1m^[22m[39m
 [90m 1555 |[39m   [33m<[39m[33m/[39m[33mAnimated[39m[33m.[39m[33mView[39m[33m>[39m[33m<[39m[33m/[39m[33mView[39m[33m>[39m[33m;[39m
 [90m 1556 |[39m }
 [90m 1557 |[39m [36mfunction[39m [33mDrawerMenu[39m({icon[33m,[39mtitle[33m,[39monPress[33m,[39mtrailing}[33m:[39m{icon[33m:[39m[33mIconName[39m[33m;[39mtitle[33m:[39mstring[33m;[39monPress[33m?[39m[33m:[39m()[33m=>[39m[36mvoid[39m[33m;[39mtrailing[33m?[39m[33m:[39m[33mReact[39m[33m.[39m[33mReactNode[39m}){[36mreturn[39m [33m<[39m[33mPressable[39m onPress[33m=[39m{onPress} disabled[33m=[39m{[33m![39monPress[33m&&[39m[33m![39mtrailing} style[33m=[39m{({pressed})[33m=>[39m[s[33m.[39mdrawerMenu[33m,[39mpressed[33m&&[39ms[33m.[39mpressed]}[33m>[39m[33m<[39m[33mIonicons[39m name[33m=[39m{icon} size[33m=[39m{[35m20[39m} color[33m=[39m{colors[33m.[39mtextSubtle}[33m/[39m[33m>[39m[33m<[39m[33mText[39m style[33m=[39m{s[33m.[39mdrawerMenuText}[33m>[39m{title}[33m<[39m[35m/Text>{trailing??<Ionicons name="chevron-forward" size={17} color={colors.gray300}/[39m[33m>[39m}[33m<[39m[33m/[39m[33mPressable[39m[33m>[39m[33m;[39m}[0m
Call Stack
  ChatDrawer (App.tsx:1554:5)
  ChatRoom (App.tsx:1177:5)
  AuthenticatedApp (App.tsx:375:33)
  App (App.tsx:202:10)
Web  ERROR  Unexpected text node:  . A text node cannot be a child of a <View>. 

Code: App.tsx
[0m [90m 1552 |[39m   [36mreturn[39m [33m<[39m[33mView[39m style[33m=[39m{s[33m.[39mdrawerLayer}[33m>[39m[33m<[39m[33mPressable[39m accessibilityLabel[33m=[39m[32m"채팅 메뉴 닫기"[39m onPress[33m=[39m{onClose} style[33m=[39m{s[33m.[39mdrawerDim}[33m/[39m[33m>[39m[33m<[39m[33mAnimated[39m[33m.[39m[33mView[39m style[33m=[39m{[s[33m.[39mchatDrawer[33m,[39m{transform[33m:[39m[{translateX[33m:[39mslide}]}]}[33m>[39m
 [90m 1553 |[39m     [33m<[39m[33mView[39m style[33m=[39m{s[33m.[39mdrawerProfile}[33m>[39m[33m<[39m[33mView[39m style[33m=[39m{s[33m.[39mdrawerAvatar}[33m>[39m[33m<[39m[33mDefaultAvatar[39m size[33m=[39m{[35m72[39m}[35m/><View style={s.editDot}><Ionicons name="pencil" size={12} color="#FFF"/[39m[33m>[39m[33m<[39m[33m/[39m[33mView[39m[33m>[39m[33m<[39m[33m/[39m[33mView[39m[33m>[39m[33m<[39m[33mText[39m style[33m=[39m{s[33m.[39mdrawerProfileName}[33m>[39m한걸음[33m<[39m[33m/[39m[33mText[39m[33m>[39m[33m<[39m[33mText[39m numberOfLines[33m=[39m{[35m2[39m} style[33m=[39m{s[33m.[39mdrawerProfileIntro}[33m>[39m자기 소개가 들어가는 공간입니다[33m.[39m 편안한 대화를 좋아해요[33m.[39m[33m<[39m[33m/[39m[33mText[39m[33m>[39m[33m<[39m[33m/[39m[33mView[39m[33m>[39m
[31m[1m>[22m[39m[90m 1554 |[39m     [33m<[39m[33mView[39m style[33m=[39m{s[33m.[39mchatDrawerMenu}[33m>[39m[33m<[39m[33mDrawerMenu[39m icon[33m=[39m[32m"notifications-outline"[39m title[33m=[39m[32m"알림 설정"[39m trailing[33m=[39m{[33m<[39m[33mSwitch[39m value[33m=[39m{notifications} onValueChange[33m=[39m{setNotifications} trackColor[33m=[39m{{[36mfalse[39m[33m:[39mcolors[33m.[39mgray200[33m,[39m[36mtrue[39m[33m:[39mcolors[33m.[39mmint300}}[35m/>}/[39m[33m>[39m{isStaff[33m&&[39m[33m<[39m[33mDrawerMenu[39m icon[33m=[39m[32m"person-add-outline"[39m title[33m=[39m[32m"가입 신청 목록"[39m onPress[33m=[39m{onApplications}[35m/>}<DrawerMenu icon="people-outline" title="멤버 관리" onPress={onOpenMembers}/[39m[33m>[39m[33m<[39m[33mDrawerMenu[39m icon[33m=[39m[32m"albums-outline"[39m title[33m=[39m[32m"스토리 보기"[39m onPress[33m=[39m{onStories}[35m/>{isOwner&&<DrawerMenu icon="lock-closed-outline" title="방 공개 설정" onPress={onRoomSettings}/[39m[33m>[39m} {isStaff[33m&&[39m[33m<[39m[33mDrawerMenu[39m icon[33m=[39m[32m"ban-outline"[39m title[33m=[39m[32m"차단 멤버 목록"[39m onPress[33m=[39m{onBlocked}[33m/[39m[33m>[39m} {isOwner[33m&&[39m[33m<[39m[33mPressable[39m onPress[33m=[39m{onDelete} style[33m=[39m{s[33m.[39mdeleteRoomLink}[33m>[39m[33m<[39m[33mText[39m style[33m=[39m{s[33m.[39mdeleteRoomText}[33m>[39m방 삭제하기[33m<[39m[33m/[39m[33mText[39m[33m>[39m[33m<[39m[33m/[39m[33mPressable[39m[33m>[39m}[33m<[39m[33m/[39m[33mView[39m[33m>[39m
 [90m      |[39m     [31m[1m^[22m[39m
 [90m 1555 |[39m   [33m<[39m[33m/[39m[33mAnimated[39m[33m.[39m[33mView[39m[33m>[39m[33m<[39m[33m/[39m[33mView[39m[33m>[39m[33m;[39m
 [90m 1556 |[39m }
 [90m 1557 |[39m [36mfunction[39m [33mDrawerMenu[39m({icon[33m,[39mtitle[33m,[39monPress[33m,[39mtrailing}[33m:[39m{icon[33m:[39m[33mIconName[39m[33m;[39mtitle[33m:[39mstring[33m;[39monPress[33m?[39m[33m:[39m()[33m=>[39m[36mvoid[39m[33m;[39mtrailing[33m?[39m[33m:[39m[33mReact[39m[33m.[39m[33mReactNode[39m}){[36mreturn[39m [33m<[39m[33mPressable[39m onPress[33m=[39m{onPress} disabled[33m=[39m{[33m![39monPress[33m&&[39m[33m![39mtrailing} style[33m=[39m{({pressed})[33m=>[39m[s[33m.[39mdrawerMenu[33m,[39mpressed[33m&&[39ms[33m.[39mpressed]}[33m>[39m[33m<[39m[33mIonicons[39m name[33m=[39m{icon} size[33m=[39m{[35m20[39m} color[33m=[39m{colors[33m.[39mtextSubtle}[33m/[39m[33m>[39m[33m<[39m[33mText[39m style[33m=[39m{s[33m.[39mdrawerMenuText}[33m>[39m{title}[33m<[39m[35m/Text>{trailing??<Ionicons name="chevron-forward" size={17} color={colors.gray300}/[39m[33m>[39m}[33m<[39m[33m/[39m[33mPressable[39m[33m>[39m[33m;[39m}[0m
Call Stack
  ChatDrawer (App.tsx:1554:5)
  ChatRoom (App.tsx:1177:5)
  AuthenticatedApp (App.tsx:375:33)
  App (App.tsx:202:10)
Web  ERROR  Unexpected text node:  . A text node cannot be a child of a <View>. 

Code: App.tsx
[0m [90m 1552 |[39m   [36mreturn[39m [33m<[39m[33mView[39m style[33m=[39m{s[33m.[39mdrawerLayer}[33m>[39m[33m<[39m[33mPressable[39m accessibilityLabel[33m=[39m[32m"채팅 메뉴 닫기"[39m onPress[33m=[39m{onClose} style[33m=[39m{s[33m.[39mdrawerDim}[33m/[39m[33m>[39m[33m<[39m[33mAnimated[39m[33m.[39m[33mView[39m style[33m=[39m{[s[33m.[39mchatDrawer[33m,[39m{transform[33m:[39m[{translateX[33m:[39mslide}]}]}[33m>[39m
 [90m 1553 |[39m     [33m<[39m[33mView[39m style[33m=[39m{s[33m.[39mdrawerProfile}[33m>[39m[33m<[39m[33mView[39m style[33m=[39m{s[33m.[39mdrawerAvatar}[33m>[39m[33m<[39m[33mDefaultAvatar[39m size[33m=[39m{[35m72[39m}[35m/><View style={s.editDot}><Ionicons name="pencil" size={12} color="#FFF"/[39m[33m>[39m[33m<[39m[33m/[39m[33mView[39m[33m>[39m[33m<[39m[33m/[39m[33mView[39m[33m>[39m[33m<[39m[33mText[39m style[33m=[39m{s[33m.[39mdrawerProfileName}[33m>[39m한걸음[33m<[39m[33m/[39m[33mText[39m[33m>[39m[33m<[39m[33mText[39m numberOfLines[33m=[39m{[35m2[39m} style[33m=[39m{s[33m.[39mdrawerProfileIntro}[33m>[39m자기 소개가 들어가는 공간입니다[33m.[39m 편안한 대화를 좋아해요[33m.[39m[33m<[39m[33m/[39m[33mText[39m[33m>[39m[33m<[39m[33m/[39m[33mView[39m[33m>[39m
[31m[1m>[22m[39m[90m 1554 |[39m     [33m<[39m[33mView[39m style[33m=[39m{s[33m.[39mchatDrawerMenu}[33m>[39m[33m<[39m[33mDrawerMenu[39m icon[33m=[39m[32m"notifications-outline"[39m title[33m=[39m[32m"알림 설정"[39m trailing[33m=[39m{[33m<[39m[33mSwitch[39m value[33m=[39m{notifications} onValueChange[33m=[39m{setNotifications} trackColor[33m=[39m{{[36mfalse[39m[33m:[39mcolors[33m.[39mgray200[33m,[39m[36mtrue[39m[33m:[39mcolors[33m.[39mmint300}}[35m/>}/[39m[33m>[39m{isStaff[33m&&[39m[33m<[39m[33mDrawerMenu[39m icon[33m=[39m[32m"person-add-outline"[39m title[33m=[39m[32m"가입 신청 목록"[39m onPress[33m=[39m{onApplications}[35m/>}<DrawerMenu icon="people-outline" title="멤버 관리" onPress={onOpenMembers}/[39m[33m>[39m[33m<[39m[33mDrawerMenu[39m icon[33m=[39m[32m"albums-outline"[39m title[33m=[39m[32m"스토리 보기"[39m onPress[33m=[39m{onStories}[35m/>{isOwner&&<DrawerMenu icon="lock-closed-outline" title="방 공개 설정" onPress={onRoomSettings}/[39m[33m>[39m} {isStaff[33m&&[39m[33m<[39m[33mDrawerMenu[39m icon[33m=[39m[32m"ban-outline"[39m title[33m=[39m[32m"차단 멤버 목록"[39m onPress[33m=[39m{onBlocked}[33m/[39m[33m>[39m} {isOwner[33m&&[39m[33m<[39m[33mPressable[39m onPress[33m=[39m{onDelete} style[33m=[39m{s[33m.[39mdeleteRoomLink}[33m>[39m[33m<[39m[33mText[39m style[33m=[39m{s[33m.[39mdeleteRoomText}[33m>[39m방 삭제하기[33m<[39m[33m/[39m[33mText[39m[33m>[39m[33m<[39m[33m/[39m[33mPressable[39m[33m>[39m}[33m<[39m[33m/[39m[33mView[39m[33m>[39m
 [90m      |[39m     [31m[1m^[22m[39m
 [90m 1555 |[39m   [33m<[39m[33m/[39m[33mAnimated[39m[33m.[39m[33mView[39m[33m>[39m[33m<[39m[33m/[39m[33mView[39m[33m>[39m[33m;[39m
 [90m 1556 |[39m }
 [90m 1557 |[39m [36mfunction[39m [33mDrawerMenu[39m({icon[33m,[39mtitle[33m,[39monPress[33m,[39mtrailing}[33m:[39m{icon[33m:[39m[33mIconName[39m[33m;[39mtitle[33m:[39mstring[33m;[39monPress[33m?[39m[33m:[39m()[33m=>[39m[36mvoid[39m[33m;[39mtrailing[33m?[39m[33m:[39m[33mReact[39m[33m.[39m[33mReactNode[39m}){[36mreturn[39m [33m<[39m[33mPressable[39m onPress[33m=[39m{onPress} disabled[33m=[39m{[33m![39monPress[33m&&[39m[33m![39mtrailing} style[33m=[39m{({pressed})[33m=>[39m[s[33m.[39mdrawerMenu[33m,[39mpressed[33m&&[39ms[33m.[39mpressed]}[33m>[39m[33m<[39m[33mIonicons[39m name[33m=[39m{icon} size[33m=[39m{[35m20[39m} color[33m=[39m{colors[33m.[39mtextSubtle}[33m/[39m[33m>[39m[33m<[39m[33mText[39m style[33m=[39m{s[33m.[39mdrawerMenuText}[33m>[39m{title}[33m<[39m[35m/Text>{trailing??<Ionicons name="chevron-forward" size={17} color={colors.gray300}/[39m[33m>[39m}[33m<[39m[33m/[39m[33mPressable[39m[33m>[39m[33m;[39m}[0m
Call Stack
  ChatDrawer (App.tsx:1554:5)
  ChatRoom (App.tsx:1177:5)
  AuthenticatedApp (App.tsx:375:33)
  App (App.tsx:202:10)
Web  ERROR  Unexpected text node:  . A text node cannot be a child of a <View>. 

Code: App.tsx
[0m [90m 1552 |[39m   [36mreturn[39m [33m<[39m[33mView[39m style[33m=[39m{s[33m.[39mdrawerLayer}[33m>[39m[33m<[39m[33mPressable[39m accessibilityLabel[33m=[39m[32m"채팅 메뉴 닫기"[39m onPress[33m=[39m{onClose} style[33m=[39m{s[33m.[39mdrawerDim}[33m/[39m[33m>[39m[33m<[39m[33mAnimated[39m[33m.[39m[33mView[39m style[33m=[39m{[s[33m.[39mchatDrawer[33m,[39m{transform[33m:[39m[{translateX[33m:[39mslide}]}]}[33m>[39m
 [90m 1553 |[39m     [33m<[39m[33mView[39m style[33m=[39m{s[33m.[39mdrawerProfile}[33m>[39m[33m<[39m[33mView[39m style[33m=[39m{s[33m.[39mdrawerAvatar}[33m>[39m[33m<[39m[33mDefaultAvatar[39m size[33m=[39m{[35m72[39m}[35m/><View style={s.editDot}><Ionicons name="pencil" size={12} color="#FFF"/[39m[33m>[39m[33m<[39m[33m/[39m[33mView[39m[33m>[39m[33m<[39m[33m/[39m[33mView[39m[33m>[39m[33m<[39m[33mText[39m style[33m=[39m{s[33m.[39mdrawerProfileName}[33m>[39m한걸음[33m<[39m[33m/[39m[33mText[39m[33m>[39m[33m<[39m[33mText[39m numberOfLines[33m=[39m{[35m2[39m} style[33m=[39m{s[33m.[39mdrawerProfileIntro}[33m>[39m자기 소개가 들어가는 공간입니다[33m.[39m 편안한 대화를 좋아해요[33m.[39m[33m<[39m[33m/[39m[33mText[39m[33m>[39m[33m<[39m[33m/[39m[33mView[39m[33m>[39m
[31m[1m>[22m[39m[90m 1554 |[39m     [33m<[39m[33mView[39m style[33m=[39m{s[33m.[39mchatDrawerMenu}[33m>[39m[33m<[39m[33mDrawerMenu[39m icon[33m=[39m[32m"notifications-outline"[39m title[33m=[39m[32m"알림 설정"[39m trailing[33m=[39m{[33m<[39m[33mSwitch[39m value[33m=[39m{notifications} onValueChange[33m=[39m{setNotifications} trackColor[33m=[39m{{[36mfalse[39m[33m:[39mcolors[33m.[39mgray200[33m,[39m[36mtrue[39m[33m:[39mcolors[33m.[39mmint300}}[35m/>}/[39m[33m>[39m{isStaff[33m&&[39m[33m<[39m[33mDrawerMenu[39m icon[33m=[39m[32m"person-add-outline"[39m title[33m=[39m[32m"가입 신청 목록"[39m onPress[33m=[39m{onApplications}[35m/>}<DrawerMenu icon="people-outline" title="멤버 관리" onPress={onOpenMembers}/[39m[33m>[39m[33m<[39m[33mDrawerMenu[39m icon[33m=[39m[32m"albums-outline"[39m title[33m=[39m[32m"스토리 보기"[39m onPress[33m=[39m{onStories}[35m/>{isOwner&&<DrawerMenu icon="lock-closed-outline" title="방 공개 설정" onPress={onRoomSettings}/[39m[33m>[39m} {isStaff[33m&&[39m[33m<[39m[33mDrawerMenu[39m icon[33m=[39m[32m"ban-outline"[39m title[33m=[39m[32m"차단 멤버 목록"[39m onPress[33m=[39m{onBlocked}[33m/[39m[33m>[39m} {isOwner[33m&&[39m[33m<[39m[33mPressable[39m onPress[33m=[39m{onDelete} style[33m=[39m{s[33m.[39mdeleteRoomLink}[33m>[39m[33m<[39m[33mText[39m style[33m=[39m{s[33m.[39mdeleteRoomText}[33m>[39m방 삭제하기[33m<[39m[33m/[39m[33mText[39m[33m>[39m[33m<[39m[33m/[39m[33mPressable[39m[33m>[39m}[33m<[39m[33m/[39m[33mView[39m[33m>[39m
 [90m      |[39m     [31m[1m^[22m[39m
 [90m 1555 |[39m   [33m<[39m[33m/[39m[33mAnimated[39m[33m.[39m[33mView[39m[33m>[39m[33m<[39m[33m/[39m[33mView[39m[33m>[39m[33m;[39m
 [90m 1556 |[39m }
 [90m 1557 |[39m [36mfunction[39m [33mDrawerMenu[39m({icon[33m,[39mtitle[33m,[39monPress[33m,[39mtrailing}[33m:[39m{icon[33m:[39m[33mIconName[39m[33m;[39mtitle[33m:[39mstring[33m;[39monPress[33m?[39m[33m:[39m()[33m=>[39m[36mvoid[39m[33m;[39mtrailing[33m?[39m[33m:[39m[33mReact[39m[33m.[39m[33mReactNode[39m}){[36mreturn[39m [33m<[39m[33mPressable[39m onPress[33m=[39m{onPress} disabled[33m=[39m{[33m![39monPress[33m&&[39m[33m![39mtrailing} style[33m=[39m{({pressed})[33m=>[39m[s[33m.[39mdrawerMenu[33m,[39mpressed[33m&&[39ms[33m.[39mpressed]}[33m>[39m[33m<[39m[33mIonicons[39m name[33m=[39m{icon} size[33m=[39m{[35m20[39m} color[33m=[39m{colors[33m.[39mtextSubtle}[33m/[39m[33m>[39m[33m<[39m[33mText[39m style[33m=[39m{s[33m.[39mdrawerMenuText}[33m>[39m{title}[33m<[39m[35m/Text>{trailing??<Ionicons name="chevron-forward" size={17} color={colors.gray300}/[39m[33m>[39m}[33m<[39m[33m/[39m[33mPressable[39m[33m>[39m[33m;[39m}[0m
Call Stack
  ChatDrawer (App.tsx:1554:5)
  ChatRoom (App.tsx:1177:5)
  AuthenticatedApp (App.tsx:375:33)
  App (App.tsx:202:10)
Web  ERROR  Unexpected text node:  . A text node cannot be a child of a <View>. 

Code: App.tsx
[0m [90m 1552 |[39m   [36mreturn[39m [33m<[39m[33mView[39m style[33m=[39m{s[33m.[39mdrawerLayer}[33m>[39m[33m<[39m[33mPressable[39m accessibilityLabel[33m=[39m[32m"채팅 메뉴 닫기"[39m onPress[33m=[39m{onClose} style[33m=[39m{s[33m.[39mdrawerDim}[33m/[39m[33m>[39m[33m<[39m[33mAnimated[39m[33m.[39m[33mView[39m style[33m=[39m{[s[33m.[39mchatDrawer[33m,[39m{transform[33m:[39m[{translateX[33m:[39mslide}]}]}[33m>[39m
 [90m 1553 |[39m     [33m<[39m[33mView[39m style[33m=[39m{s[33m.[39mdrawerProfile}[33m>[39m[33m<[39m[33mView[39m style[33m=[39m{s[33m.[39mdrawerAvatar}[33m>[39m[33m<[39m[33mDefaultAvatar[39m size[33m=[39m{[35m72[39m}[35m/><View style={s.editDot}><Ionicons name="pencil" size={12} color="#FFF"/[39m[33m>[39m[33m<[39m[33m/[39m[33mView[39m[33m>[39m[33m<[39m[33m/[39m[33mView[39m[33m>[39m[33m<[39m[33mText[39m style[33m=[39m{s[33m.[39mdrawerProfileName}[33m>[39m한걸음[33m<[39m[33m/[39m[33mText[39m[33m>[39m[33m<[39m[33mText[39m numberOfLines[33m=[39m{[35m2[39m} style[33m=[39m{s[33m.[39mdrawerProfileIntro}[33m>[39m자기 소개가 들어가는 공간입니다[33m.[39m 편안한 대화를 좋아해요[33m.[39m[33m<[39m[33m/[39m[33mText[39m[33m>[39m[33m<[39m[33m/[39m[33mView[39m[33m>[39m
[31m[1m>[22m[39m[90m 1554 |[39m     [33m<[39m[33mView[39m style[33m=[39m{s[33m.[39mchatDrawerMenu}[33m>[39m[33m<[39m[33mDrawerMenu[39m icon[33m=[39m[32m"notifications-outline"[39m title[33m=[39m[32m"알림 설정"[39m trailing[33m=[39m{[33m<[39m[33mSwitch[39m value[33m=[39m{notifications} onValueChange[33m=[39m{setNotifications} trackColor[33m=[39m{{[36mfalse[39m[33m:[39mcolors[33m.[39mgray200[33m,[39m[36mtrue[39m[33m:[39mcolors[33m.[39mmint300}}[35m/>}/[39m[33m>[39m{isStaff[33m&&[39m[33m<[39m[33mDrawerMenu[39m icon[33m=[39m[32m"person-add-outline"[39m title[33m=[39m[32m"가입 신청 목록"[39m onPress[33m=[39m{onApplications}[35m/>}<DrawerMenu icon="people-outline" title="멤버 관리" onPress={onOpenMembers}/[39m[33m>[39m[33m<[39m[33mDrawerMenu[39m icon[33m=[39m[32m"albums-outline"[39m title[33m=[39m[32m"스토리 보기"[39m onPress[33m=[39m{onStories}[35m/>{isOwner&&<DrawerMenu icon="lock-closed-outline" title="방 공개 설정" onPress={onRoomSettings}/[39m[33m>[39m} {isStaff[33m&&[39m[33m<[39m[33mDrawerMenu[39m icon[33m=[39m[32m"ban-outline"[39m title[33m=[39m[32m"차단 멤버 목록"[39m onPress[33m=[39m{onBlocked}[33m/[39m[33m>[39m} {isOwner[33m&&[39m[33m<[39m[33mPressable[39m onPress[33m=[39m{onDelete} style[33m=[39m{s[33m.[39mdeleteRoomLink}[33m>[39m[33m<[39m[33mText[39m style[33m=[39m{s[33m.[39mdeleteRoomText}[33m>[39m방 삭제하기[33m<[39m[33m/[39m[33mText[39m[33m>[39m[33m<[39m[33m/[39m[33mPressable[39m[33m>[39m}[33m<[39m[33m/[39m[33mView[39m[33m>[39m
 [90m      |[39m     [31m[1m^[22m[39m
 [90m 1555 |[39m   [33m<[39m[33m/[39m[33mAnimated[39m[33m.[39m[33mView[39m[33m>[39m[33m<[39m[33m/[39m[33mView[39m[33m>[39m[33m;[39m
 [90m 1556 |[39m }
 [90m 1557 |[39m [36mfunction[39m [33mDrawerMenu[39m({icon[33m,[39mtitle[33m,[39monPress[33m,[39mtrailing}[33m:[39m{icon[33m:[39m[33mIconName[39m[33m;[39mtitle[33m:[39mstring[33m;[39monPress[33m?[39m[33m:[39m()[33m=>[39m[36mvoid[39m[33m;[39mtrailing[33m?[39m[33m:[39m[33mReact[39m[33m.[39m[33mReactNode[39m}){[36mreturn[39m [33m<[39m[33mPressable[39m onPress[33m=[39m{onPress} disabled[33m=[39m{[33m![39monPress[33m&&[39m[33m![39mtrailing} style[33m=[39m{({pressed})[33m=>[39m[s[33m.[39mdrawerMenu[33m,[39mpressed[33m&&[39ms[33m.[39mpressed]}[33m>[39m[33m<[39m[33mIonicons[39m name[33m=[39m{icon} size[33m=[39m{[35m20[39m} color[33m=[39m{colors[33m.[39mtextSubtle}[33m/[39m[33m>[39m[33m<[39m[33mText[39m style[33m=[39m{s[33m.[39mdrawerMenuText}[33m>[39m{title}[33m<[39m[35m/Text>{trailing??<Ionicons name="chevron-forward" size={17} color={colors.gray300}/[39m[33m>[39m}[33m<[39m[33m/[39m[33mPressable[39m[33m>[39m[33m;[39m}[0m
Call Stack
  ChatDrawer (App.tsx:1554:5)
  ChatRoom (App.tsx:1177:5)
  AuthenticatedApp (App.tsx:375:33)
  App (App.tsx:202:10)
Web  ERROR  Unexpected text node:  . A text node cannot be a child of a <View>. 

Code: App.tsx
[0m [90m 1552 |[39m   [36mreturn[39m [33m<[39m[33mView[39m style[33m=[39m{s[33m.[39mdrawerLayer}[33m>[39m[33m<[39m[33mPressable[39m accessibilityLabel[33m=[39m[32m"채팅 메뉴 닫기"[39m onPress[33m=[39m{onClose} style[33m=[39m{s[33m.[39mdrawerDim}[33m/[39m[33m>[39m[33m<[39m[33mAnimated[39m[33m.[39m[33mView[39m style[33m=[39m{[s[33m.[39mchatDrawer[33m,[39m{transform[33m:[39m[{translateX[33m:[39mslide}]}]}[33m>[39m
 [90m 1553 |[39m     [33m<[39m[33mView[39m style[33m=[39m{s[33m.[39mdrawerProfile}[33m>[39m[33m<[39m[33mView[39m style[33m=[39m{s[33m.[39mdrawerAvatar}[33m>[39m[33m<[39m[33mDefaultAvatar[39m size[33m=[39m{[35m72[39m}[35m/><View style={s.editDot}><Ionicons name="pencil" size={12} color="#FFF"/[39m[33m>[39m[33m<[39m[33m/[39m[33mView[39m[33m>[39m[33m<[39m[33m/[39m[33mView[39m[33m>[39m[33m<[39m[33mText[39m style[33m=[39m{s[33m.[39mdrawerProfileName}[33m>[39m한걸음[33m<[39m[33m/[39m[33mText[39m[33m>[39m[33m<[39m[33mText[39m numberOfLines[33m=[39m{[35m2[39m} style[33m=[39m{s[33m.[39mdrawerProfileIntro}[33m>[39m자기 소개가 들어가는 공간입니다[33m.[39m 편안한 대화를 좋아해요[33m.[39m[33m<[39m[33m/[39m[33mText[39m[33m>[39m[33m<[39m[33m/[39m[33mView[39m[33m>[39m
[31m[1m>[22m[39m[90m 1554 |[39m     [33m<[39m[33mView[39m style[33m=[39m{s[33m.[39mchatDrawerMenu}[33m>[39m[33m<[39m[33mDrawerMenu[39m icon[33m=[39m[32m"notifications-outline"[39m title[33m=[39m[32m"알림 설정"[39m trailing[33m=[39m{[33m<[39m[33mSwitch[39m value[33m=[39m{notifications} onValueChange[33m=[39m{setNotifications} trackColor[33m=[39m{{[36mfalse[39m[33m:[39mcolors[33m.[39mgray200[33m,[39m[36mtrue[39m[33m:[39mcolors[33m.[39mmint300}}[35m/>}/[39m[33m>[39m{isStaff[33m&&[39m[33m<[39m[33mDrawerMenu[39m icon[33m=[39m[32m"person-add-outline"[39m title[33m=[39m[32m"가입 신청 목록"[39m onPress[33m=[39m{onApplications}[35m/>}<DrawerMenu icon="people-outline" title="멤버 관리" onPress={onOpenMembers}/[39m[33m>[39m[33m<[39m[33mDrawerMenu[39m icon[33m=[39m[32m"albums-outline"[39m title[33m=[39m[32m"스토리 보기"[39m onPress[33m=[39m{onStories}[35m/>{isOwner&&<DrawerMenu icon="lock-closed-outline" title="방 공개 설정" onPress={onRoomSettings}/[39m[33m>[39m} {isStaff[33m&&[39m[33m<[39m[33mDrawerMenu[39m icon[33m=[39m[32m"ban-outline"[39m title[33m=[39m[32m"차단 멤버 목록"[39m onPress[33m=[39m{onBlocked}[33m/[39m[33m>[39m} {isOwner[33m&&[39m[33m<[39m[33mPressable[39m onPress[33m=[39m{onDelete} style[33m=[39m{s[33m.[39mdeleteRoomLink}[33m>[39m[33m<[39m[33mText[39m style[33m=[39m{s[33m.[39mdeleteRoomText}[33m>[39m방 삭제하기[33m<[39m[33m/[39m[33mText[39m[33m>[39m[33m<[39m[33m/[39m[33mPressable[39m[33m>[39m}[33m<[39m[33m/[39m[33mView[39m[33m>[39m
 [90m      |[39m     [31m[1m^[22m[39m
 [90m 1555 |[39m   [33m<[39m[33m/[39m[33mAnimated[39m[33m.[39m[33mView[39m[33m>[39m[33m<[39m[33m/[39m[33mView[39m[33m>[39m[33m;[39m
 [90m 1556 |[39m }
 [90m 1557 |[39m [36mfunction[39m [33mDrawerMenu[39m({icon[33m,[39mtitle[33m,[39monPress[33m,[39mtrailing}[33m:[39m{icon[33m:[39m[33mIconName[39m[33m;[39mtitle[33m:[39mstring[33m;[39monPress[33m?[39m[33m:[39m()[33m=>[39m[36mvoid[39m[33m;[39mtrailing[33m?[39m[33m:[39m[33mReact[39m[33m.[39m[33mReactNode[39m}){[36mreturn[39m [33m<[39m[33mPressable[39m onPress[33m=[39m{onPress} disabled[33m=[39m{[33m![39monPress[33m&&[39m[33m![39mtrailing} style[33m=[39m{({pressed})[33m=>[39m[s[33m.[39mdrawerMenu[33m,[39mpressed[33m&&[39ms[33m.[39mpressed]}[33m>[39m[33m<[39m[33mIonicons[39m name[33m=[39m{icon} size[33m=[39m{[35m20[39m} color[33m=[39m{colors[33m.[39mtextSubtle}[33m/[39m[33m>[39m[33m<[39m[33mText[39m style[33m=[39m{s[33m.[39mdrawerMenuText}[33m>[39m{title}[33m<[39m[35m/Text>{trailing??<Ionicons name="chevron-forward" size={17} color={colors.gray300}/[39m[33m>[39m}[33m<[39m[33m/[39m[33mPressable[39m[33m>[39m[33m;[39m}[0m
Call Stack
  ChatDrawer (App.tsx:1554:5)
  ChatRoom (App.tsx:1177:5)
  AuthenticatedApp (App.tsx:375:33)
  App (App.tsx:202:10)
Web  ERROR  Unexpected text node:  . A text node cannot be a child of a <View>. 

Code: App.tsx
[0m [90m 1552 |[39m   [36mreturn[39m [33m<[39m[33mView[39m style[33m=[39m{s[33m.[39mdrawerLayer}[33m>[39m[33m<[39m[33mPressable[39m accessibilityLabel[33m=[39m[32m"채팅 메뉴 닫기"[39m onPress[33m=[39m{onClose} style[33m=[39m{s[33m.[39mdrawerDim}[33m/[39m[33m>[39m[33m<[39m[33mAnimated[39m[33m.[39m[33mView[39m style[33m=[39m{[s[33m.[39mchatDrawer[33m,[39m{transform[33m:[39m[{translateX[33m:[39mslide}]}]}[33m>[39m
 [90m 1553 |[39m     [33m<[39m[33mView[39m style[33m=[39m{s[33m.[39mdrawerProfile}[33m>[39m[33m<[39m[33mView[39m style[33m=[39m{s[33m.[39mdrawerAvatar}[33m>[39m[33m<[39m[33mDefaultAvatar[39m size[33m=[39m{[35m72[39m}[35m/><View style={s.editDot}><Ionicons name="pencil" size={12} color="#FFF"/[39m[33m>[39m[33m<[39m[33m/[39m[33mView[39m[33m>[39m[33m<[39m[33m/[39m[33mView[39m[33m>[39m[33m<[39m[33mText[39m style[33m=[39m{s[33m.[39mdrawerProfileName}[33m>[39m한걸음[33m<[39m[33m/[39m[33mText[39m[33m>[39m[33m<[39m[33mText[39m numberOfLines[33m=[39m{[35m2[39m} style[33m=[39m{s[33m.[39mdrawerProfileIntro}[33m>[39m자기 소개가 들어가는 공간입니다[33m.[39m 편안한 대화를 좋아해요[33m.[39m[33m<[39m[33m/[39m[33mText[39m[33m>[39m[33m<[39m[33m/[39m[33mView[39m[33m>[39m
[31m[1m>[22m[39m[90m 1554 |[39m     [33m<[39m[33mView[39m style[33m=[39m{s[33m.[39mchatDrawerMenu}[33m>[39m[33m<[39m[33mDrawerMenu[39m icon[33m=[39m[32m"notifications-outline"[39m title[33m=[39m[32m"알림 설정"[39m trailing[33m=[39m{[33m<[39m[33mSwitch[39m value[33m=[39m{notifications} onValueChange[33m=[39m{setNotifications} trackColor[33m=[39m{{[36mfalse[39m[33m:[39mcolors[33m.[39mgray200[33m,[39m[36mtrue[39m[33m:[39mcolors[33m.[39mmint300}}[35m/>}/[39m[33m>[39m{isStaff[33m&&[39m[33m<[39m[33mDrawerMenu[39m icon[33m=[39m[32m"person-add-outline"[39m title[33m=[39m[32m"가입 신청 목록"[39m onPress[33m=[39m{onApplications}[35m/>}<DrawerMenu icon="people-outline" title="멤버 관리" onPress={onOpenMembers}/[39m[33m>[39m[33m<[39m[33mDrawerMenu[39m icon[33m=[39m[32m"albums-outline"[39m title[33m=[39m[32m"스토리 보기"[39m onPress[33m=[39m{onStories}[35m/>{isOwner&&<DrawerMenu icon="lock-closed-outline" title="방 공개 설정" onPress={onRoomSettings}/[39m[33m>[39m} {isStaff[33m&&[39m[33m<[39m[33mDrawerMenu[39m icon[33m=[39m[32m"ban-outline"[39m title[33m=[39m[32m"차단 멤버 목록"[39m onPress[33m=[39m{onBlocked}[33m/[39m[33m>[39m} {isOwner[33m&&[39m[33m<[39m[33mPressable[39m onPress[33m=[39m{onDelete} style[33m=[39m{s[33m.[39mdeleteRoomLink}[33m>[39m[33m<[39m[33mText[39m style[33m=[39m{s[33m.[39mdeleteRoomText}[33m>[39m방 삭제하기[33m<[39m[33m/[39m[33mText[39m[33m>[39m[33m<[39m[33m/[39m[33mPressable[39m[33m>[39m}[33m<[39m[33m/[39m[33mView[39m[33m>[39m
 [90m      |[39m     [31m[1m^[22m[39m
 [90m 1555 |[39m   [33m<[39m[33m/[39m[33mAnimated[39m[33m.[39m[33mView[39m[33m>[39m[33m<[39m[33m/[39m[33mView[39m[33m>[39m[33m;[39m
 [90m 1556 |[39m }
 [90m 1557 |[39m [36mfunction[39m [33mDrawerMenu[39m({icon[33m,[39mtitle[33m,[39monPress[33m,[39mtrailing}[33m:[39m{icon[33m:[39m[33mIconName[39m[33m;[39mtitle[33m:[39mstring[33m;[39monPress[33m?[39m[33m:[39m()[33m=>[39m[36mvoid[39m[33m;[39mtrailing[33m?[39m[33m:[39m[33mReact[39m[33m.[39m[33mReactNode[39m}){[36mreturn[39m [33m<[39m[33mPressable[39m onPress[33m=[39m{onPress} disabled[33m=[39m{[33m![39monPress[33m&&[39m[33m![39mtrailing} style[33m=[39m{({pressed})[33m=>[39m[s[33m.[39mdrawerMenu[33m,[39mpressed[33m&&[39ms[33m.[39mpressed]}[33m>[39m[33m<[39m[33mIonicons[39m name[33m=[39m{icon} size[33m=[39m{[35m20[39m} color[33m=[39m{colors[33m.[39mtextSubtle}[33m/[39m[33m>[39m[33m<[39m[33mText[39m style[33m=[39m{s[33m.[39mdrawerMenuText}[33m>[39m{title}[33m<[39m[35m/Text>{trailing??<Ionicons name="chevron-forward" size={17} color={colors.gray300}/[39m[33m>[39m}[33m<[39m[33m/[39m[33mPressable[39m[33m>[39m[33m;[39m}[0m
Call Stack
  ChatDrawer (App.tsx:1554:5)
  ChatRoom (App.tsx:1177:5)
  AuthenticatedApp (App.tsx:375:33)
  App (App.tsx:202:10)
Web  ERROR  Unexpected text node:  . A text node cannot be a child of a <View>. 

Code: App.tsx
[0m [90m 1552 |[39m   [36mreturn[39m [33m<[39m[33mView[39m style[33m=[39m{s[33m.[39mdrawerLayer}[33m>[39m[33m<[39m[33mPressable[39m accessibilityLabel[33m=[39m[32m"채팅 메뉴 닫기"[39m onPress[33m=[39m{onClose} style[33m=[39m{s[33m.[39mdrawerDim}[33m/[39m[33m>[39m[33m<[39m[33mAnimated[39m[33m.[39m[33mView[39m style[33m=[39m{[s[33m.[39mchatDrawer[33m,[39m{transform[33m:[39m[{translateX[33m:[39mslide}]}]}[33m>[39m
 [90m 1553 |[39m     [33m<[39m[33mView[39m style[33m=[39m{s[33m.[39mdrawerProfile}[33m>[39m[33m<[39m[33mView[39m style[33m=[39m{s[33m.[39mdrawerAvatar}[33m>[39m[33m<[39m[33mDefaultAvatar[39m size[33m=[39m{[35m72[39m}[35m/><View style={s.editDot}><Ionicons name="pencil" size={12} color="#FFF"/[39m[33m>[39m[33m<[39m[33m/[39m[33mView[39m[33m>[39m[33m<[39m[33m/[39m[33mView[39m[33m>[39m[33m<[39m[33mText[39m style[33m=[39m{s[33m.[39mdrawerProfileName}[33m>[39m한걸음[33m<[39m[33m/[39m[33mText[39m[33m>[39m[33m<[39m[33mText[39m numberOfLines[33m=[39m{[35m2[39m} style[33m=[39m{s[33m.[39mdrawerProfileIntro}[33m>[39m자기 소개가 들어가는 공간입니다[33m.[39m 편안한 대화를 좋아해요[33m.[39m[33m<[39m[33m/[39m[33mText[39m[33m>[39m[33m<[39m[33m/[39m[33mView[39m[33m>[39m
[31m[1m>[22m[39m[90m 1554 |[39m     [33m<[39m[33mView[39m style[33m=[39m{s[33m.[39mchatDrawerMenu}[33m>[39m[33m<[39m[33mDrawerMenu[39m icon[33m=[39m[32m"notifications-outline"[39m title[33m=[39m[32m"알림 설정"[39m trailing[33m=[39m{[33m<[39m[33mSwitch[39m value[33m=[39m{notifications} onValueChange[33m=[39m{setNotifications} trackColor[33m=[39m{{[36mfalse[39m[33m:[39mcolors[33m.[39mgray200[33m,[39m[36mtrue[39m[33m:[39mcolors[33m.[39mmint300}}[35m/>}/[39m[33m>[39m{isStaff[33m&&[39m[33m<[39m[33mDrawerMenu[39m icon[33m=[39m[32m"person-add-outline"[39m title[33m=[39m[32m"가입 신청 목록"[39m onPress[33m=[39m{onApplications}[35m/>}<DrawerMenu icon="people-outline" title="멤버 관리" onPress={onOpenMembers}/[39m[33m>[39m[33m<[39m[33mDrawerMenu[39m icon[33m=[39m[32m"albums-outline"[39m title[33m=[39m[32m"스토리 보기"[39m onPress[33m=[39m{onStories}[35m/>{isOwner&&<DrawerMenu icon="lock-closed-outline" title="방 공개 설정" onPress={onRoomSettings}/[39m[33m>[39m} {isStaff[33m&&[39m[33m<[39m[33mDrawerMenu[39m icon[33m=[39m[32m"ban-outline"[39m title[33m=[39m[32m"차단 멤버 목록"[39m onPress[33m=[39m{onBlocked}[33m/[39m[33m>[39m} {isOwner[33m&&[39m[33m<[39m[33mPressable[39m onPress[33m=[39m{onDelete} style[33m=[39m{s[33m.[39mdeleteRoomLink}[33m>[39m[33m<[39m[33mText[39m style[33m=[39m{s[33m.[39mdeleteRoomText}[33m>[39m방 삭제하기[33m<[39m[33m/[39m[33mText[39m[33m>[39m[33m<[39m[33m/[39m[33mPressable[39m[33m>[39m}[33m<[39m[33m/[39m[33mView[39m[33m>[39m
 [90m      |[39m     [31m[1m^[22m[39m
 [90m 1555 |[39m   [33m<[39m[33m/[39m[33mAnimated[39m[33m.[39m[33mView[39m[33m>[39m[33m<[39m[33m/[39m[33mView[39m[33m>[39m[33m;[39m
 [90m 1556 |[39m }
 [90m 1557 |[39m [36mfunction[39m [33mDrawerMenu[39m({icon[33m,[39mtitle[33m,[39monPress[33m,[39mtrailing}[33m:[39m{icon[33m:[39m[33mIconName[39m[33m;[39mtitle[33m:[39mstring[33m;[39monPress[33m?[39m[33m:[39m()[33m=>[39m[36mvoid[39m[33m;[39mtrailing[33m?[39m[33m:[39m[33mReact[39m[33m.[39m[33mReactNode[39m}){[36mreturn[39m [33m<[39m[33mPressable[39m onPress[33m=[39m{onPress} disabled[33m=[39m{[33m![39monPress[33m&&[39m[33m![39mtrailing} style[33m=[39m{({pressed})[33m=>[39m[s[33m.[39mdrawerMenu[33m,[39mpressed[33m&&[39ms[33m.[39mpressed]}[33m>[39m[33m<[39m[33mIonicons[39m name[33m=[39m{icon} size[33m=[39m{[35m20[39m} color[33m=[39m{colors[33m.[39mtextSubtle}[33m/[39m[33m>[39m[33m<[39m[33mText[39m style[33m=[39m{s[33m.[39mdrawerMenuText}[33m>[39m{title}[33m<[39m[35m/Text>{trailing??<Ionicons name="chevron-forward" size={17} color={colors.gray300}/[39m[33m>[39m}[33m<[39m[33m/[39m[33mPressable[39m[33m>[39m[33m;[39m}[0m
Call Stack
  ChatDrawer (App.tsx:1554:5)
  ChatRoom (App.tsx:1177:5)
  AuthenticatedApp (App.tsx:375:33)
  App (App.tsx:202:10)
Web  ERROR  Unexpected text node:  . A text node cannot be a child of a <View>. 

Code: App.tsx
[0m [90m 1552 |[39m   [36mreturn[39m [33m<[39m[33mView[39m style[33m=[39m{s[33m.[39mdrawerLayer}[33m>[39m[33m<[39m[33mPressable[39m accessibilityLabel[33m=[39m[32m"채팅 메뉴 닫기"[39m onPress[33m=[39m{onClose} style[33m=[39m{s[33m.[39mdrawerDim}[33m/[39m[33m>[39m[33m<[39m[33mAnimated[39m[33m.[39m[33mView[39m style[33m=[39m{[s[33m.[39mchatDrawer[33m,[39m{transform[33m:[39m[{translateX[33m:[39mslide}]}]}[33m>[39m
 [90m 1553 |[39m     [33m<[39m[33mView[39m style[33m=[39m{s[33m.[39mdrawerProfile}[33m>[39m[33m<[39m[33mView[39m style[33m=[39m{s[33m.[39mdrawerAvatar}[33m>[39m[33m<[39m[33mDefaultAvatar[39m size[33m=[39m{[35m72[39m}[35m/><View style={s.editDot}><Ionicons name="pencil" size={12} color="#FFF"/[39m[33m>[39m[33m<[39m[33m/[39m[33mView[39m[33m>[39m[33m<[39m[33m/[39m[33mView[39m[33m>[39m[33m<[39m[33mText[39m style[33m=[39m{s[33m.[39mdrawerProfileName}[33m>[39m한걸음[33m<[39m[33m/[39m[33mText[39m[33m>[39m[33m<[39m[33mText[39m numberOfLines[33m=[39m{[35m2[39m} style[33m=[39m{s[33m.[39mdrawerProfileIntro}[33m>[39m자기 소개가 들어가는 공간입니다[33m.[39m 편안한 대화를 좋아해요[33m.[39m[33m<[39m[33m/[39m[33mText[39m[33m>[39m[33m<[39m[33m/[39m[33mView[39m[33m>[39m
[31m[1m>[22m[39m[90m 1554 |[39m     [33m<[39m[33mView[39m style[33m=[39m{s[33m.[39mchatDrawerMenu}[33m>[39m[33m<[39m[33mDrawerMenu[39m icon[33m=[39m[32m"notifications-outline"[39m title[33m=[39m[32m"알림 설정"[39m trailing[33m=[39m{[33m<[39m[33mSwitch[39m value[33m=[39m{notifications} onValueChange[33m=[39m{setNotifications} trackColor[33m=[39m{{[36mfalse[39m[33m:[39mcolors[33m.[39mgray200[33m,[39m[36mtrue[39m[33m:[39mcolors[33m.[39mmint300}}[35m/>}/[39m[33m>[39m{isStaff[33m&&[39m[33m<[39m[33mDrawerMenu[39m icon[33m=[39m[32m"person-add-outline"[39m title[33m=[39m[32m"가입 신청 목록"[39m onPress[33m=[39m{onApplications}[35m/>}<DrawerMenu icon="people-outline" title="멤버 관리" onPress={onOpenMembers}/[39m[33m>[39m[33m<[39m[33mDrawerMenu[39m icon[33m=[39m[32m"albums-outline"[39m title[33m=[39m[32m"스토리 보기"[39m onPress[33m=[39m{onStories}[35m/>{isOwner&&<DrawerMenu icon="lock-closed-outline" title="방 공개 설정" onPress={onRoomSettings}/[39m[33m>[39m} {isStaff[33m&&[39m[33m<[39m[33mDrawerMenu[39m icon[33m=[39m[32m"ban-outline"[39m title[33m=[39m[32m"차단 멤버 목록"[39m onPress[33m=[39m{onBlocked}[33m/[39m[33m>[39m} {isOwner[33m&&[39m[33m<[39m[33mPressable[39m onPress[33m=[39m{onDelete} style[33m=[39m{s[33m.[39mdeleteRoomLink}[33m>[39m[33m<[39m[33mText[39m style[33m=[39m{s[33m.[39mdeleteRoomText}[33m>[39m방 삭제하기[33m<[39m[33m/[39m[33mText[39m[33m>[39m[33m<[39m[33m/[39m[33mPressable[39m[33m>[39m}[33m<[39m[33m/[39m[33mView[39m[33m>[39m
 [90m      |[39m     [31m[1m^[22m[39m
 [90m 1555 |[39m   [33m<[39m[33m/[39m[33mAnimated[39m[33m.[39m[33mView[39m[33m>[39m[33m<[39m[33m/[39m[33mView[39m[33m>[39m[33m;[39m
 [90m 1556 |[39m }
 [90m 1557 |[39m [36mfunction[39m [33mDrawerMenu[39m({icon[33m,[39mtitle[33m,[39monPress[33m,[39mtrailing}[33m:[39m{icon[33m:[39m[33mIconName[39m[33m;[39mtitle[33m:[39mstring[33m;[39monPress[33m?[39m[33m:[39m()[33m=>[39m[36mvoid[39m[33m;[39mtrailing[33m?[39m[33m:[39m[33mReact[39m[33m.[39m[33mReactNode[39m}){[36mreturn[39m [33m<[39m[33mPressable[39m onPress[33m=[39m{onPress} disabled[33m=[39m{[33m![39monPress[33m&&[39m[33m![39mtrailing} style[33m=[39m{({pressed})[33m=>[39m[s[33m.[39mdrawerMenu[33m,[39mpressed[33m&&[39ms[33m.[39mpressed]}[33m>[39m[33m<[39m[33mIonicons[39m name[33m=[39m{icon} size[33m=[39m{[35m20[39m} color[33m=[39m{colors[33m.[39mtextSubtle}[33m/[39m[33m>[39m[33m<[39m[33mText[39m style[33m=[39m{s[33m.[39mdrawerMenuText}[33m>[39m{title}[33m<[39m[35m/Text>{trailing??<Ionicons name="chevron-forward" size={17} color={colors.gray300}/[39m[33m>[39m}[33m<[39m[33m/[39m[33mPressable[39m[33m>[39m[33m;[39m}[0m
Call Stack
  ChatDrawer (App.tsx:1554:5)
  ChatRoom (App.tsx:1177:5)
  AuthenticatedApp (App.tsx:375:33)
  App (App.tsx:202:10)
Web  ERROR  Unexpected text node:  . A text node cannot be a child of a <View>. 

Code: App.tsx
[0m [90m 1552 |[39m   [36mreturn[39m [33m<[39m[33mView[39m style[33m=[39m{s[33m.[39mdrawerLayer}[33m>[39m[33m<[39m[33mPressable[39m accessibilityLabel[33m=[39m[32m"채팅 메뉴 닫기"[39m onPress[33m=[39m{onClose} style[33m=[39m{s[33m.[39mdrawerDim}[33m/[39m[33m>[39m[33m<[39m[33mAnimated[39m[33m.[39m[33mView[39m style[33m=[39m{[s[33m.[39mchatDrawer[33m,[39m{transform[33m:[39m[{translateX[33m:[39mslide}]}]}[33m>[39m
 [90m 1553 |[39m     [33m<[39m[33mView[39m style[33m=[39m{s[33m.[39mdrawerProfile}[33m>[39m[33m<[39m[33mView[39m style[33m=[39m{s[33m.[39mdrawerAvatar}[33m>[39m[33m<[39m[33mDefaultAvatar[39m size[33m=[39m{[35m72[39m}[35m/><View style={s.editDot}><Ionicons name="pencil" size={12} color="#FFF"/[39m[33m>[39m[33m<[39m[33m/[39m[33mView[39m[33m>[39m[33m<[39m[33m/[39m[33mView[39m[33m>[39m[33m<[39m[33mText[39m style[33m=[39m{s[33m.[39mdrawerProfileName}[33m>[39m한걸음[33m<[39m[33m/[39m[33mText[39m[33m>[39m[33m<[39m[33mText[39m numberOfLines[33m=[39m{[35m2[39m} style[33m=[39m{s[33m.[39mdrawerProfileIntro}[33m>[39m자기 소개가 들어가는 공간입니다[33m.[39m 편안한 대화를 좋아해요[33m.[39m[33m<[39m[33m/[39m[33mText[39m[33m>[39m[33m<[39m[33m/[39m[33mView[39m[33m>[39m
[31m[1m>[22m[39m[90m 1554 |[39m     [33m<[39m[33mView[39m style[33m=[39m{s[33m.[39mchatDrawerMenu}[33m>[39m[33m<[39m[33mDrawerMenu[39m icon[33m=[39m[32m"notifications-outline"[39m title[33m=[39m[32m"알림 설정"[39m trailing[33m=[39m{[33m<[39m[33mSwitch[39m value[33m=[39m{notifications} onValueChange[33m=[39m{setNotifications} trackColor[33m=[39m{{[36mfalse[39m[33m:[39mcolors[33m.[39mgray200[33m,[39m[36mtrue[39m[33m:[39mcolors[33m.[39mmint300}}[35m/>}/[39m[33m>[39m{isStaff[33m&&[39m[33m<[39m[33mDrawerMenu[39m icon[33m=[39m[32m"person-add-outline"[39m title[33m=[39m[32m"가입 신청 목록"[39m onPress[33m=[39m{onApplications}[35m/>}<DrawerMenu icon="people-outline" title="멤버 관리" onPress={onOpenMembers}/[39m[33m>[39m[33m<[39m[33mDrawerMenu[39m icon[33m=[39m[32m"albums-outline"[39m title[33m=[39m[32m"스토리 보기"[39m onPress[33m=[39m{onStories}[35m/>{isOwner&&<DrawerMenu icon="lock-closed-outline" title="방 공개 설정" onPress={onRoomSettings}/[39m[33m>[39m} {isStaff[33m&&[39m[33m<[39m[33mDrawerMenu[39m icon[33m=[39m[32m"ban-outline"[39m title[33m=[39m[32m"차단 멤버 목록"[39m onPress[33m=[39m{onBlocked}[33m/[39m[33m>[39m} {isOwner[33m&&[39m[33m<[39m[33mPressable[39m onPress[33m=[39m{onDelete} style[33m=[39m{s[33m.[39mdeleteRoomLink}[33m>[39m[33m<[39m[33mText[39m style[33m=[39m{s[33m.[39mdeleteRoomText}[33m>[39m방 삭제하기[33m<[39m[33m/[39m[33mText[39m[33m>[39m[33m<[39m[33m/[39m[33mPressable[39m[33m>[39m}[33m<[39m[33m/[39m[33mView[39m[33m>[39m
 [90m      |[39m     [31m[1m^[22m[39m
 [90m 1555 |[39m   [33m<[39m[33m/[39m[33mAnimated[39m[33m.[39m[33mView[39m[33m>[39m[33m<[39m[33m/[39m[33mView[39m[33m>[39m[33m;[39m
 [90m 1556 |[39m }
 [90m 1557 |[39m [36mfunction[39m [33mDrawerMenu[39m({icon[33m,[39mtitle[33m,[39monPress[33m,[39mtrailing}[33m:[39m{icon[33m:[39m[33mIconName[39m[33m;[39mtitle[33m:[39mstring[33m;[39monPress[33m?[39m[33m:[39m()[33m=>[39m[36mvoid[39m[33m;[39mtrailing[33m?[39m[33m:[39m[33mReact[39m[33m.[39m[33mReactNode[39m}){[36mreturn[39m [33m<[39m[33mPressable[39m onPress[33m=[39m{onPress} disabled[33m=[39m{[33m![39monPress[33m&&[39m[33m![39mtrailing} style[33m=[39m{({pressed})[33m=>[39m[s[33m.[39mdrawerMenu[33m,[39mpressed[33m&&[39ms[33m.[39mpressed]}[33m>[39m[33m<[39m[33mIonicons[39m name[33m=[39m{icon} size[33m=[39m{[35m20[39m} color[33m=[39m{colors[33m.[39mtextSubtle}[33m/[39m[33m>[39m[33m<[39m[33mText[39m style[33m=[39m{s[33m.[39mdrawerMenuText}[33m>[39m{title}[33m<[39m[35m/Text>{trailing??<Ionicons name="chevron-forward" size={17} color={colors.gray300}/[39m[33m>[39m}[33m<[39m[33m/[39m[33mPressable[39m[33m>[39m[33m;[39m}[0m
Call Stack
  ChatDrawer (App.tsx:1554:5)
  ChatRoom (App.tsx:1177:5)
  AuthenticatedApp (App.tsx:375:33)
  App (App.tsx:202:10)
Web  ERROR  Unexpected text node:  . A text node cannot be a child of a <View>. 

Code: App.tsx
[0m [90m 1552 |[39m   [36mreturn[39m [33m<[39m[33mView[39m style[33m=[39m{s[33m.[39mdrawerLayer}[33m>[39m[33m<[39m[33mPressable[39m accessibilityLabel[33m=[39m[32m"채팅 메뉴 닫기"[39m onPress[33m=[39m{onClose} style[33m=[39m{s[33m.[39mdrawerDim}[33m/[39m[33m>[39m[33m<[39m[33mAnimated[39m[33m.[39m[33mView[39m style[33m=[39m{[s[33m.[39mchatDrawer[33m,[39m{transform[33m:[39m[{translateX[33m:[39mslide}]}]}[33m>[39m
 [90m 1553 |[39m     [33m<[39m[33mView[39m style[33m=[39m{s[33m.[39mdrawerProfile}[33m>[39m[33m<[39m[33mView[39m style[33m=[39m{s[33m.[39mdrawerAvatar}[33m>[39m[33m<[39m[33mDefaultAvatar[39m size[33m=[39m{[35m72[39m}[35m/><View style={s.editDot}><Ionicons name="pencil" size={12} color="#FFF"/[39m[33m>[39m[33m<[39m[33m/[39m[33mView[39m[33m>[39m[33m<[39m[33m/[39m[33mView[39m[33m>[39m[33m<[39m[33mText[39m style[33m=[39m{s[33m.[39mdrawerProfileName}[33m>[39m한걸음[33m<[39m[33m/[39m[33mText[39m[33m>[39m[33m<[39m[33mText[39m numberOfLines[33m=[39m{[35m2[39m} style[33m=[39m{s[33m.[39mdrawerProfileIntro}[33m>[39m자기 소개가 들어가는 공간입니다[33m.[39m 편안한 대화를 좋아해요[33m.[39m[33m<[39m[33m/[39m[33mText[39m[33m>[39m[33m<[39m[33m/[39m[33mView[39m[33m>[39m
[31m[1m>[22m[39m[90m 1554 |[39m     [33m<[39m[33mView[39m style[33m=[39m{s[33m.[39mchatDrawerMenu}[33m>[39m[33m<[39m[33mDrawerMenu[39m icon[33m=[39m[32m"notifications-outline"[39m title[33m=[39m[32m"알림 설정"[39m trailing[33m=[39m{[33m<[39m[33mSwitch[39m value[33m=[39m{notifications} onValueChange[33m=[39m{setNotifications} trackColor[33m=[39m{{[36mfalse[39m[33m:[39mcolors[33m.[39mgray200[33m,[39m[36mtrue[39m[33m:[39mcolors[33m.[39mmint300}}[35m/>}/[39m[33m>[39m{isStaff[33m&&[39m[33m<[39m[33mDrawerMenu[39m icon[33m=[39m[32m"person-add-outline"[39m title[33m=[39m[32m"가입 신청 목록"[39m onPress[33m=[39m{onApplications}[35m/>}<DrawerMenu icon="people-outline" title="멤버 관리" onPress={onOpenMembers}/[39m[33m>[39m[33m<[39m[33mDrawerMenu[39m icon[33m=[39m[32m"albums-outline"[39m title[33m=[39m[32m"스토리 보기"[39m onPress[33m=[39m{onStories}[35m/>{isOwner&&<DrawerMenu icon="lock-closed-outline" title="방 공개 설정" onPress={onRoomSettings}/[39m[33m>[39m} {isStaff[33m&&[39m[33m<[39m[33mDrawerMenu[39m icon[33m=[39m[32m"ban-outline"[39m title[33m=[39m[32m"차단 멤버 목록"[39m onPress[33m=[39m{onBlocked}[33m/[39m[33m>[39m} {isOwner[33m&&[39m[33m<[39m[33mPressable[39m onPress[33m=[39m{onDelete} style[33m=[39m{s[33m.[39mdeleteRoomLink}[33m>[39m[33m<[39m[33mText[39m style[33m=[39m{s[33m.[39mdeleteRoomText}[33m>[39m방 삭제하기[33m<[39m[33m/[39m[33mText[39m[33m>[39m[33m<[39m[33m/[39m[33mPressable[39m[33m>[39m}[33m<[39m[33m/[39m[33mView[39m[33m>[39m
 [90m      |[39m     [31m[1m^[22m[39m
 [90m 1555 |[39m   [33m<[39m[33m/[39m[33mAnimated[39m[33m.[39m[33mView[39m[33m>[39m[33m<[39m[33m/[39m[33mView[39m[33m>[39m[33m;[39m
 [90m 1556 |[39m }
 [90m 1557 |[39m [36mfunction[39m [33mDrawerMenu[39m({icon[33m,[39mtitle[33m,[39monPress[33m,[39mtrailing}[33m:[39m{icon[33m:[39m[33mIconName[39m[33m;[39mtitle[33m:[39mstring[33m;[39monPress[33m?[39m[33m:[39m()[33m=>[39m[36mvoid[39m[33m;[39mtrailing[33m?[39m[33m:[39m[33mReact[39m[33m.[39m[33mReactNode[39m}){[36mreturn[39m [33m<[39m[33mPressable[39m onPress[33m=[39m{onPress} disabled[33m=[39m{[33m![39monPress[33m&&[39m[33m![39mtrailing} style[33m=[39m{({pressed})[33m=>[39m[s[33m.[39mdrawerMenu[33m,[39mpressed[33m&&[39ms[33m.[39mpressed]}[33m>[39m[33m<[39m[33mIonicons[39m name[33m=[39m{icon} size[33m=[39m{[35m20[39m} color[33m=[39m{colors[33m.[39mtextSubtle}[33m/[39m[33m>[39m[33m<[39m[33mText[39m style[33m=[39m{s[33m.[39mdrawerMenuText}[33m>[39m{title}[33m<[39m[35m/Text>{trailing??<Ionicons name="chevron-forward" size={17} color={colors.gray300}/[39m[33m>[39m}[33m<[39m[33m/[39m[33mPressable[39m[33m>[39m[33m;[39m}[0m
Call Stack
  ChatDrawer (App.tsx:1554:5)
  ChatRoom (App.tsx:1177:5)
  AuthenticatedApp (App.tsx:375:33)
  App (App.tsx:202:10)
Web  ERROR  Unexpected text node:  . A text node cannot be a child of a <View>. 

Code: App.tsx
[0m [90m 1552 |[39m   [36mreturn[39m [33m<[39m[33mView[39m style[33m=[39m{s[33m.[39mdrawerLayer}[33m>[39m[33m<[39m[33mPressable[39m accessibilityLabel[33m=[39m[32m"채팅 메뉴 닫기"[39m onPress[33m=[39m{onClose} style[33m=[39m{s[33m.[39mdrawerDim}[33m/[39m[33m>[39m[33m<[39m[33mAnimated[39m[33m.[39m[33mView[39m style[33m=[39m{[s[33m.[39mchatDrawer[33m,[39m{transform[33m:[39m[{translateX[33m:[39mslide}]}]}[33m>[39m
 [90m 1553 |[39m     [33m<[39m[33mView[39m style[33m=[39m{s[33m.[39mdrawerProfile}[33m>[39m[33m<[39m[33mView[39m style[33m=[39m{s[33m.[39mdrawerAvatar}[33m>[39m[33m<[39m[33mDefaultAvatar[39m size[33m=[39m{[35m72[39m}[35m/><View style={s.editDot}><Ionicons name="pencil" size={12} color="#FFF"/[39m[33m>[39m[33m<[39m[33m/[39m[33mView[39m[33m>[39m[33m<[39m[33m/[39m[33mView[39m[33m>[39m[33m<[39m[33mText[39m style[33m=[39m{s[33m.[39mdrawerProfileName}[33m>[39m한걸음[33m<[39m[33m/[39m[33mText[39m[33m>[39m[33m<[39m[33mText[39m numberOfLines[33m=[39m{[35m2[39m} style[33m=[39m{s[33m.[39mdrawerProfileIntro}[33m>[39m자기 소개가 들어가는 공간입니다[33m.[39m 편안한 대화를 좋아해요[33m.[39m[33m<[39m[33m/[39m[33mText[39m[33m>[39m[33m<[39m[33m/[39m[33mView[39m[33m>[39m
[31m[1m>[22m[39m[90m 1554 |[39m     [33m<[39m[33mView[39m style[33m=[39m{s[33m.[39mchatDrawerMenu}[33m>[39m[33m<[39m[33mDrawerMenu[39m icon[33m=[39m[32m"notifications-outline"[39m title[33m=[39m[32m"알림 설정"[39m trailing[33m=[39m{[33m<[39m[33mSwitch[39m value[33m=[39m{notifications} onValueChange[33m=[39m{setNotifications} trackColor[33m=[39m{{[36mfalse[39m[33m:[39mcolors[33m.[39mgray200[33m,[39m[36mtrue[39m[33m:[39mcolors[33m.[39mmint300}}[35m/>}/[39m[33m>[39m{isStaff[33m&&[39m[33m<[39m[33mDrawerMenu[39m icon[33m=[39m[32m"person-add-outline"[39m title[33m=[39m[32m"가입 신청 목록"[39m onPress[33m=[39m{onApplications}[35m/>}<DrawerMenu icon="people-outline" title="멤버 관리" onPress={onOpenMembers}/[39m[33m>[39m[33m<[39m[33mDrawerMenu[39m icon[33m=[39m[32m"albums-outline"[39m title[33m=[39m[32m"스토리 보기"[39m onPress[33m=[39m{onStories}[35m/>{isOwner&&<DrawerMenu icon="lock-closed-outline" title="방 공개 설정" onPress={onRoomSettings}/[39m[33m>[39m} {isStaff[33m&&[39m[33m<[39m[33mDrawerMenu[39m icon[33m=[39m[32m"ban-outline"[39m title[33m=[39m[32m"차단 멤버 목록"[39m onPress[33m=[39m{onBlocked}[33m/[39m[33m>[39m} {isOwner[33m&&[39m[33m<[39m[33mPressable[39m onPress[33m=[39m{onDelete} style[33m=[39m{s[33m.[39mdeleteRoomLink}[33m>[39m[33m<[39m[33mText[39m style[33m=[39m{s[33m.[39mdeleteRoomText}[33m>[39m방 삭제하기[33m<[39m[33m/[39m[33mText[39m[33m>[39m[33m<[39m[33m/[39m[33mPressable[39m[33m>[39m}[33m<[39m[33m/[39m[33mView[39m[33m>[39m
 [90m      |[39m     [31m[1m^[22m[39m
 [90m 1555 |[39m   [33m<[39m[33m/[39m[33mAnimated[39m[33m.[39m[33mView[39m[33m>[39m[33m<[39m[33m/[39m[33mView[39m[33m>[39m[33m;[39m
 [90m 1556 |[39m }
 [90m 1557 |[39m [36mfunction[39m [33mDrawerMenu[39m({icon[33m,[39mtitle[33m,[39monPress[33m,[39mtrailing}[33m:[39m{icon[33m:[39m[33mIconName[39m[33m;[39mtitle[33m:[39mstring[33m;[39monPress[33m?[39m[33m:[39m()[33m=>[39m[36mvoid[39m[33m;[39mtrailing[33m?[39m[33m:[39m[33mReact[39m[33m.[39m[33mReactNode[39m}){[36mreturn[39m [33m<[39m[33mPressable[39m onPress[33m=[39m{onPress} disabled[33m=[39m{[33m![39monPress[33m&&[39m[33m![39mtrailing} style[33m=[39m{({pressed})[33m=>[39m[s[33m.[39mdrawerMenu[33m,[39mpressed[33m&&[39ms[33m.[39mpressed]}[33m>[39m[33m<[39m[33mIonicons[39m name[33m=[39m{icon} size[33m=[39m{[35m20[39m} color[33m=[39m{colors[33m.[39mtextSubtle}[33m/[39m[33m>[39m[33m<[39m[33mText[39m style[33m=[39m{s[33m.[39mdrawerMenuText}[33m>[39m{title}[33m<[39m[35m/Text>{trailing??<Ionicons name="chevron-forward" size={17} color={colors.gray300}/[39m[33m>[39m}[33m<[39m[33m/[39m[33mPressable[39m[33m>[39m[33m;[39m}[0m
Call Stack
  ChatDrawer (App.tsx:1554:5)
  ChatRoom (App.tsx:1177:5)
  AuthenticatedApp (App.tsx:375:33)
  App (App.tsx:202:10)
Web  ERROR  Unexpected text node:  . A text node cannot be a child of a <View>. 

Code: App.tsx
[0m [90m 1552 |[39m   [36mreturn[39m [33m<[39m[33mView[39m style[33m=[39m{s[33m.[39mdrawerLayer}[33m>[39m[33m<[39m[33mPressable[39m accessibilityLabel[33m=[39m[32m"채팅 메뉴 닫기"[39m onPress[33m=[39m{onClose} style[33m=[39m{s[33m.[39mdrawerDim}[33m/[39m[33m>[39m[33m<[39m[33mAnimated[39m[33m.[39m[33mView[39m style[33m=[39m{[s[33m.[39mchatDrawer[33m,[39m{transform[33m:[39m[{translateX[33m:[39mslide}]}]}[33m>[39m
 [90m 1553 |[39m     [33m<[39m[33mView[39m style[33m=[39m{s[33m.[39mdrawerProfile}[33m>[39m[33m<[39m[33mView[39m style[33m=[39m{s[33m.[39mdrawerAvatar}[33m>[39m[33m<[39m[33mDefaultAvatar[39m size[33m=[39m{[35m72[39m}[35m/><View style={s.editDot}><Ionicons name="pencil" size={12} color="#FFF"/[39m[33m>[39m[33m<[39m[33m/[39m[33mView[39m[33m>[39m[33m<[39m[33m/[39m[33mView[39m[33m>[39m[33m<[39m[33mText[39m style[33m=[39m{s[33m.[39mdrawerProfileName}[33m>[39m한걸음[33m<[39m[33m/[39m[33mText[39m[33m>[39m[33m<[39m[33mText[39m numberOfLines[33m=[39m{[35m2[39m} style[33m=[39m{s[33m.[39mdrawerProfileIntro}[33m>[39m자기 소개가 들어가는 공간입니다[33m.[39m 편안한 대화를 좋아해요[33m.[39m[33m<[39m[33m/[39m[33mText[39m[33m>[39m[33m<[39m[33m/[39m[33mView[39m[33m>[39m
[31m[1m>[22m[39m[90m 1554 |[39m     [33m<[39m[33mView[39m style[33m=[39m{s[33m.[39mchatDrawerMenu}[33m>[39m[33m<[39m[33mDrawerMenu[39m icon[33m=[39m[32m"notifications-outline"[39m title[33m=[39m[32m"알림 설정"[39m trailing[33m=[39m{[33m<[39m[33mSwitch[39m value[33m=[39m{notifications} onValueChange[33m=[39m{setNotifications} trackColor[33m=[39m{{[36mfalse[39m[33m:[39mcolors[33m.[39mgray200[33m,[39m[36mtrue[39m[33m:[39mcolors[33m.[39mmint300}}[35m/>}/[39m[33m>[39m{isStaff[33m&&[39m[33m<[39m[33mDrawerMenu[39m icon[33m=[39m[32m"person-add-outline"[39m title[33m=[39m[32m"가입 신청 목록"[39m onPress[33m=[39m{onApplications}[35m/>}<DrawerMenu icon="people-outline" title="멤버 관리" onPress={onOpenMembers}/[39m[33m>[39m[33m<[39m[33mDrawerMenu[39m icon[33m=[39m[32m"albums-outline"[39m title[33m=[39m[32m"스토리 보기"[39m onPress[33m=[39m{onStories}[35m/>{isOwner&&<DrawerMenu icon="lock-closed-outline" title="방 공개 설정" onPress={onRoomSettings}/[39m[33m>[39m} {isStaff[33m&&[39m[33m<[39m[33mDrawerMenu[39m icon[33m=[39m[32m"ban-outline"[39m title[33m=[39m[32m"차단 멤버 목록"[39m onPress[33m=[39m{onBlocked}[33m/[39m[33m>[39m} {isOwner[33m&&[39m[33m<[39m[33mPressable[39m onPress[33m=[39m{onDelete} style[33m=[39m{s[33m.[39mdeleteRoomLink}[33m>[39m[33m<[39m[33mText[39m style[33m=[39m{s[33m.[39mdeleteRoomText}[33m>[39m방 삭제하기[33m<[39m[33m/[39m[33mText[39m[33m>[39m[33m<[39m[33m/[39m[33mPressable[39m[33m>[39m}[33m<[39m[33m/[39m[33mView[39m[33m>[39m
 [90m      |[39m     [31m[1m^[22m[39m
 [90m 1555 |[39m   [33m<[39m[33m/[39m[33mAnimated[39m[33m.[39m[33mView[39m[33m>[39m[33m<[39m[33m/[39m[33mView[39m[33m>[39m[33m;[39m
 [90m 1556 |[39m }
 [90m 1557 |[39m [36mfunction[39m [33mDrawerMenu[39m({icon[33m,[39mtitle[33m,[39monPress[33m,[39mtrailing}[33m:[39m{icon[33m:[39m[33mIconName[39m[33m;[39mtitle[33m:[39mstring[33m;[39monPress[33m?[39m[33m:[39m()[33m=>[39m[36mvoid[39m[33m;[39mtrailing[33m?[39m[33m:[39m[33mReact[39m[33m.[39m[33mReactNode[39m}){[36mreturn[39m [33m<[39m[33mPressable[39m onPress[33m=[39m{onPress} disabled[33m=[39m{[33m![39monPress[33m&&[39m[33m![39mtrailing} style[33m=[39m{({pressed})[33m=>[39m[s[33m.[39mdrawerMenu[33m,[39mpressed[33m&&[39ms[33m.[39mpressed]}[33m>[39m[33m<[39m[33mIonicons[39m name[33m=[39m{icon} size[33m=[39m{[35m20[39m} color[33m=[39m{colors[33m.[39mtextSubtle}[33m/[39m[33m>[39m[33m<[39m[33mText[39m style[33m=[39m{s[33m.[39mdrawerMenuText}[33m>[39m{title}[33m<[39m[35m/Text>{trailing??<Ionicons name="chevron-forward" size={17} color={colors.gray300}/[39m[33m>[39m}[33m<[39m[33m/[39m[33mPressable[39m[33m>[39m[33m;[39m}[0m
Call Stack
  ChatDrawer (App.tsx:1554:5)
  ChatRoom (App.tsx:1177:5)
  AuthenticatedApp (App.tsx:375:33)
  App (App.tsx:202:10)
Web  ERROR  Unexpected text node:  . A text node cannot be a child of a <View>. 

Code: App.tsx
[0m [90m 1552 |[39m   [36mreturn[39m [33m<[39m[33mView[39m style[33m=[39m{s[33m.[39mdrawerLayer}[33m>[39m[33m<[39m[33mPressable[39m accessibilityLabel[33m=[39m[32m"채팅 메뉴 닫기"[39m onPress[33m=[39m{onClose} style[33m=[39m{s[33m.[39mdrawerDim}[33m/[39m[33m>[39m[33m<[39m[33mAnimated[39m[33m.[39m[33mView[39m style[33m=[39m{[s[33m.[39mchatDrawer[33m,[39m{transform[33m:[39m[{translateX[33m:[39mslide}]}]}[33m>[39m
 [90m 1553 |[39m     [33m<[39m[33mView[39m style[33m=[39m{s[33m.[39mdrawerProfile}[33m>[39m[33m<[39m[33mView[39m style[33m=[39m{s[33m.[39mdrawerAvatar}[33m>[39m[33m<[39m[33mDefaultAvatar[39m size[33m=[39m{[35m72[39m}[35m/><View style={s.editDot}><Ionicons name="pencil" size={12} color="#FFF"/[39m[33m>[39m[33m<[39m[33m/[39m[33mView[39m[33m>[39m[33m<[39m[33m/[39m[33mView[39m[33m>[39m[33m<[39m[33mText[39m style[33m=[39m{s[33m.[39mdrawerProfileName}[33m>[39m한걸음[33m<[39m[33m/[39m[33mText[39m[33m>[39m[33m<[39m[33mText[39m numberOfLines[33m=[39m{[35m2[39m} style[33m=[39m{s[33m.[39mdrawerProfileIntro}[33m>[39m자기 소개가 들어가는 공간입니다[33m.[39m 편안한 대화를 좋아해요[33m.[39m[33m<[39m[33m/[39m[33mText[39m[33m>[39m[33m<[39m[33m/[39m[33mView[39m[33m>[39m
[31m[1m>[22m[39m[90m 1554 |[39m     [33m<[39m[33mView[39m style[33m=[39m{s[33m.[39mchatDrawerMenu}[33m>[39m[33m<[39m[33mDrawerMenu[39m icon[33m=[39m[32m"notifications-outline"[39m title[33m=[39m[32m"알림 설정"[39m trailing[33m=[39m{[33m<[39m[33mSwitch[39m value[33m=[39m{notifications} onValueChange[33m=[39m{setNotifications} trackColor[33m=[39m{{[36mfalse[39m[33m:[39mcolors[33m.[39mgray200[33m,[39m[36mtrue[39m[33m:[39mcolors[33m.[39mmint300}}[35m/>}/[39m[33m>[39m{isStaff[33m&&[39m[33m<[39m[33mDrawerMenu[39m icon[33m=[39m[32m"person-add-outline"[39m title[33m=[39m[32m"가입 신청 목록"[39m onPress[33m=[39m{onApplications}[35m/>}<DrawerMenu icon="people-outline" title="멤버 관리" onPress={onOpenMembers}/[39m[33m>[39m[33m<[39m[33mDrawerMenu[39m icon[33m=[39m[32m"albums-outline"[39m title[33m=[39m[32m"스토리 보기"[39m onPress[33m=[39m{onStories}[35m/>{isOwner&&<DrawerMenu icon="lock-closed-outline" title="방 공개 설정" onPress={onRoomSettings}/[39m[33m>[39m} {isStaff[33m&&[39m[33m<[39m[33mDrawerMenu[39m icon[33m=[39m[32m"ban-outline"[39m title[33m=[39m[32m"차단 멤버 목록"[39m onPress[33m=[39m{onBlocked}[33m/[39m[33m>[39m} {isOwner[33m&&[39m[33m<[39m[33mPressable[39m onPress[33m=[39m{onDelete} style[33m=[39m{s[33m.[39mdeleteRoomLink}[33m>[39m[33m<[39m[33mText[39m style[33m=[39m{s[33m.[39mdeleteRoomText}[33m>[39m방 삭제하기[33m<[39m[33m/[39m[33mText[39m[33m>[39m[33m<[39m[33m/[39m[33mPressable[39m[33m>[39m}[33m<[39m[33m/[39m[33mView[39m[33m>[39m
 [90m      |[39m     [31m[1m^[22m[39m
 [90m 1555 |[39m   [33m<[39m[33m/[39m[33mAnimated[39m[33m.[39m[33mView[39m[33m>[39m[33m<[39m[33m/[39m[33mView[39m[33m>[39m[33m;[39m
 [90m 1556 |[39m }
 [90m 1557 |[39m [36mfunction[39m [33mDrawerMenu[39m({icon[33m,[39mtitle[33m,[39monPress[33m,[39mtrailing}[33m:[39m{icon[33m:[39m[33mIconName[39m[33m;[39mtitle[33m:[39mstring[33m;[39monPress[33m?[39m[33m:[39m()[33m=>[39m[36mvoid[39m[33m;[39mtrailing[33m?[39m[33m:[39m[33mReact[39m[33m.[39m[33mReactNode[39m}){[36mreturn[39m [33m<[39m[33mPressable[39m onPress[33m=[39m{onPress} disabled[33m=[39m{[33m![39monPress[33m&&[39m[33m![39mtrailing} style[33m=[39m{({pressed})[33m=>[39m[s[33m.[39mdrawerMenu[33m,[39mpressed[33m&&[39ms[33m.[39mpressed]}[33m>[39m[33m<[39m[33mIonicons[39m name[33m=[39m{icon} size[33m=[39m{[35m20[39m} color[33m=[39m{colors[33m.[39mtextSubtle}[33m/[39m[33m>[39m[33m<[39m[33mText[39m style[33m=[39m{s[33m.[39mdrawerMenuText}[33m>[39m{title}[33m<[39m[35m/Text>{trailing??<Ionicons name="chevron-forward" size={17} color={colors.gray300}/[39m[33m>[39m}[33m<[39m[33m/[39m[33mPressable[39m[33m>[39m[33m;[39m}[0m
Call Stack
  ChatDrawer (App.tsx:1554:5)
  ChatRoom (App.tsx:1177:5)
  AuthenticatedApp (App.tsx:375:33)
  App (App.tsx:202:10)
Web  ERROR  Unexpected text node:  . A text node cannot be a child of a <View>. 

Code: App.tsx
[0m [90m 1552 |[39m   [36mreturn[39m [33m<[39m[33mView[39m style[33m=[39m{s[33m.[39mdrawerLayer}[33m>[39m[33m<[39m[33mPressable[39m accessibilityLabel[33m=[39m[32m"채팅 메뉴 닫기"[39m onPress[33m=[39m{onClose} style[33m=[39m{s[33m.[39mdrawerDim}[33m/[39m[33m>[39m[33m<[39m[33mAnimated[39m[33m.[39m[33mView[39m style[33m=[39m{[s[33m.[39mchatDrawer[33m,[39m{transform[33m:[39m[{translateX[33m:[39mslide}]}]}[33m>[39m
 [90m 1553 |[39m     [33m<[39m[33mView[39m style[33m=[39m{s[33m.[39mdrawerProfile}[33m>[39m[33m<[39m[33mView[39m style[33m=[39m{s[33m.[39mdrawerAvatar}[33m>[39m[33m<[39m[33mDefaultAvatar[39m size[33m=[39m{[35m72[39m}[35m/><View style={s.editDot}><Ionicons name="pencil" size={12} color="#FFF"/[39m[33m>[39m[33m<[39m[33m/[39m[33mView[39m[33m>[39m[33m<[39m[33m/[39m[33mView[39m[33m>[39m[33m<[39m[33mText[39m style[33m=[39m{s[33m.[39mdrawerProfileName}[33m>[39m한걸음[33m<[39m[33m/[39m[33mText[39m[33m>[39m[33m<[39m[33mText[39m numberOfLines[33m=[39m{[35m2[39m} style[33m=[39m{s[33m.[39mdrawerProfileIntro}[33m>[39m자기 소개가 들어가는 공간입니다[33m.[39m 편안한 대화를 좋아해요[33m.[39m[33m<[39m[33m/[39m[33mText[39m[33m>[39m[33m<[39m[33m/[39m[33mView[39m[33m>[39m
[31m[1m>[22m[39m[90m 1554 |[39m     [33m<[39m[33mView[39m style[33m=[39m{s[33m.[39mchatDrawerMenu}[33m>[39m[33m<[39m[33mDrawerMenu[39m icon[33m=[39m[32m"notifications-outline"[39m title[33m=[39m[32m"알림 설정"[39m trailing[33m=[39m{[33m<[39m[33mSwitch[39m value[33m=[39m{notifications} onValueChange[33m=[39m{setNotifications} trackColor[33m=[39m{{[36mfalse[39m[33m:[39mcolors[33m.[39mgray200[33m,[39m[36mtrue[39m[33m:[39mcolors[33m.[39mmint300}}[35m/>}/[39m[33m>[39m{isStaff[33m&&[39m[33m<[39m[33mDrawerMenu[39m icon[33m=[39m[32m"person-add-outline"[39m title[33m=[39m[32m"가입 신청 목록"[39m onPress[33m=[39m{onApplications}[35m/>}<DrawerMenu icon="people-outline" title="멤버 관리" onPress={onOpenMembers}/[39m[33m>[39m[33m<[39m[33mDrawerMenu[39m icon[33m=[39m[32m"albums-outline"[39m title[33m=[39m[32m"스토리 보기"[39m onPress[33m=[39m{onStories}[35m/>{isOwner&&<DrawerMenu icon="lock-closed-outline" title="방 공개 설정" onPress={onRoomSettings}/[39m[33m>[39m} {isStaff[33m&&[39m[33m<[39m[33mDrawerMenu[39m icon[33m=[39m[32m"ban-outline"[39m title[33m=[39m[32m"차단 멤버 목록"[39m onPress[33m=[39m{onBlocked}[33m/[39m[33m>[39m} {isOwner[33m&&[39m[33m<[39m[33mPressable[39m onPress[33m=[39m{onDelete} style[33m=[39m{s[33m.[39mdeleteRoomLink}[33m>[39m[33m<[39m[33mText[39m style[33m=[39m{s[33m.[39mdeleteRoomText}[33m>[39m방 삭제하기[33m<[39m[33m/[39m[33mText[39m[33m>[39m[33m<[39m[33m/[39m[33mPressable[39m[33m>[39m}[33m<[39m[33m/[39m[33mView[39m[33m>[39m
 [90m      |[39m     [31m[1m^[22m[39m
 [90m 1555 |[39m   [33m<[39m[33m/[39m[33mAnimated[39m[33m.[39m[33mView[39m[33m>[39m[33m<[39m[33m/[39m[33mView[39m[33m>[39m[33m;[39m
 [90m 1556 |[39m }
 [90m 1557 |[39m [36mfunction[39m [33mDrawerMenu[39m({icon[33m,[39mtitle[33m,[39monPress[33m,[39mtrailing}[33m:[39m{icon[33m:[39m[33mIconName[39m[33m;[39mtitle[33m:[39mstring[33m;[39monPress[33m?[39m[33m:[39m()[33m=>[39m[36mvoid[39m[33m;[39mtrailing[33m?[39m[33m:[39m[33mReact[39m[33m.[39m[33mReactNode[39m}){[36mreturn[39m [33m<[39m[33mPressable[39m onPress[33m=[39m{onPress} disabled[33m=[39m{[33m![39monPress[33m&&[39m[33m![39mtrailing} style[33m=[39m{({pressed})[33m=>[39m[s[33m.[39mdrawerMenu[33m,[39mpressed[33m&&[39ms[33m.[39mpressed]}[33m>[39m[33m<[39m[33mIonicons[39m name[33m=[39m{icon} size[33m=[39m{[35m20[39m} color[33m=[39m{colors[33m.[39mtextSubtle}[33m/[39m[33m>[39m[33m<[39m[33mText[39m style[33m=[39m{s[33m.[39mdrawerMenuText}[33m>[39m{title}[33m<[39m[35m/Text>{trailing??<Ionicons name="chevron-forward" size={17} color={colors.gray300}/[39m[33m>[39m}[33m<[39m[33m/[39m[33mPressable[39m[33m>[39m[33m;[39m}[0m
Call Stack
  ChatDrawer (App.tsx:1554:5)
  ChatRoom (App.tsx:1177:5)
  AuthenticatedApp (App.tsx:375:33)
  App (App.tsx:202:10)
Web  ERROR  Unexpected text node:  . A text node cannot be a child of a <View>. 

Code: App.tsx
[0m [90m 1552 |[39m   [36mreturn[39m [33m<[39m[33mView[39m style[33m=[39m{s[33m.[39mdrawerLayer}[33m>[39m[33m<[39m[33mPressable[39m accessibilityLabel[33m=[39m[32m"채팅 메뉴 닫기"[39m onPress[33m=[39m{onClose} style[33m=[39m{s[33m.[39mdrawerDim}[33m/[39m[33m>[39m[33m<[39m[33mAnimated[39m[33m.[39m[33mView[39m style[33m=[39m{[s[33m.[39mchatDrawer[33m,[39m{transform[33m:[39m[{translateX[33m:[39mslide}]}]}[33m>[39m
 [90m 1553 |[39m     [33m<[39m[33mView[39m style[33m=[39m{s[33m.[39mdrawerProfile}[33m>[39m[33m<[39m[33mView[39m style[33m=[39m{s[33m.[39mdrawerAvatar}[33m>[39m[33m<[39m[33mDefaultAvatar[39m size[33m=[39m{[35m72[39m}[35m/><View style={s.editDot}><Ionicons name="pencil" size={12} color="#FFF"/[39m[33m>[39m[33m<[39m[33m/[39m[33mView[39m[33m>[39m[33m<[39m[33m/[39m[33mView[39m[33m>[39m[33m<[39m[33mText[39m style[33m=[39m{s[33m.[39mdrawerProfileName}[33m>[39m한걸음[33m<[39m[33m/[39m[33mText[39m[33m>[39m[33m<[39m[33mText[39m numberOfLines[33m=[39m{[35m2[39m} style[33m=[39m{s[33m.[39mdrawerProfileIntro}[33m>[39m자기 소개가 들어가는 공간입니다[33m.[39m 편안한 대화를 좋아해요[33m.[39m[33m<[39m[33m/[39m[33mText[39m[33m>[39m[33m<[39m[33m/[39m[33mView[39m[33m>[39m
[31m[1m>[22m[39m[90m 1554 |[39m     [33m<[39m[33mView[39m style[33m=[39m{s[33m.[39mchatDrawerMenu}[33m>[39m[33m<[39m[33mDrawerMenu[39m icon[33m=[39m[32m"notifications-outline"[39m title[33m=[39m[32m"알림 설정"[39m trailing[33m=[39m{[33m<[39m[33mSwitch[39m value[33m=[39m{notifications} onValueChange[33m=[39m{setNotifications} trackColor[33m=[39m{{[36mfalse[39m[33m:[39mcolors[33m.[39mgray200[33m,[39m[36mtrue[39m[33m:[39mcolors[33m.[39mmint300}}[35m/>}/[39m[33m>[39m{isStaff[33m&&[39m[33m<[39m[33mDrawerMenu[39m icon[33m=[39m[32m"person-add-outline"[39m title[33m=[39m[32m"가입 신청 목록"[39m onPress[33m=[39m{onApplications}[35m/>}<DrawerMenu icon="people-outline" title="멤버 관리" onPress={onOpenMembers}/[39m[33m>[39m[33m<[39m[33mDrawerMenu[39m icon[33m=[39m[32m"albums-outline"[39m title[33m=[39m[32m"스토리 보기"[39m onPress[33m=[39m{onStories}[35m/>{isOwner&&<DrawerMenu icon="lock-closed-outline" title="방 공개 설정" onPress={onRoomSettings}/[39m[33m>[39m} {isStaff[33m&&[39m[33m<[39m[33mDrawerMenu[39m icon[33m=[39m[32m"ban-outline"[39m title[33m=[39m[32m"차단 멤버 목록"[39m onPress[33m=[39m{onBlocked}[33m/[39m[33m>[39m} {isOwner[33m&&[39m[33m<[39m[33mPressable[39m onPress[33m=[39m{onDelete} style[33m=[39m{s[33m.[39mdeleteRoomLink}[33m>[39m[33m<[39m[33mText[39m style[33m=[39m{s[33m.[39mdeleteRoomText}[33m>[39m방 삭제하기[33m<[39m[33m/[39m[33mText[39m[33m>[39m[33m<[39m[33m/[39m[33mPressable[39m[33m>[39m}[33m<[39m[33m/[39m[33mView[39m[33m>[39m
 [90m      |[39m     [31m[1m^[22m[39m
 [90m 1555 |[39m   [33m<[39m[33m/[39m[33mAnimated[39m[33m.[39m[33mView[39m[33m>[39m[33m<[39m[33m/[39m[33mView[39m[33m>[39m[33m;[39m
 [90m 1556 |[39m }
 [90m 1557 |[39m [36mfunction[39m [33mDrawerMenu[39m({icon[33m,[39mtitle[33m,[39monPress[33m,[39mtrailing}[33m:[39m{icon[33m:[39m[33mIconName[39m[33m;[39mtitle[33m:[39mstring[33m;[39monPress[33m?[39m[33m:[39m()[33m=>[39m[36mvoid[39m[33m;[39mtrailing[33m?[39m[33m:[39m[33mReact[39m[33m.[39m[33mReactNode[39m}){[36mreturn[39m [33m<[39m[33mPressable[39m onPress[33m=[39m{onPress} disabled[33m=[39m{[33m![39monPress[33m&&[39m[33m![39mtrailing} style[33m=[39m{({pressed})[33m=>[39m[s[33m.[39mdrawerMenu[33m,[39mpressed[33m&&[39ms[33m.[39mpressed]}[33m>[39m[33m<[39m[33mIonicons[39m name[33m=[39m{icon} size[33m=[39m{[35m20[39m} color[33m=[39m{colors[33m.[39mtextSubtle}[33m/[39m[33m>[39m[33m<[39m[33mText[39m style[33m=[39m{s[33m.[39mdrawerMenuText}[33m>[39m{title}[33m<[39m[35m/Text>{trailing??<Ionicons name="chevron-forward" size={17} color={colors.gray300}/[39m[33m>[39m}[33m<[39m[33m/[39m[33mPressable[39m[33m>[39m[33m;[39m}[0m
Call Stack
  ChatDrawer (App.tsx:1554:5)
  ChatRoom (App.tsx:1177:5)
  AuthenticatedApp (App.tsx:375:33)
  App (App.tsx:202:10)
Web  ERROR  Unexpected text node:  . A text node cannot be a child of a <View>. 

Code: App.tsx
[0m [90m 1552 |[39m   [36mreturn[39m [33m<[39m[33mView[39m style[33m=[39m{s[33m.[39mdrawerLayer}[33m>[39m[33m<[39m[33mPressable[39m accessibilityLabel[33m=[39m[32m"채팅 메뉴 닫기"[39m onPress[33m=[39m{onClose} style[33m=[39m{s[33m.[39mdrawerDim}[33m/[39m[33m>[39m[33m<[39m[33mAnimated[39m[33m.[39m[33mView[39m style[33m=[39m{[s[33m.[39mchatDrawer[33m,[39m{transform[33m:[39m[{translateX[33m:[39mslide}]}]}[33m>[39m
 [90m 1553 |[39m     [33m<[39m[33mView[39m style[33m=[39m{s[33m.[39mdrawerProfile}[33m>[39m[33m<[39m[33mView[39m style[33m=[39m{s[33m.[39mdrawerAvatar}[33m>[39m[33m<[39m[33mDefaultAvatar[39m size[33m=[39m{[35m72[39m}[35m/><View style={s.editDot}><Ionicons name="pencil" size={12} color="#FFF"/[39m[33m>[39m[33m<[39m[33m/[39m[33mView[39m[33m>[39m[33m<[39m[33m/[39m[33mView[39m[33m>[39m[33m<[39m[33mText[39m style[33m=[39m{s[33m.[39mdrawerProfileName}[33m>[39m한걸음[33m<[39m[33m/[39m[33mText[39m[33m>[39m[33m<[39m[33mText[39m numberOfLines[33m=[39m{[35m2[39m} style[33m=[39m{s[33m.[39mdrawerProfileIntro}[33m>[39m자기 소개가 들어가는 공간입니다[33m.[39m 편안한 대화를 좋아해요[33m.[39m[33m<[39m[33m/[39m[33mText[39m[33m>[39m[33m<[39m[33m/[39m[33mView[39m[33m>[39m
[31m[1m>[22m[39m[90m 1554 |[39m     [33m<[39m[33mView[39m style[33m=[39m{s[33m.[39mchatDrawerMenu}[33m>[39m[33m<[39m[33mDrawerMenu[39m icon[33m=[39m[32m"notifications-outline"[39m title[33m=[39m[32m"알림 설정"[39m trailing[33m=[39m{[33m<[39m[33mSwitch[39m value[33m=[39m{notifications} onValueChange[33m=[39m{setNotifications} trackColor[33m=[39m{{[36mfalse[39m[33m:[39mcolors[33m.[39mgray200[33m,[39m[36mtrue[39m[33m:[39mcolors[33m.[39mmint300}}[35m/>}/[39m[33m>[39m{isStaff[33m&&[39m[33m<[39m[33mDrawerMenu[39m icon[33m=[39m[32m"person-add-outline"[39m title[33m=[39m[32m"가입 신청 목록"[39m onPress[33m=[39m{onApplications}[35m/>}<DrawerMenu icon="people-outline" title="멤버 관리" onPress={onOpenMembers}/[39m[33m>[39m[33m<[39m[33mDrawerMenu[39m icon[33m=[39m[32m"albums-outline"[39m title[33m=[39m[32m"스토리 보기"[39m onPress[33m=[39m{onStories}[35m/>{isOwner&&<DrawerMenu icon="lock-closed-outline" title="방 공개 설정" onPress={onRoomSettings}/[39m[33m>[39m} {isStaff[33m&&[39m[33m<[39m[33mDrawerMenu[39m icon[33m=[39m[32m"ban-outline"[39m title[33m=[39m[32m"차단 멤버 목록"[39m onPress[33m=[39m{onBlocked}[33m/[39m[33m>[39m} {isOwner[33m&&[39m[33m<[39m[33mPressable[39m onPress[33m=[39m{onDelete} style[33m=[39m{s[33m.[39mdeleteRoomLink}[33m>[39m[33m<[39m[33mText[39m style[33m=[39m{s[33m.[39mdeleteRoomText}[33m>[39m방 삭제하기[33m<[39m[33m/[39m[33mText[39m[33m>[39m[33m<[39m[33m/[39m[33mPressable[39m[33m>[39m}[33m<[39m[33m/[39m[33mView[39m[33m>[39m
 [90m      |[39m     [31m[1m^[22m[39m
 [90m 1555 |[39m   [33m<[39m[33m/[39m[33mAnimated[39m[33m.[39m[33mView[39m[33m>[39m[33m<[39m[33m/[39m[33mView[39m[33m>[39m[33m;[39m
 [90m 1556 |[39m }
 [90m 1557 |[39m [36mfunction[39m [33mDrawerMenu[39m({icon[33m,[39mtitle[33m,[39monPress[33m,[39mtrailing}[33m:[39m{icon[33m:[39m[33mIconName[39m[33m;[39mtitle[33m:[39mstring[33m;[39monPress[33m?[39m[33m:[39m()[33m=>[39m[36mvoid[39m[33m;[39mtrailing[33m?[39m[33m:[39m[33mReact[39m[33m.[39m[33mReactNode[39m}){[36mreturn[39m [33m<[39m[33mPressable[39m onPress[33m=[39m{onPress} disabled[33m=[39m{[33m![39monPress[33m&&[39m[33m![39mtrailing} style[33m=[39m{({pressed})[33m=>[39m[s[33m.[39mdrawerMenu[33m,[39mpressed[33m&&[39ms[33m.[39mpressed]}[33m>[39m[33m<[39m[33mIonicons[39m name[33m=[39m{icon} size[33m=[39m{[35m20[39m} color[33m=[39m{colors[33m.[39mtextSubtle}[33m/[39m[33m>[39m[33m<[39m[33mText[39m style[33m=[39m{s[33m.[39mdrawerMenuText}[33m>[39m{title}[33m<[39m[35m/Text>{trailing??<Ionicons name="chevron-forward" size={17} color={colors.gray300}/[39m[33m>[39m}[33m<[39m[33m/[39m[33mPressable[39m[33m>[39m[33m;[39m}[0m
Call Stack
  ChatDrawer (App.tsx:1554:5)
  ChatRoom (App.tsx:1177:5)
  AuthenticatedApp (App.tsx:375:33)
  App (App.tsx:202:10)
Web  ERROR  Unexpected text node:  . A text node cannot be a child of a <View>. 

Code: App.tsx
[0m [90m 1552 |[39m   [36mreturn[39m [33m<[39m[33mView[39m style[33m=[39m{s[33m.[39mdrawerLayer}[33m>[39m[33m<[39m[33mPressable[39m accessibilityLabel[33m=[39m[32m"채팅 메뉴 닫기"[39m onPress[33m=[39m{onClose} style[33m=[39m{s[33m.[39mdrawerDim}[33m/[39m[33m>[39m[33m<[39m[33mAnimated[39m[33m.[39m[33mView[39m style[33m=[39m{[s[33m.[39mchatDrawer[33m,[39m{transform[33m:[39m[{translateX[33m:[39mslide}]}]}[33m>[39m
 [90m 1553 |[39m     [33m<[39m[33mView[39m style[33m=[39m{s[33m.[39mdrawerProfile}[33m>[39m[33m<[39m[33mView[39m style[33m=[39m{s[33m.[39mdrawerAvatar}[33m>[39m[33m<[39m[33mDefaultAvatar[39m size[33m=[39m{[35m72[39m}[35m/><View style={s.editDot}><Ionicons name="pencil" size={12} color="#FFF"/[39m[33m>[39m[33m<[39m[33m/[39m[33mView[39m[33m>[39m[33m<[39m[33m/[39m[33mView[39m[33m>[39m[33m<[39m[33mText[39m style[33m=[39m{s[33m.[39mdrawerProfileName}[33m>[39m한걸음[33m<[39m[33m/[39m[33mText[39m[33m>[39m[33m<[39m[33mText[39m numberOfLines[33m=[39m{[35m2[39m} style[33m=[39m{s[33m.[39mdrawerProfileIntro}[33m>[39m자기 소개가 들어가는 공간입니다[33m.[39m 편안한 대화를 좋아해요[33m.[39m[33m<[39m[33m/[39m[33mText[39m[33m>[39m[33m<[39m[33m/[39m[33mView[39m[33m>[39m
[31m[1m>[22m[39m[90m 1554 |[39m     [33m<[39m[33mView[39m style[33m=[39m{s[33m.[39mchatDrawerMenu}[33m>[39m[33m<[39m[33mDrawerMenu[39m icon[33m=[39m[32m"notifications-outline"[39m title[33m=[39m[32m"알림 설정"[39m trailing[33m=[39m{[33m<[39m[33mSwitch[39m value[33m=[39m{notifications} onValueChange[33m=[39m{setNotifications} trackColor[33m=[39m{{[36mfalse[39m[33m:[39mcolors[33m.[39mgray200[33m,[39m[36mtrue[39m[33m:[39mcolors[33m.[39mmint300}}[35m/>}/[39m[33m>[39m{isStaff[33m&&[39m[33m<[39m[33mDrawerMenu[39m icon[33m=[39m[32m"person-add-outline"[39m title[33m=[39m[32m"가입 신청 목록"[39m onPress[33m=[39m{onApplications}[35m/>}<DrawerMenu icon="people-outline" title="멤버 관리" onPress={onOpenMembers}/[39m[33m>[39m[33m<[39m[33mDrawerMenu[39m icon[33m=[39m[32m"albums-outline"[39m title[33m=[39m[32m"스토리 보기"[39m onPress[33m=[39m{onStories}[35m/>{isOwner&&<DrawerMenu icon="lock-closed-outline" title="방 공개 설정" onPress={onRoomSettings}/[39m[33m>[39m} {isStaff[33m&&[39m[33m<[39m[33mDrawerMenu[39m icon[33m=[39m[32m"ban-outline"[39m title[33m=[39m[32m"차단 멤버 목록"[39m onPress[33m=[39m{onBlocked}[33m/[39m[33m>[39m} {isOwner[33m&&[39m[33m<[39m[33mPressable[39m onPress[33m=[39m{onDelete} style[33m=[39m{s[33m.[39mdeleteRoomLink}[33m>[39m[33m<[39m[33mText[39m style[33m=[39m{s[33m.[39mdeleteRoomText}[33m>[39m방 삭제하기[33m<[39m[33m/[39m[33mText[39m[33m>[39m[33m<[39m[33m/[39m[33mPressable[39m[33m>[39m}[33m<[39m[33m/[39m[33mView[39m[33m>[39m
 [90m      |[39m     [31m[1m^[22m[39m
 [90m 1555 |[39m   [33m<[39m[33m/[39m[33mAnimated[39m[33m.[39m[33mView[39m[33m>[39m[33m<[39m[33m/[39m[33mView[39m[33m>[39m[33m;[39m
 [90m 1556 |[39m }
 [90m 1557 |[39m [36mfunction[39m [33mDrawerMenu[39m({icon[33m,[39mtitle[33m,[39monPress[33m,[39mtrailing}[33m:[39m{icon[33m:[39m[33mIconName[39m[33m;[39mtitle[33m:[39mstring[33m;[39monPress[33m?[39m[33m:[39m()[33m=>[39m[36mvoid[39m[33m;[39mtrailing[33m?[39m[33m:[39m[33mReact[39m[33m.[39m[33mReactNode[39m}){[36mreturn[39m [33m<[39m[33mPressable[39m onPress[33m=[39m{onPress} disabled[33m=[39m{[33m![39monPress[33m&&[39m[33m![39mtrailing} style[33m=[39m{({pressed})[33m=>[39m[s[33m.[39mdrawerMenu[33m,[39mpressed[33m&&[39ms[33m.[39mpressed]}[33m>[39m[33m<[39m[33mIonicons[39m name[33m=[39m{icon} size[33m=[39m{[35m20[39m} color[33m=[39m{colors[33m.[39mtextSubtle}[33m/[39m[33m>[39m[33m<[39m[33mText[39m style[33m=[39m{s[33m.[39mdrawerMenuText}[33m>[39m{title}[33m<[39m[35m/Text>{trailing??<Ionicons name="chevron-forward" size={17} color={colors.gray300}/[39m[33m>[39m}[33m<[39m[33m/[39m[33mPressable[39m[33m>[39m[33m;[39m}[0m
Call Stack
  ChatDrawer (App.tsx:1554:5)
  ChatRoom (App.tsx:1177:5)
  AuthenticatedApp (App.tsx:375:33)
  App (App.tsx:202:10)
Web  ERROR  Unexpected text node:  . A text node cannot be a child of a <View>. 

Code: App.tsx
[0m [90m 1552 |[39m   [36mreturn[39m [33m<[39m[33mView[39m style[33m=[39m{s[33m.[39mdrawerLayer}[33m>[39m[33m<[39m[33mPressable[39m accessibilityLabel[33m=[39m[32m"채팅 메뉴 닫기"[39m onPress[33m=[39m{onClose} style[33m=[39m{s[33m.[39mdrawerDim}[33m/[39m[33m>[39m[33m<[39m[33mAnimated[39m[33m.[39m[33mView[39m style[33m=[39m{[s[33m.[39mchatDrawer[33m,[39m{transform[33m:[39m[{translateX[33m:[39mslide}]}]}[33m>[39m
 [90m 1553 |[39m     [33m<[39m[33mView[39m style[33m=[39m{s[33m.[39mdrawerProfile}[33m>[39m[33m<[39m[33mView[39m style[33m=[39m{s[33m.[39mdrawerAvatar}[33m>[39m[33m<[39m[33mDefaultAvatar[39m size[33m=[39m{[35m72[39m}[35m/><View style={s.editDot}><Ionicons name="pencil" size={12} color="#FFF"/[39m[33m>[39m[33m<[39m[33m/[39m[33mView[39m[33m>[39m[33m<[39m[33m/[39m[33mView[39m[33m>[39m[33m<[39m[33mText[39m style[33m=[39m{s[33m.[39mdrawerProfileName}[33m>[39m한걸음[33m<[39m[33m/[39m[33mText[39m[33m>[39m[33m<[39m[33mText[39m numberOfLines[33m=[39m{[35m2[39m} style[33m=[39m{s[33m.[39mdrawerProfileIntro}[33m>[39m자기 소개가 들어가는 공간입니다[33m.[39m 편안한 대화를 좋아해요[33m.[39m[33m<[39m[33m/[39m[33mText[39m[33m>[39m[33m<[39m[33m/[39m[33mView[39m[33m>[39m
[31m[1m>[22m[39m[90m 1554 |[39m     [33m<[39m[33mView[39m style[33m=[39m{s[33m.[39mchatDrawerMenu}[33m>[39m[33m<[39m[33mDrawerMenu[39m icon[33m=[39m[32m"notifications-outline"[39m title[33m=[39m[32m"알림 설정"[39m trailing[33m=[39m{[33m<[39m[33mSwitch[39m value[33m=[39m{notifications} onValueChange[33m=[39m{setNotifications} trackColor[33m=[39m{{[36mfalse[39m[33m:[39mcolors[33m.[39mgray200[33m,[39m[36mtrue[39m[33m:[39mcolors[33m.[39mmint300}}[35m/>}/[39m[33m>[39m{isStaff[33m&&[39m[33m<[39m[33mDrawerMenu[39m icon[33m=[39m[32m"person-add-outline"[39m title[33m=[39m[32m"가입 신청 목록"[39m onPress[33m=[39m{onApplications}[35m/>}<DrawerMenu icon="people-outline" title="멤버 관리" onPress={onOpenMembers}/[39m[33m>[39m[33m<[39m[33mDrawerMenu[39m icon[33m=[39m[32m"albums-outline"[39m title[33m=[39m[32m"스토리 보기"[39m onPress[33m=[39m{onStories}[35m/>{isOwner&&<DrawerMenu icon="lock-closed-outline" title="방 공개 설정" onPress={onRoomSettings}/[39m[33m>[39m} {isStaff[33m&&[39m[33m<[39m[33mDrawerMenu[39m icon[33m=[39m[32m"ban-outline"[39m title[33m=[39m[32m"차단 멤버 목록"[39m onPress[33m=[39m{onBlocked}[33m/[39m[33m>[39m} {isOwner[33m&&[39m[33m<[39m[33mPressable[39m onPress[33m=[39m{onDelete} style[33m=[39m{s[33m.[39mdeleteRoomLink}[33m>[39m[33m<[39m[33mText[39m style[33m=[39m{s[33m.[39mdeleteRoomText}[33m>[39m방 삭제하기[33m<[39m[33m/[39m[33mText[39m[33m>[39m[33m<[39m[33m/[39m[33mPressable[39m[33m>[39m}[33m<[39m[33m/[39m[33mView[39m[33m>[39m
 [90m      |[39m     [31m[1m^[22m[39m
 [90m 1555 |[39m   [33m<[39m[33m/[39m[33mAnimated[39m[33m.[39m[33mView[39m[33m>[39m[33m<[39m[33m/[39m[33mView[39m[33m>[39m[33m;[39m
 [90m 1556 |[39m }
 [90m 1557 |[39m [36mfunction[39m [33mDrawerMenu[39m({icon[33m,[39mtitle[33m,[39monPress[33m,[39mtrailing}[33m:[39m{icon[33m:[39m[33mIconName[39m[33m;[39mtitle[33m:[39mstring[33m;[39monPress[33m?[39m[33m:[39m()[33m=>[39m[36mvoid[39m[33m;[39mtrailing[33m?[39m[33m:[39m[33mReact[39m[33m.[39m[33mReactNode[39m}){[36mreturn[39m [33m<[39m[33mPressable[39m onPress[33m=[39m{onPress} disabled[33m=[39m{[33m![39monPress[33m&&[39m[33m![39mtrailing} style[33m=[39m{({pressed})[33m=>[39m[s[33m.[39mdrawerMenu[33m,[39mpressed[33m&&[39ms[33m.[39mpressed]}[33m>[39m[33m<[39m[33mIonicons[39m name[33m=[39m{icon} size[33m=[39m{[35m20[39m} color[33m=[39m{colors[33m.[39mtextSubtle}[33m/[39m[33m>[39m[33m<[39m[33mText[39m style[33m=[39m{s[33m.[39mdrawerMenuText}[33m>[39m{title}[33m<[39m[35m/Text>{trailing??<Ionicons name="chevron-forward" size={17} color={colors.gray300}/[39m[33m>[39m}[33m<[39m[33m/[39m[33mPressable[39m[33m>[39m[33m;[39m}[0m
Call Stack
  ChatDrawer (App.tsx:1554:5)
  ChatRoom (App.tsx:1177:5)
  AuthenticatedApp (App.tsx:375:33)
  App (App.tsx:202:10)
Web  ERROR  Unexpected text node:  . A text node cannot be a child of a <View>. 

Code: App.tsx
[0m [90m 1552 |[39m   [36mreturn[39m [33m<[39m[33mView[39m style[33m=[39m{s[33m.[39mdrawerLayer}[33m>[39m[33m<[39m[33mPressable[39m accessibilityLabel[33m=[39m[32m"채팅 메뉴 닫기"[39m onPress[33m=[39m{onClose} style[33m=[39m{s[33m.[39mdrawerDim}[33m/[39m[33m>[39m[33m<[39m[33mAnimated[39m[33m.[39m[33mView[39m style[33m=[39m{[s[33m.[39mchatDrawer[33m,[39m{transform[33m:[39m[{translateX[33m:[39mslide}]}]}[33m>[39m
 [90m 1553 |[39m     [33m<[39m[33mView[39m style[33m=[39m{s[33m.[39mdrawerProfile}[33m>[39m[33m<[39m[33mView[39m style[33m=[39m{s[33m.[39mdrawerAvatar}[33m>[39m[33m<[39m[33mDefaultAvatar[39m size[33m=[39m{[35m72[39m}[35m/><View style={s.editDot}><Ionicons name="pencil" size={12} color="#FFF"/[39m[33m>[39m[33m<[39m[33m/[39m[33mView[39m[33m>[39m[33m<[39m[33m/[39m[33mView[39m[33m>[39m[33m<[39m[33mText[39m style[33m=[39m{s[33m.[39mdrawerProfileName}[33m>[39m한걸음[33m<[39m[33m/[39m[33mText[39m[33m>[39m[33m<[39m[33mText[39m numberOfLines[33m=[39m{[35m2[39m} style[33m=[39m{s[33m.[39mdrawerProfileIntro}[33m>[39m자기 소개가 들어가는 공간입니다[33m.[39m 편안한 대화를 좋아해요[33m.[39m[33m<[39m[33m/[39m[33mText[39m[33m>[39m[33m<[39m[33m/[39m[33mView[39m[33m>[39m
[31m[1m>[22m[39m[90m 1554 |[39m     [33m<[39m[33mView[39m style[33m=[39m{s[33m.[39mchatDrawerMenu}[33m>[39m[33m<[39m[33mDrawerMenu[39m icon[33m=[39m[32m"notifications-outline"[39m title[33m=[39m[32m"알림 설정"[39m trailing[33m=[39m{[33m<[39m[33mSwitch[39m value[33m=[39m{notifications} onValueChange[33m=[39m{setNotifications} trackColor[33m=[39m{{[36mfalse[39m[33m:[39mcolors[33m.[39mgray200[33m,[39m[36mtrue[39m[33m:[39mcolors[33m.[39mmint300}}[35m/>}/[39m[33m>[39m{isStaff[33m&&[39m[33m<[39m[33mDrawerMenu[39m icon[33m=[39m[32m"person-add-outline"[39m title[33m=[39m[32m"가입 신청 목록"[39m onPress[33m=[39m{onApplications}[35m/>}<DrawerMenu icon="people-outline" title="멤버 관리" onPress={onOpenMembers}/[39m[33m>[39m[33m<[39m[33mDrawerMenu[39m icon[33m=[39m[32m"albums-outline"[39m title[33m=[39m[32m"스토리 보기"[39m onPress[33m=[39m{onStories}[35m/>{isOwner&&<DrawerMenu icon="lock-closed-outline" title="방 공개 설정" onPress={onRoomSettings}/[39m[33m>[39m} {isStaff[33m&&[39m[33m<[39m[33mDrawerMenu[39m icon[33m=[39m[32m"ban-outline"[39m title[33m=[39m[32m"차단 멤버 목록"[39m onPress[33m=[39m{onBlocked}[33m/[39m[33m>[39m} {isOwner[33m&&[39m[33m<[39m[33mPressable[39m onPress[33m=[39m{onDelete} style[33m=[39m{s[33m.[39mdeleteRoomLink}[33m>[39m[33m<[39m[33mText[39m style[33m=[39m{s[33m.[39mdeleteRoomText}[33m>[39m방 삭제하기[33m<[39m[33m/[39m[33mText[39m[33m>[39m[33m<[39m[33m/[39m[33mPressable[39m[33m>[39m}[33m<[39m[33m/[39m[33mView[39m[33m>[39m
 [90m      |[39m     [31m[1m^[22m[39m
 [90m 1555 |[39m   [33m<[39m[33m/[39m[33mAnimated[39m[33m.[39m[33mView[39m[33m>[39m[33m<[39m[33m/[39m[33mView[39m[33m>[39m[33m;[39m
 [90m 1556 |[39m }
 [90m 1557 |[39m [36mfunction[39m [33mDrawerMenu[39m({icon[33m,[39mtitle[33m,[39monPress[33m,[39mtrailing}[33m:[39m{icon[33m:[39m[33mIconName[39m[33m;[39mtitle[33m:[39mstring[33m;[39monPress[33m?[39m[33m:[39m()[33m=>[39m[36mvoid[39m[33m;[39mtrailing[33m?[39m[33m:[39m[33mReact[39m[33m.[39m[33mReactNode[39m}){[36mreturn[39m [33m<[39m[33mPressable[39m onPress[33m=[39m{onPress} disabled[33m=[39m{[33m![39monPress[33m&&[39m[33m![39mtrailing} style[33m=[39m{({pressed})[33m=>[39m[s[33m.[39mdrawerMenu[33m,[39mpressed[33m&&[39ms[33m.[39mpressed]}[33m>[39m[33m<[39m[33mIonicons[39m name[33m=[39m{icon} size[33m=[39m{[35m20[39m} color[33m=[39m{colors[33m.[39mtextSubtle}[33m/[39m[33m>[39m[33m<[39m[33mText[39m style[33m=[39m{s[33m.[39mdrawerMenuText}[33m>[39m{title}[33m<[39m[35m/Text>{trailing??<Ionicons name="chevron-forward" size={17} color={colors.gray300}/[39m[33m>[39m}[33m<[39m[33m/[39m[33mPressable[39m[33m>[39m[33m;[39m}[0m
Call Stack
  ChatDrawer (App.tsx:1554:5)
  ChatRoom (App.tsx:1177:5)
  AuthenticatedApp (App.tsx:375:33)
  App (App.tsx:202:10)
Web  ERROR  Unexpected text node:  . A text node cannot be a child of a <View>. 

Code: App.tsx
[0m [90m 1552 |[39m   [36mreturn[39m [33m<[39m[33mView[39m style[33m=[39m{s[33m.[39mdrawerLayer}[33m>[39m[33m<[39m[33mPressable[39m accessibilityLabel[33m=[39m[32m"채팅 메뉴 닫기"[39m onPress[33m=[39m{onClose} style[33m=[39m{s[33m.[39mdrawerDim}[33m/[39m[33m>[39m[33m<[39m[33mAnimated[39m[33m.[39m[33mView[39m style[33m=[39m{[s[33m.[39mchatDrawer[33m,[39m{transform[33m:[39m[{translateX[33m:[39mslide}]}]}[33m>[39m
 [90m 1553 |[39m     [33m<[39m[33mView[39m style[33m=[39m{s[33m.[39mdrawerProfile}[33m>[39m[33m<[39m[33mView[39m style[33m=[39m{s[33m.[39mdrawerAvatar}[33m>[39m[33m<[39m[33mDefaultAvatar[39m size[33m=[39m{[35m72[39m}[35m/><View style={s.editDot}><Ionicons name="pencil" size={12} color="#FFF"/[39m[33m>[39m[33m<[39m[33m/[39m[33mView[39m[33m>[39m[33m<[39m[33m/[39m[33mView[39m[33m>[39m[33m<[39m[33mText[39m style[33m=[39m{s[33m.[39mdrawerProfileName}[33m>[39m한걸음[33m<[39m[33m/[39m[33mText[39m[33m>[39m[33m<[39m[33mText[39m numberOfLines[33m=[39m{[35m2[39m} style[33m=[39m{s[33m.[39mdrawerProfileIntro}[33m>[39m자기 소개가 들어가는 공간입니다[33m.[39m 편안한 대화를 좋아해요[33m.[39m[33m<[39m[33m/[39m[33mText[39m[33m>[39m[33m<[39m[33m/[39m[33mView[39m[33m>[39m
[31m[1m>[22m[39m[90m 1554 |[39m     [33m<[39m[33mView[39m style[33m=[39m{s[33m.[39mchatDrawerMenu}[33m>[39m[33m<[39m[33mDrawerMenu[39m icon[33m=[39m[32m"notifications-outline"[39m title[33m=[39m[32m"알림 설정"[39m trailing[33m=[39m{[33m<[39m[33mSwitch[39m value[33m=[39m{notifications} onValueChange[33m=[39m{setNotifications} trackColor[33m=[39m{{[36mfalse[39m[33m:[39mcolors[33m.[39mgray200[33m,[39m[36mtrue[39m[33m:[39mcolors[33m.[39mmint300}}[35m/>}/[39m[33m>[39m{isStaff[33m&&[39m[33m<[39m[33mDrawerMenu[39m icon[33m=[39m[32m"person-add-outline"[39m title[33m=[39m[32m"가입 신청 목록"[39m onPress[33m=[39m{onApplications}[35m/>}<DrawerMenu icon="people-outline" title="멤버 관리" onPress={onOpenMembers}/[39m[33m>[39m[33m<[39m[33mDrawerMenu[39m icon[33m=[39m[32m"albums-outline"[39m title[33m=[39m[32m"스토리 보기"[39m onPress[33m=[39m{onStories}[35m/>{isOwner&&<DrawerMenu icon="lock-closed-outline" title="방 공개 설정" onPress={onRoomSettings}/[39m[33m>[39m} {isStaff[33m&&[39m[33m<[39m[33mDrawerMenu[39m icon[33m=[39m[32m"ban-outline"[39m title[33m=[39m[32m"차단 멤버 목록"[39m onPress[33m=[39m{onBlocked}[33m/[39m[33m>[39m} {isOwner[33m&&[39m[33m<[39m[33mPressable[39m onPress[33m=[39m{onDelete} style[33m=[39m{s[33m.[39mdeleteRoomLink}[33m>[39m[33m<[39m[33mText[39m style[33m=[39m{s[33m.[39mdeleteRoomText}[33m>[39m방 삭제하기[33m<[39m[33m/[39m[33mText[39m[33m>[39m[33m<[39m[33m/[39m[33mPressable[39m[33m>[39m}[33m<[39m[33m/[39m[33mView[39m[33m>[39m
 [90m      |[39m     [31m[1m^[22m[39m
 [90m 1555 |[39m   [33m<[39m[33m/[39m[33mAnimated[39m[33m.[39m[33mView[39m[33m>[39m[33m<[39m[33m/[39m[33mView[39m[33m>[39m[33m;[39m
 [90m 1556 |[39m }
 [90m 1557 |[39m [36mfunction[39m [33mDrawerMenu[39m({icon[33m,[39mtitle[33m,[39monPress[33m,[39mtrailing}[33m:[39m{icon[33m:[39m[33mIconName[39m[33m;[39mtitle[33m:[39mstring[33m;[39monPress[33m?[39m[33m:[39m()[33m=>[39m[36mvoid[39m[33m;[39mtrailing[33m?[39m[33m:[39m[33mReact[39m[33m.[39m[33mReactNode[39m}){[36mreturn[39m [33m<[39m[33mPressable[39m onPress[33m=[39m{onPress} disabled[33m=[39m{[33m![39monPress[33m&&[39m[33m![39mtrailing} style[33m=[39m{({pressed})[33m=>[39m[s[33m.[39mdrawerMenu[33m,[39mpressed[33m&&[39ms[33m.[39mpressed]}[33m>[39m[33m<[39m[33mIonicons[39m name[33m=[39m{icon} size[33m=[39m{[35m20[39m} color[33m=[39m{colors[33m.[39mtextSubtle}[33m/[39m[33m>[39m[33m<[39m[33mText[39m style[33m=[39m{s[33m.[39mdrawerMenuText}[33m>[39m{title}[33m<[39m[35m/Text>{trailing??<Ionicons name="chevron-forward" size={17} color={colors.gray300}/[39m[33m>[39m}[33m<[39m[33m/[39m[33mPressable[39m[33m>[39m[33m;[39m}[0m
Call Stack
  ChatDrawer (App.tsx:1554:5)
  ChatRoom (App.tsx:1177:5)
  AuthenticatedApp (App.tsx:375:33)
  App (App.tsx:202:10)
Web  ERROR  Unexpected text node:  . A text node cannot be a child of a <View>. 

Code: App.tsx
[0m [90m 1552 |[39m   [36mreturn[39m [33m<[39m[33mView[39m style[33m=[39m{s[33m.[39mdrawerLayer}[33m>[39m[33m<[39m[33mPressable[39m accessibilityLabel[33m=[39m[32m"채팅 메뉴 닫기"[39m onPress[33m=[39m{onClose} style[33m=[39m{s[33m.[39mdrawerDim}[33m/[39m[33m>[39m[33m<[39m[33mAnimated[39m[33m.[39m[33mView[39m style[33m=[39m{[s[33m.[39mchatDrawer[33m,[39m{transform[33m:[39m[{translateX[33m:[39mslide}]}]}[33m>[39m
 [90m 1553 |[39m     [33m<[39m[33mView[39m style[33m=[39m{s[33m.[39mdrawerProfile}[33m>[39m[33m<[39m[33mView[39m style[33m=[39m{s[33m.[39mdrawerAvatar}[33m>[39m[33m<[39m[33mDefaultAvatar[39m size[33m=[39m{[35m72[39m}[35m/><View style={s.editDot}><Ionicons name="pencil" size={12} color="#FFF"/[39m[33m>[39m[33m<[39m[33m/[39m[33mView[39m[33m>[39m[33m<[39m[33m/[39m[33mView[39m[33m>[39m[33m<[39m[33mText[39m style[33m=[39m{s[33m.[39mdrawerProfileName}[33m>[39m한걸음[33m<[39m[33m/[39m[33mText[39m[33m>[39m[33m<[39m[33mText[39m numberOfLines[33m=[39m{[35m2[39m} style[33m=[39m{s[33m.[39mdrawerProfileIntro}[33m>[39m자기 소개가 들어가는 공간입니다[33m.[39m 편안한 대화를 좋아해요[33m.[39m[33m<[39m[33m/[39m[33mText[39m[33m>[39m[33m<[39m[33m/[39m[33mView[39m[33m>[39m
[31m[1m>[22m[39m[90m 1554 |[39m     [33m<[39m[33mView[39m style[33m=[39m{s[33m.[39mchatDrawerMenu}[33m>[39m[33m<[39m[33mDrawerMenu[39m icon[33m=[39m[32m"notifications-outline"[39m title[33m=[39m[32m"알림 설정"[39m trailing[33m=[39m{[33m<[39m[33mSwitch[39m value[33m=[39m{notifications} onValueChange[33m=[39m{setNotifications} trackColor[33m=[39m{{[36mfalse[39m[33m:[39mcolors[33m.[39mgray200[33m,[39m[36mtrue[39m[33m:[39mcolors[33m.[39mmint300}}[35m/>}/[39m[33m>[39m{isStaff[33m&&[39m[33m<[39m[33mDrawerMenu[39m icon[33m=[39m[32m"person-add-outline"[39m title[33m=[39m[32m"가입 신청 목록"[39m onPress[33m=[39m{onApplications}[35m/>}<DrawerMenu icon="people-outline" title="멤버 관리" onPress={onOpenMembers}/[39m[33m>[39m[33m<[39m[33mDrawerMenu[39m icon[33m=[39m[32m"albums-outline"[39m title[33m=[39m[32m"스토리 보기"[39m onPress[33m=[39m{onStories}[35m/>{isOwner&&<DrawerMenu icon="lock-closed-outline" title="방 공개 설정" onPress={onRoomSettings}/[39m[33m>[39m} {isStaff[33m&&[39m[33m<[39m[33mDrawerMenu[39m icon[33m=[39m[32m"ban-outline"[39m title[33m=[39m[32m"차단 멤버 목록"[39m onPress[33m=[39m{onBlocked}[33m/[39m[33m>[39m} {isOwner[33m&&[39m[33m<[39m[33mPressable[39m onPress[33m=[39m{onDelete} style[33m=[39m{s[33m.[39mdeleteRoomLink}[33m>[39m[33m<[39m[33mText[39m style[33m=[39m{s[33m.[39mdeleteRoomText}[33m>[39m방 삭제하기[33m<[39m[33m/[39m[33mText[39m[33m>[39m[33m<[39m[33m/[39m[33mPressable[39m[33m>[39m}[33m<[39m[33m/[39m[33mView[39m[33m>[39m
 [90m      |[39m     [31m[1m^[22m[39m
 [90m 1555 |[39m   [33m<[39m[33m/[39m[33mAnimated[39m[33m.[39m[33mView[39m[33m>[39m[33m<[39m[33m/[39m[33mView[39m[33m>[39m[33m;[39m
 [90m 1556 |[39m }
 [90m 1557 |[39m [36mfunction[39m [33mDrawerMenu[39m({icon[33m,[39mtitle[33m,[39monPress[33m,[39mtrailing}[33m:[39m{icon[33m:[39m[33mIconName[39m[33m;[39mtitle[33m:[39mstring[33m;[39monPress[33m?[39m[33m:[39m()[33m=>[39m[36mvoid[39m[33m;[39mtrailing[33m?[39m[33m:[39m[33mReact[39m[33m.[39m[33mReactNode[39m}){[36mreturn[39m [33m<[39m[33mPressable[39m onPress[33m=[39m{onPress} disabled[33m=[39m{[33m![39monPress[33m&&[39m[33m![39mtrailing} style[33m=[39m{({pressed})[33m=>[39m[s[33m.[39mdrawerMenu[33m,[39mpressed[33m&&[39ms[33m.[39mpressed]}[33m>[39m[33m<[39m[33mIonicons[39m name[33m=[39m{icon} size[33m=[39m{[35m20[39m} color[33m=[39m{colors[33m.[39mtextSubtle}[33m/[39m[33m>[39m[33m<[39m[33mText[39m style[33m=[39m{s[33m.[39mdrawerMenuText}[33m>[39m{title}[33m<[39m[35m/Text>{trailing??<Ionicons name="chevron-forward" size={17} color={colors.gray300}/[39m[33m>[39m}[33m<[39m[33m/[39m[33mPressable[39m[33m>[39m[33m;[39m}[0m
Call Stack
  ChatDrawer (App.tsx:1554:5)
  ChatRoom (App.tsx:1177:5)
  AuthenticatedApp (App.tsx:375:33)
  App (App.tsx:202:10)
Web  ERROR  Unexpected text node:  . A text node cannot be a child of a <View>. 

Code: App.tsx
[0m [90m 1552 |[39m   [36mreturn[39m [33m<[39m[33mView[39m style[33m=[39m{s[33m.[39mdrawerLayer}[33m>[39m[33m<[39m[33mPressable[39m accessibilityLabel[33m=[39m[32m"채팅 메뉴 닫기"[39m onPress[33m=[39m{onClose} style[33m=[39m{s[33m.[39mdrawerDim}[33m/[39m[33m>[39m[33m<[39m[33mAnimated[39m[33m.[39m[33mView[39m style[33m=[39m{[s[33m.[39mchatDrawer[33m,[39m{transform[33m:[39m[{translateX[33m:[39mslide}]}]}[33m>[39m
 [90m 1553 |[39m     [33m<[39m[33mView[39m style[33m=[39m{s[33m.[39mdrawerProfile}[33m>[39m[33m<[39m[33mView[39m style[33m=[39m{s[33m.[39mdrawerAvatar}[33m>[39m[33m<[39m[33mDefaultAvatar[39m size[33m=[39m{[35m72[39m}[35m/><View style={s.editDot}><Ionicons name="pencil" size={12} color="#FFF"/[39m[33m>[39m[33m<[39m[33m/[39m[33mView[39m[33m>[39m[33m<[39m[33m/[39m[33mView[39m[33m>[39m[33m<[39m[33mText[39m style[33m=[39m{s[33m.[39mdrawerProfileName}[33m>[39m한걸음[33m<[39m[33m/[39m[33mText[39m[33m>[39m[33m<[39m[33mText[39m numberOfLines[33m=[39m{[35m2[39m} style[33m=[39m{s[33m.[39mdrawerProfileIntro}[33m>[39m자기 소개가 들어가는 공간입니다[33m.[39m 편안한 대화를 좋아해요[33m.[39m[33m<[39m[33m/[39m[33mText[39m[33m>[39m[33m<[39m[33m/[39m[33mView[39m[33m>[39m
[31m[1m>[22m[39m[90m 1554 |[39m     [33m<[39m[33mView[39m style[33m=[39m{s[33m.[39mchatDrawerMenu}[33m>[39m[33m<[39m[33mDrawerMenu[39m icon[33m=[39m[32m"notifications-outline"[39m title[33m=[39m[32m"알림 설정"[39m trailing[33m=[39m{[33m<[39m[33mSwitch[39m value[33m=[39m{notifications} onValueChange[33m=[39m{setNotifications} trackColor[33m=[39m{{[36mfalse[39m[33m:[39mcolors[33m.[39mgray200[33m,[39m[36mtrue[39m[33m:[39mcolors[33m.[39mmint300}}[35m/>}/[39m[33m>[39m{isStaff[33m&&[39m[33m<[39m[33mDrawerMenu[39m icon[33m=[39m[32m"person-add-outline"[39m title[33m=[39m[32m"가입 신청 목록"[39m onPress[33m=[39m{onApplications}[35m/>}<DrawerMenu icon="people-outline" title="멤버 관리" onPress={onOpenMembers}/[39m[33m>[39m[33m<[39m[33mDrawerMenu[39m icon[33m=[39m[32m"albums-outline"[39m title[33m=[39m[32m"스토리 보기"[39m onPress[33m=[39m{onStories}[35m/>{isOwner&&<DrawerMenu icon="lock-closed-outline" title="방 공개 설정" onPress={onRoomSettings}/[39m[33m>[39m} {isStaff[33m&&[39m[33m<[39m[33mDrawerMenu[39m icon[33m=[39m[32m"ban-outline"[39m title[33m=[39m[32m"차단 멤버 목록"[39m onPress[33m=[39m{onBlocked}[33m/[39m[33m>[39m} {isOwner[33m&&[39m[33m<[39m[33mPressable[39m onPress[33m=[39m{onDelete} style[33m=[39m{s[33m.[39mdeleteRoomLink}[33m>[39m[33m<[39m[33mText[39m style[33m=[39m{s[33m.[39mdeleteRoomText}[33m>[39m방 삭제하기[33m<[39m[33m/[39m[33mText[39m[33m>[39m[33m<[39m[33m/[39m[33mPressable[39m[33m>[39m}[33m<[39m[33m/[39m[33mView[39m[33m>[39m
 [90m      |[39m     [31m[1m^[22m[39m
 [90m 1555 |[39m   [33m<[39m[33m/[39m[33mAnimated[39m[33m.[39m[33mView[39m[33m>[39m[33m<[39m[33m/[39m[33mView[39m[33m>[39m[33m;[39m
 [90m 1556 |[39m }
 [90m 1557 |[39m [36mfunction[39m [33mDrawerMenu[39m({icon[33m,[39mtitle[33m,[39monPress[33m,[39mtrailing}[33m:[39m{icon[33m:[39m[33mIconName[39m[33m;[39mtitle[33m:[39mstring[33m;[39monPress[33m?[39m[33m:[39m()[33m=>[39m[36mvoid[39m[33m;[39mtrailing[33m?[39m[33m:[39m[33mReact[39m[33m.[39m[33mReactNode[39m}){[36mreturn[39m [33m<[39m[33mPressable[39m onPress[33m=[39m{onPress} disabled[33m=[39m{[33m![39monPress[33m&&[39m[33m![39mtrailing} style[33m=[39m{({pressed})[33m=>[39m[s[33m.[39mdrawerMenu[33m,[39mpressed[33m&&[39ms[33m.[39mpressed]}[33m>[39m[33m<[39m[33mIonicons[39m name[33m=[39m{icon} size[33m=[39m{[35m20[39m} color[33m=[39m{colors[33m.[39mtextSubtle}[33m/[39m[33m>[39m[33m<[39m[33mText[39m style[33m=[39m{s[33m.[39mdrawerMenuText}[33m>[39m{title}[33m<[39m[35m/Text>{trailing??<Ionicons name="chevron-forward" size={17} color={colors.gray300}/[39m[33m>[39m}[33m<[39m[33m/[39m[33mPressable[39m[33m>[39m[33m;[39m}[0m
Call Stack
  ChatDrawer (App.tsx:1554:5)
  ChatRoom (App.tsx:1177:5)
  AuthenticatedApp (App.tsx:375:33)
  App (App.tsx:202:10)
Web  ERROR  Unexpected text node:  . A text node cannot be a child of a <View>. 

Code: App.tsx
[0m [90m 1552 |[39m   [36mreturn[39m [33m<[39m[33mView[39m style[33m=[39m{s[33m.[39mdrawerLayer}[33m>[39m[33m<[39m[33mPressable[39m accessibilityLabel[33m=[39m[32m"채팅 메뉴 닫기"[39m onPress[33m=[39m{onClose} style[33m=[39m{s[33m.[39mdrawerDim}[33m/[39m[33m>[39m[33m<[39m[33mAnimated[39m[33m.[39m[33mView[39m style[33m=[39m{[s[33m.[39mchatDrawer[33m,[39m{transform[33m:[39m[{translateX[33m:[39mslide}]}]}[33m>[39m
 [90m 1553 |[39m     [33m<[39m[33mView[39m style[33m=[39m{s[33m.[39mdrawerProfile}[33m>[39m[33m<[39m[33mView[39m style[33m=[39m{s[33m.[39mdrawerAvatar}[33m>[39m[33m<[39m[33mDefaultAvatar[39m size[33m=[39m{[35m72[39m}[35m/><View style={s.editDot}><Ionicons name="pencil" size={12} color="#FFF"/[39m[33m>[39m[33m<[39m[33m/[39m[33mView[39m[33m>[39m[33m<[39m[33m/[39m[33mView[39m[33m>[39m[33m<[39m[33mText[39m style[33m=[39m{s[33m.[39mdrawerProfileName}[33m>[39m한걸음[33m<[39m[33m/[39m[33mText[39m[33m>[39m[33m<[39m[33mText[39m numberOfLines[33m=[39m{[35m2[39m} style[33m=[39m{s[33m.[39mdrawerProfileIntro}[33m>[39m자기 소개가 들어가는 공간입니다[33m.[39m 편안한 대화를 좋아해요[33m.[39m[33m<[39m[33m/[39m[33mText[39m[33m>[39m[33m<[39m[33m/[39m[33mView[39m[33m>[39m
[31m[1m>[22m[39m[90m 1554 |[39m     [33m<[39m[33mView[39m style[33m=[39m{s[33m.[39mchatDrawerMenu}[33m>[39m[33m<[39m[33mDrawerMenu[39m icon[33m=[39m[32m"notifications-outline"[39m title[33m=[39m[32m"알림 설정"[39m trailing[33m=[39m{[33m<[39m[33mSwitch[39m value[33m=[39m{notifications} onValueChange[33m=[39m{setNotifications} trackColor[33m=[39m{{[36mfalse[39m[33m:[39mcolors[33m.[39mgray200[33m,[39m[36mtrue[39m[33m:[39mcolors[33m.[39mmint300}}[35m/>}/[39m[33m>[39m{isStaff[33m&&[39m[33m<[39m[33mDrawerMenu[39m icon[33m=[39m[32m"person-add-outline"[39m title[33m=[39m[32m"가입 신청 목록"[39m onPress[33m=[39m{onApplications}[35m/>}<DrawerMenu icon="people-outline" title="멤버 관리" onPress={onOpenMembers}/[39m[33m>[39m[33m<[39m[33mDrawerMenu[39m icon[33m=[39m[32m"albums-outline"[39m title[33m=[39m[32m"스토리 보기"[39m onPress[33m=[39m{onStories}[35m/>{isOwner&&<DrawerMenu icon="lock-closed-outline" title="방 공개 설정" onPress={onRoomSettings}/[39m[33m>[39m} {isStaff[33m&&[39m[33m<[39m[33mDrawerMenu[39m icon[33m=[39m[32m"ban-outline"[39m title[33m=[39m[32m"차단 멤버 목록"[39m onPress[33m=[39m{onBlocked}[33m/[39m[33m>[39m} {isOwner[33m&&[39m[33m<[39m[33mPressable[39m onPress[33m=[39m{onDelete} style[33m=[39m{s[33m.[39mdeleteRoomLink}[33m>[39m[33m<[39m[33mText[39m style[33m=[39m{s[33m.[39mdeleteRoomText}[33m>[39m방 삭제하기[33m<[39m[33m/[39m[33mText[39m[33m>[39m[33m<[39m[33m/[39m[33mPressable[39m[33m>[39m}[33m<[39m[33m/[39m[33mView[39m[33m>[39m
 [90m      |[39m     [31m[1m^[22m[39m
 [90m 1555 |[39m   [33m<[39m[33m/[39m[33mAnimated[39m[33m.[39m[33mView[39m[33m>[39m[33m<[39m[33m/[39m[33mView[39m[33m>[39m[33m;[39m
 [90m 1556 |[39m }
 [90m 1557 |[39m [36mfunction[39m [33mDrawerMenu[39m({icon[33m,[39mtitle[33m,[39monPress[33m,[39mtrailing}[33m:[39m{icon[33m:[39m[33mIconName[39m[33m;[39mtitle[33m:[39mstring[33m;[39monPress[33m?[39m[33m:[39m()[33m=>[39m[36mvoid[39m[33m;[39mtrailing[33m?[39m[33m:[39m[33mReact[39m[33m.[39m[33mReactNode[39m}){[36mreturn[39m [33m<[39m[33mPressable[39m onPress[33m=[39m{onPress} disabled[33m=[39m{[33m![39monPress[33m&&[39m[33m![39mtrailing} style[33m=[39m{({pressed})[33m=>[39m[s[33m.[39mdrawerMenu[33m,[39mpressed[33m&&[39ms[33m.[39mpressed]}[33m>[39m[33m<[39m[33mIonicons[39m name[33m=[39m{icon} size[33m=[39m{[35m20[39m} color[33m=[39m{colors[33m.[39mtextSubtle}[33m/[39m[33m>[39m[33m<[39m[33mText[39m style[33m=[39m{s[33m.[39mdrawerMenuText}[33m>[39m{title}[33m<[39m[35m/Text>{trailing??<Ionicons name="chevron-forward" size={17} color={colors.gray300}/[39m[33m>[39m}[33m<[39m[33m/[39m[33mPressable[39m[33m>[39m[33m;[39m}[0m
Call Stack
  ChatDrawer (App.tsx:1554:5)
  ChatRoom (App.tsx:1177:5)
  AuthenticatedApp (App.tsx:375:33)
  App (App.tsx:202:10)
Web  ERROR  Unexpected text node:  . A text node cannot be a child of a <View>. 

Code: App.tsx
[0m [90m 1552 |[39m   [36mreturn[39m [33m<[39m[33mView[39m style[33m=[39m{s[33m.[39mdrawerLayer}[33m>[39m[33m<[39m[33mPressable[39m accessibilityLabel[33m=[39m[32m"채팅 메뉴 닫기"[39m onPress[33m=[39m{onClose} style[33m=[39m{s[33m.[39mdrawerDim}[33m/[39m[33m>[39m[33m<[39m[33mAnimated[39m[33m.[39m[33mView[39m style[33m=[39m{[s[33m.[39mchatDrawer[33m,[39m{transform[33m:[39m[{translateX[33m:[39mslide}]}]}[33m>[39m
 [90m 1553 |[39m     [33m<[39m[33mView[39m style[33m=[39m{s[33m.[39mdrawerProfile}[33m>[39m[33m<[39m[33mView[39m style[33m=[39m{s[33m.[39mdrawerAvatar}[33m>[39m[33m<[39m[33mDefaultAvatar[39m size[33m=[39m{[35m72[39m}[35m/><View style={s.editDot}><Ionicons name="pencil" size={12} color="#FFF"/[39m[33m>[39m[33m<[39m[33m/[39m[33mView[39m[33m>[39m[33m<[39m[33m/[39m[33mView[39m[33m>[39m[33m<[39m[33mText[39m style[33m=[39m{s[33m.[39mdrawerProfileName}[33m>[39m한걸음[33m<[39m[33m/[39m[33mText[39m[33m>[39m[33m<[39m[33mText[39m numberOfLines[33m=[39m{[35m2[39m} style[33m=[39m{s[33m.[39mdrawerProfileIntro}[33m>[39m자기 소개가 들어가는 공간입니다[33m.[39m 편안한 대화를 좋아해요[33m.[39m[33m<[39m[33m/[39m[33mText[39m[33m>[39m[33m<[39m[33m/[39m[33mView[39m[33m>[39m
[31m[1m>[22m[39m[90m 1554 |[39m     [33m<[39m[33mView[39m style[33m=[39m{s[33m.[39mchatDrawerMenu}[33m>[39m[33m<[39m[33mDrawerMenu[39m icon[33m=[39m[32m"notifications-outline"[39m title[33m=[39m[32m"알림 설정"[39m trailing[33m=[39m{[33m<[39m[33mSwitch[39m value[33m=[39m{notifications} onValueChange[33m=[39m{setNotifications} trackColor[33m=[39m{{[36mfalse[39m[33m:[39mcolors[33m.[39mgray200[33m,[39m[36mtrue[39m[33m:[39mcolors[33m.[39mmint300}}[35m/>}/[39m[33m>[39m{isStaff[33m&&[39m[33m<[39m[33mDrawerMenu[39m icon[33m=[39m[32m"person-add-outline"[39m title[33m=[39m[32m"가입 신청 목록"[39m onPress[33m=[39m{onApplications}[35m/>}<DrawerMenu icon="people-outline" title="멤버 관리" onPress={onOpenMembers}/[39m[33m>[39m[33m<[39m[33mDrawerMenu[39m icon[33m=[39m[32m"albums-outline"[39m title[33m=[39m[32m"스토리 보기"[39m onPress[33m=[39m{onStories}[35m/>{isOwner&&<DrawerMenu icon="lock-closed-outline" title="방 공개 설정" onPress={onRoomSettings}/[39m[33m>[39m} {isStaff[33m&&[39m[33m<[39m[33mDrawerMenu[39m icon[33m=[39m[32m"ban-outline"[39m title[33m=[39m[32m"차단 멤버 목록"[39m onPress[33m=[39m{onBlocked}[33m/[39m[33m>[39m} {isOwner[33m&&[39m[33m<[39m[33mPressable[39m onPress[33m=[39m{onDelete} style[33m=[39m{s[33m.[39mdeleteRoomLink}[33m>[39m[33m<[39m[33mText[39m style[33m=[39m{s[33m.[39mdeleteRoomText}[33m>[39m방 삭제하기[33m<[39m[33m/[39m[33mText[39m[33m>[39m[33m<[39m[33m/[39m[33mPressable[39m[33m>[39m}[33m<[39m[33m/[39m[33mView[39m[33m>[39m
 [90m      |[39m     [31m[1m^[22m[39m
 [90m 1555 |[39m   [33m<[39m[33m/[39m[33mAnimated[39m[33m.[39m[33mView[39m[33m>[39m[33m<[39m[33m/[39m[33mView[39m[33m>[39m[33m;[39m
 [90m 1556 |[39m }
 [90m 1557 |[39m [36mfunction[39m [33mDrawerMenu[39m({icon[33m,[39mtitle[33m,[39monPress[33m,[39mtrailing}[33m:[39m{icon[33m:[39m[33mIconName[39m[33m;[39mtitle[33m:[39mstring[33m;[39monPress[33m?[39m[33m:[39m()[33m=>[39m[36mvoid[39m[33m;[39mtrailing[33m?[39m[33m:[39m[33mReact[39m[33m.[39m[33mReactNode[39m}){[36mreturn[39m [33m<[39m[33mPressable[39m onPress[33m=[39m{onPress} disabled[33m=[39m{[33m![39monPress[33m&&[39m[33m![39mtrailing} style[33m=[39m{({pressed})[33m=>[39m[s[33m.[39mdrawerMenu[33m,[39mpressed[33m&&[39ms[33m.[39mpressed]}[33m>[39m[33m<[39m[33mIonicons[39m name[33m=[39m{icon} size[33m=[39m{[35m20[39m} color[33m=[39m{colors[33m.[39mtextSubtle}[33m/[39m[33m>[39m[33m<[39m[33mText[39m style[33m=[39m{s[33m.[39mdrawerMenuText}[33m>[39m{title}[33m<[39m[35m/Text>{trailing??<Ionicons name="chevron-forward" size={17} color={colors.gray300}/[39m[33m>[39m}[33m<[39m[33m/[39m[33mPressable[39m[33m>[39m[33m;[39m}[0m
Call Stack
  ChatDrawer (App.tsx:1554:5)
  ChatRoom (App.tsx:1177:5)
  AuthenticatedApp (App.tsx:375:33)
  App (App.tsx:202:10)
Web  ERROR  Unexpected text node:  . A text node cannot be a child of a <View>. 

Code: App.tsx
[0m [90m 1552 |[39m   [36mreturn[39m [33m<[39m[33mView[39m style[33m=[39m{s[33m.[39mdrawerLayer}[33m>[39m[33m<[39m[33mPressable[39m accessibilityLabel[33m=[39m[32m"채팅 메뉴 닫기"[39m onPress[33m=[39m{onClose} style[33m=[39m{s[33m.[39mdrawerDim}[33m/[39m[33m>[39m[33m<[39m[33mAnimated[39m[33m.[39m[33mView[39m style[33m=[39m{[s[33m.[39mchatDrawer[33m,[39m{transform[33m:[39m[{translateX[33m:[39mslide}]}]}[33m>[39m
 [90m 1553 |[39m     [33m<[39m[33mView[39m style[33m=[39m{s[33m.[39mdrawerProfile}[33m>[39m[33m<[39m[33mView[39m style[33m=[39m{s[33m.[39mdrawerAvatar}[33m>[39m[33m<[39m[33mDefaultAvatar[39m size[33m=[39m{[35m72[39m}[35m/><View style={s.editDot}><Ionicons name="pencil" size={12} color="#FFF"/[39m[33m>[39m[33m<[39m[33m/[39m[33mView[39m[33m>[39m[33m<[39m[33m/[39m[33mView[39m[33m>[39m[33m<[39m[33mText[39m style[33m=[39m{s[33m.[39mdrawerProfileName}[33m>[39m한걸음[33m<[39m[33m/[39m[33mText[39m[33m>[39m[33m<[39m[33mText[39m numberOfLines[33m=[39m{[35m2[39m} style[33m=[39m{s[33m.[39mdrawerProfileIntro}[33m>[39m자기 소개가 들어가는 공간입니다[33m.[39m 편안한 대화를 좋아해요[33m.[39m[33m<[39m[33m/[39m[33mText[39m[33m>[39m[33m<[39m[33m/[39m[33mView[39m[33m>[39m
[31m[1m>[22m[39m[90m 1554 |[39m     [33m<[39m[33mView[39m style[33m=[39m{s[33m.[39mchatDrawerMenu}[33m>[39m[33m<[39m[33mDrawerMenu[39m icon[33m=[39m[32m"notifications-outline"[39m title[33m=[39m[32m"알림 설정"[39m trailing[33m=[39m{[33m<[39m[33mSwitch[39m value[33m=[39m{notifications} onValueChange[33m=[39m{setNotifications} trackColor[33m=[39m{{[36mfalse[39m[33m:[39mcolors[33m.[39mgray200[33m,[39m[36mtrue[39m[33m:[39mcolors[33m.[39mmint300}}[35m/>}/[39m[33m>[39m{isStaff[33m&&[39m[33m<[39m[33mDrawerMenu[39m icon[33m=[39m[32m"person-add-outline"[39m title[33m=[39m[32m"가입 신청 목록"[39m onPress[33m=[39m{onApplications}[35m/>}<DrawerMenu icon="people-outline" title="멤버 관리" onPress={onOpenMembers}/[39m[33m>[39m[33m<[39m[33mDrawerMenu[39m icon[33m=[39m[32m"albums-outline"[39m title[33m=[39m[32m"스토리 보기"[39m onPress[33m=[39m{onStories}[35m/>{isOwner&&<DrawerMenu icon="lock-closed-outline" title="방 공개 설정" onPress={onRoomSettings}/[39m[33m>[39m} {isStaff[33m&&[39m[33m<[39m[33mDrawerMenu[39m icon[33m=[39m[32m"ban-outline"[39m title[33m=[39m[32m"차단 멤버 목록"[39m onPress[33m=[39m{onBlocked}[33m/[39m[33m>[39m} {isOwner[33m&&[39m[33m<[39m[33mPressable[39m onPress[33m=[39m{onDelete} style[33m=[39m{s[33m.[39mdeleteRoomLink}[33m>[39m[33m<[39m[33mText[39m style[33m=[39m{s[33m.[39mdeleteRoomText}[33m>[39m방 삭제하기[33m<[39m[33m/[39m[33mText[39m[33m>[39m[33m<[39m[33m/[39m[33mPressable[39m[33m>[39m}[33m<[39m[33m/[39m[33mView[39m[33m>[39m
 [90m      |[39m     [31m[1m^[22m[39m
 [90m 1555 |[39m   [33m<[39m[33m/[39m[33mAnimated[39m[33m.[39m[33mView[39m[33m>[39m[33m<[39m[33m/[39m[33mView[39m[33m>[39m[33m;[39m
 [90m 1556 |[39m }
 [90m 1557 |[39m [36mfunction[39m [33mDrawerMenu[39m({icon[33m,[39mtitle[33m,[39monPress[33m,[39mtrailing}[33m:[39m{icon[33m:[39m[33mIconName[39m[33m;[39mtitle[33m:[39mstring[33m;[39monPress[33m?[39m[33m:[39m()[33m=>[39m[36mvoid[39m[33m;[39mtrailing[33m?[39m[33m:[39m[33mReact[39m[33m.[39m[33mReactNode[39m}){[36mreturn[39m [33m<[39m[33mPressable[39m onPress[33m=[39m{onPress} disabled[33m=[39m{[33m![39monPress[33m&&[39m[33m![39mtrailing} style[33m=[39m{({pressed})[33m=>[39m[s[33m.[39mdrawerMenu[33m,[39mpressed[33m&&[39ms[33m.[39mpressed]}[33m>[39m[33m<[39m[33mIonicons[39m name[33m=[39m{icon} size[33m=[39m{[35m20[39m} color[33m=[39m{colors[33m.[39mtextSubtle}[33m/[39m[33m>[39m[33m<[39m[33mText[39m style[33m=[39m{s[33m.[39mdrawerMenuText}[33m>[39m{title}[33m<[39m[35m/Text>{trailing??<Ionicons name="chevron-forward" size={17} color={colors.gray300}/[39m[33m>[39m}[33m<[39m[33m/[39m[33mPressable[39m[33m>[39m[33m;[39m}[0m
Call Stack
  ChatDrawer (App.tsx:1554:5)
  ChatRoom (App.tsx:1177:5)
  AuthenticatedApp (App.tsx:375:33)
  App (App.tsx:202:10)
Web  ERROR  Unexpected text node:  . A text node cannot be a child of a <View>. 

Code: App.tsx
[0m [90m 1552 |[39m   [36mreturn[39m [33m<[39m[33mView[39m style[33m=[39m{s[33m.[39mdrawerLayer}[33m>[39m[33m<[39m[33mPressable[39m accessibilityLabel[33m=[39m[32m"채팅 메뉴 닫기"[39m onPress[33m=[39m{onClose} style[33m=[39m{s[33m.[39mdrawerDim}[33m/[39m[33m>[39m[33m<[39m[33mAnimated[39m[33m.[39m[33mView[39m style[33m=[39m{[s[33m.[39mchatDrawer[33m,[39m{transform[33m:[39m[{translateX[33m:[39mslide}]}]}[33m>[39m
 [90m 1553 |[39m     [33m<[39m[33mView[39m style[33m=[39m{s[33m.[39mdrawerProfile}[33m>[39m[33m<[39m[33mView[39m style[33m=[39m{s[33m.[39mdrawerAvatar}[33m>[39m[33m<[39m[33mDefaultAvatar[39m size[33m=[39m{[35m72[39m}[35m/><View style={s.editDot}><Ionicons name="pencil" size={12} color="#FFF"/[39m[33m>[39m[33m<[39m[33m/[39m[33mView[39m[33m>[39m[33m<[39m[33m/[39m[33mView[39m[33m>[39m[33m<[39m[33mText[39m style[33m=[39m{s[33m.[39mdrawerProfileName}[33m>[39m한걸음[33m<[39m[33m/[39m[33mText[39m[33m>[39m[33m<[39m[33mText[39m numberOfLines[33m=[39m{[35m2[39m} style[33m=[39m{s[33m.[39mdrawerProfileIntro}[33m>[39m자기 소개가 들어가는 공간입니다[33m.[39m 편안한 대화를 좋아해요[33m.[39m[33m<[39m[33m/[39m[33mText[39m[33m>[39m[33m<[39m[33m/[39m[33mView[39m[33m>[39m
[31m[1m>[22m[39m[90m 1554 |[39m     [33m<[39m[33mView[39m style[33m=[39m{s[33m.[39mchatDrawerMenu}[33m>[39m[33m<[39m[33mDrawerMenu[39m icon[33m=[39m[32m"notifications-outline"[39m title[33m=[39m[32m"알림 설정"[39m trailing[33m=[39m{[33m<[39m[33mSwitch[39m value[33m=[39m{notifications} onValueChange[33m=[39m{setNotifications} trackColor[33m=[39m{{[36mfalse[39m[33m:[39mcolors[33m.[39mgray200[33m,[39m[36mtrue[39m[33m:[39mcolors[33m.[39mmint300}}[35m/>}/[39m[33m>[39m{isStaff[33m&&[39m[33m<[39m[33mDrawerMenu[39m icon[33m=[39m[32m"person-add-outline"[39m title[33m=[39m[32m"가입 신청 목록"[39m onPress[33m=[39m{onApplications}[35m/>}<DrawerMenu icon="people-outline" title="멤버 관리" onPress={onOpenMembers}/[39m[33m>[39m[33m<[39m[33mDrawerMenu[39m icon[33m=[39m[32m"albums-outline"[39m title[33m=[39m[32m"스토리 보기"[39m onPress[33m=[39m{onStories}[35m/>{isOwner&&<DrawerMenu icon="lock-closed-outline" title="방 공개 설정" onPress={onRoomSettings}/[39m[33m>[39m} {isStaff[33m&&[39m[33m<[39m[33mDrawerMenu[39m icon[33m=[39m[32m"ban-outline"[39m title[33m=[39m[32m"차단 멤버 목록"[39m onPress[33m=[39m{onBlocked}[33m/[39m[33m>[39m} {isOwner[33m&&[39m[33m<[39m[33mPressable[39m onPress[33m=[39m{onDelete} style[33m=[39m{s[33m.[39mdeleteRoomLink}[33m>[39m[33m<[39m[33mText[39m style[33m=[39m{s[33m.[39mdeleteRoomText}[33m>[39m방 삭제하기[33m<[39m[33m/[39m[33mText[39m[33m>[39m[33m<[39m[33m/[39m[33mPressable[39m[33m>[39m}[33m<[39m[33m/[39m[33mView[39m[33m>[39m
 [90m      |[39m     [31m[1m^[22m[39m
 [90m 1555 |[39m   [33m<[39m[33m/[39m[33mAnimated[39m[33m.[39m[33mView[39m[33m>[39m[33m<[39m[33m/[39m[33mView[39m[33m>[39m[33m;[39m
 [90m 1556 |[39m }
 [90m 1557 |[39m [36mfunction[39m [33mDrawerMenu[39m({icon[33m,[39mtitle[33m,[39monPress[33m,[39mtrailing}[33m:[39m{icon[33m:[39m[33mIconName[39m[33m;[39mtitle[33m:[39mstring[33m;[39monPress[33m?[39m[33m:[39m()[33m=>[39m[36mvoid[39m[33m;[39mtrailing[33m?[39m[33m:[39m[33mReact[39m[33m.[39m[33mReactNode[39m}){[36mreturn[39m [33m<[39m[33mPressable[39m onPress[33m=[39m{onPress} disabled[33m=[39m{[33m![39monPress[33m&&[39m[33m![39mtrailing} style[33m=[39m{({pressed})[33m=>[39m[s[33m.[39mdrawerMenu[33m,[39mpressed[33m&&[39ms[33m.[39mpressed]}[33m>[39m[33m<[39m[33mIonicons[39m name[33m=[39m{icon} size[33m=[39m{[35m20[39m} color[33m=[39m{colors[33m.[39mtextSubtle}[33m/[39m[33m>[39m[33m<[39m[33mText[39m style[33m=[39m{s[33m.[39mdrawerMenuText}[33m>[39m{title}[33m<[39m[35m/Text>{trailing??<Ionicons name="chevron-forward" size={17} color={colors.gray300}/[39m[33m>[39m}[33m<[39m[33m/[39m[33mPressable[39m[33m>[39m[33m;[39m}[0m
Call Stack
  ChatDrawer (App.tsx:1554:5)
  ChatRoom (App.tsx:1177:5)
  AuthenticatedApp (App.tsx:375:33)
  App (App.tsx:202:10)
Web  ERROR  Unexpected text node:  . A text node cannot be a child of a <View>. 

Code: App.tsx
[0m [90m 1552 |[39m   [36mreturn[39m [33m<[39m[33mView[39m style[33m=[39m{s[33m.[39mdrawerLayer}[33m>[39m[33m<[39m[33mPressable[39m accessibilityLabel[33m=[39m[32m"채팅 메뉴 닫기"[39m onPress[33m=[39m{onClose} style[33m=[39m{s[33m.[39mdrawerDim}[33m/[39m[33m>[39m[33m<[39m[33mAnimated[39m[33m.[39m[33mView[39m style[33m=[39m{[s[33m.[39mchatDrawer[33m,[39m{transform[33m:[39m[{translateX[33m:[39mslide}]}]}[33m>[39m
 [90m 1553 |[39m     [33m<[39m[33mView[39m style[33m=[39m{s[33m.[39mdrawerProfile}[33m>[39m[33m<[39m[33mView[39m style[33m=[39m{s[33m.[39mdrawerAvatar}[33m>[39m[33m<[39m[33mDefaultAvatar[39m size[33m=[39m{[35m72[39m}[35m/><View style={s.editDot}><Ionicons name="pencil" size={12} color="#FFF"/[39m[33m>[39m[33m<[39m[33m/[39m[33mView[39m[33m>[39m[33m<[39m[33m/[39m[33mView[39m[33m>[39m[33m<[39m[33mText[39m style[33m=[39m{s[33m.[39mdrawerProfileName}[33m>[39m한걸음[33m<[39m[33m/[39m[33mText[39m[33m>[39m[33m<[39m[33mText[39m numberOfLines[33m=[39m{[35m2[39m} style[33m=[39m{s[33m.[39mdrawerProfileIntro}[33m>[39m자기 소개가 들어가는 공간입니다[33m.[39m 편안한 대화를 좋아해요[33m.[39m[33m<[39m[33m/[39m[33mText[39m[33m>[39m[33m<[39m[33m/[39m[33mView[39m[33m>[39m
[31m[1m>[22m[39m[90m 1554 |[39m     [33m<[39m[33mView[39m style[33m=[39m{s[33m.[39mchatDrawerMenu}[33m>[39m[33m<[39m[33mDrawerMenu[39m icon[33m=[39m[32m"notifications-outline"[39m title[33m=[39m[32m"알림 설정"[39m trailing[33m=[39m{[33m<[39m[33mSwitch[39m value[33m=[39m{notifications} onValueChange[33m=[39m{setNotifications} trackColor[33m=[39m{{[36mfalse[39m[33m:[39mcolors[33m.[39mgray200[33m,[39m[36mtrue[39m[33m:[39mcolors[33m.[39mmint300}}[35m/>}/[39m[33m>[39m{isStaff[33m&&[39m[33m<[39m[33mDrawerMenu[39m icon[33m=[39m[32m"person-add-outline"[39m title[33m=[39m[32m"가입 신청 목록"[39m onPress[33m=[39m{onApplications}[35m/>}<DrawerMenu icon="people-outline" title="멤버 관리" onPress={onOpenMembers}/[39m[33m>[39m[33m<[39m[33mDrawerMenu[39m icon[33m=[39m[32m"albums-outline"[39m title[33m=[39m[32m"스토리 보기"[39m onPress[33m=[39m{onStories}[35m/>{isOwner&&<DrawerMenu icon="lock-closed-outline" title="방 공개 설정" onPress={onRoomSettings}/[39m[33m>[39m} {isStaff[33m&&[39m[33m<[39m[33mDrawerMenu[39m icon[33m=[39m[32m"ban-outline"[39m title[33m=[39m[32m"차단 멤버 목록"[39m onPress[33m=[39m{onBlocked}[33m/[39m[33m>[39m} {isOwner[33m&&[39m[33m<[39m[33mPressable[39m onPress[33m=[39m{onDelete} style[33m=[39m{s[33m.[39mdeleteRoomLink}[33m>[39m[33m<[39m[33mText[39m style[33m=[39m{s[33m.[39mdeleteRoomText}[33m>[39m방 삭제하기[33m<[39m[33m/[39m[33mText[39m[33m>[39m[33m<[39m[33m/[39m[33mPressable[39m[33m>[39m}[33m<[39m[33m/[39m[33mView[39m[33m>[39m
 [90m      |[39m     [31m[1m^[22m[39m
 [90m 1555 |[39m   [33m<[39m[33m/[39m[33mAnimated[39m[33m.[39m[33mView[39m[33m>[39m[33m<[39m[33m/[39m[33mView[39m[33m>[39m[33m;[39m
 [90m 1556 |[39m }
 [90m 1557 |[39m [36mfunction[39m [33mDrawerMenu[39m({icon[33m,[39mtitle[33m,[39monPress[33m,[39mtrailing}[33m:[39m{icon[33m:[39m[33mIconName[39m[33m;[39mtitle[33m:[39mstring[33m;[39monPress[33m?[39m[33m:[39m()[33m=>[39m[36mvoid[39m[33m;[39mtrailing[33m?[39m[33m:[39m[33mReact[39m[33m.[39m[33mReactNode[39m}){[36mreturn[39m [33m<[39m[33mPressable[39m onPress[33m=[39m{onPress} disabled[33m=[39m{[33m![39monPress[33m&&[39m[33m![39mtrailing} style[33m=[39m{({pressed})[33m=>[39m[s[33m.[39mdrawerMenu[33m,[39mpressed[33m&&[39ms[33m.[39mpressed]}[33m>[39m[33m<[39m[33mIonicons[39m name[33m=[39m{icon} size[33m=[39m{[35m20[39m} color[33m=[39m{colors[33m.[39mtextSubtle}[33m/[39m[33m>[39m[33m<[39m[33mText[39m style[33m=[39m{s[33m.[39mdrawerMenuText}[33m>[39m{title}[33m<[39m[35m/Text>{trailing??<Ionicons name="chevron-forward" size={17} color={colors.gray300}/[39m[33m>[39m}[33m<[39m[33m/[39m[33mPressable[39m[33m>[39m[33m;[39m}[0m
Call Stack
  ChatDrawer (App.tsx:1554:5)
  ChatRoom (App.tsx:1177:5)
  AuthenticatedApp (App.tsx:375:33)
  App (App.tsx:202:10)
Web  ERROR  Unexpected text node:  . A text node cannot be a child of a <View>. 

Code: App.tsx
[0m [90m 1552 |[39m   [36mreturn[39m [33m<[39m[33mView[39m style[33m=[39m{s[33m.[39mdrawerLayer}[33m>[39m[33m<[39m[33mPressable[39m accessibilityLabel[33m=[39m[32m"채팅 메뉴 닫기"[39m onPress[33m=[39m{onClose} style[33m=[39m{s[33m.[39mdrawerDim}[33m/[39m[33m>[39m[33m<[39m[33mAnimated[39m[33m.[39m[33mView[39m style[33m=[39m{[s[33m.[39mchatDrawer[33m,[39m{transform[33m:[39m[{translateX[33m:[39mslide}]}]}[33m>[39m
 [90m 1553 |[39m     [33m<[39m[33mView[39m style[33m=[39m{s[33m.[39mdrawerProfile}[33m>[39m[33m<[39m[33mView[39m style[33m=[39m{s[33m.[39mdrawerAvatar}[33m>[39m[33m<[39m[33mDefaultAvatar[39m size[33m=[39m{[35m72[39m}[35m/><View style={s.editDot}><Ionicons name="pencil" size={12} color="#FFF"/[39m[33m>[39m[33m<[39m[33m/[39m[33mView[39m[33m>[39m[33m<[39m[33m/[39m[33mView[39m[33m>[39m[33m<[39m[33mText[39m style[33m=[39m{s[33m.[39mdrawerProfileName}[33m>[39m한걸음[33m<[39m[33m/[39m[33mText[39m[33m>[39m[33m<[39m[33mText[39m numberOfLines[33m=[39m{[35m2[39m} style[33m=[39m{s[33m.[39mdrawerProfileIntro}[33m>[39m자기 소개가 들어가는 공간입니다[33m.[39m 편안한 대화를 좋아해요[33m.[39m[33m<[39m[33m/[39m[33mText[39m[33m>[39m[33m<[39m[33m/[39m[33mView[39m[33m>[39m
[31m[1m>[22m[39m[90m 1554 |[39m     [33m<[39m[33mView[39m style[33m=[39m{s[33m.[39mchatDrawerMenu}[33m>[39m[33m<[39m[33mDrawerMenu[39m icon[33m=[39m[32m"notifications-outline"[39m title[33m=[39m[32m"알림 설정"[39m trailing[33m=[39m{[33m<[39m[33mSwitch[39m value[33m=[39m{notifications} onValueChange[33m=[39m{setNotifications} trackColor[33m=[39m{{[36mfalse[39m[33m:[39mcolors[33m.[39mgray200[33m,[39m[36mtrue[39m[33m:[39mcolors[33m.[39mmint300}}[35m/>}/[39m[33m>[39m{isStaff[33m&&[39m[33m<[39m[33mDrawerMenu[39m icon[33m=[39m[32m"person-add-outline"[39m title[33m=[39m[32m"가입 신청 목록"[39m onPress[33m=[39m{onApplications}[35m/>}<DrawerMenu icon="people-outline" title="멤버 관리" onPress={onOpenMembers}/[39m[33m>[39m[33m<[39m[33mDrawerMenu[39m icon[33m=[39m[32m"albums-outline"[39m title[33m=[39m[32m"스토리 보기"[39m onPress[33m=[39m{onStories}[35m/>{isOwner&&<DrawerMenu icon="lock-closed-outline" title="방 공개 설정" onPress={onRoomSettings}/[39m[33m>[39m} {isStaff[33m&&[39m[33m<[39m[33mDrawerMenu[39m icon[33m=[39m[32m"ban-outline"[39m title[33m=[39m[32m"차단 멤버 목록"[39m onPress[33m=[39m{onBlocked}[33m/[39m[33m>[39m} {isOwner[33m&&[39m[33m<[39m[33mPressable[39m onPress[33m=[39m{onDelete} style[33m=[39m{s[33m.[39mdeleteRoomLink}[33m>[39m[33m<[39m[33mText[39m style[33m=[39m{s[33m.[39mdeleteRoomText}[33m>[39m방 삭제하기[33m<[39m[33m/[39m[33mText[39m[33m>[39m[33m<[39m[33m/[39m[33mPressable[39m[33m>[39m}[33m<[39m[33m/[39m[33mView[39m[33m>[39m
 [90m      |[39m     [31m[1m^[22m[39m
 [90m 1555 |[39m   [33m<[39m[33m/[39m[33mAnimated[39m[33m.[39m[33mView[39m[33m>[39m[33m<[39m[33m/[39m[33mView[39m[33m>[39m[33m;[39m
 [90m 1556 |[39m }
 [90m 1557 |[39m [36mfunction[39m [33mDrawerMenu[39m({icon[33m,[39mtitle[33m,[39monPress[33m,[39mtrailing}[33m:[39m{icon[33m:[39m[33mIconName[39m[33m;[39mtitle[33m:[39mstring[33m;[39monPress[33m?[39m[33m:[39m()[33m=>[39m[36mvoid[39m[33m;[39mtrailing[33m?[39m[33m:[39m[33mReact[39m[33m.[39m[33mReactNode[39m}){[36mreturn[39m [33m<[39m[33mPressable[39m onPress[33m=[39m{onPress} disabled[33m=[39m{[33m![39monPress[33m&&[39m[33m![39mtrailing} style[33m=[39m{({pressed})[33m=>[39m[s[33m.[39mdrawerMenu[33m,[39mpressed[33m&&[39ms[33m.[39mpressed]}[33m>[39m[33m<[39m[33mIonicons[39m name[33m=[39m{icon} size[33m=[39m{[35m20[39m} color[33m=[39m{colors[33m.[39mtextSubtle}[33m/[39m[33m>[39m[33m<[39m[33mText[39m style[33m=[39m{s[33m.[39mdrawerMenuText}[33m>[39m{title}[33m<[39m[35m/Text>{trailing??<Ionicons name="chevron-forward" size={17} color={colors.gray300}/[39m[33m>[39m}[33m<[39m[33m/[39m[33mPressable[39m[33m>[39m[33m;[39m}[0m
Call Stack
  ChatDrawer (App.tsx:1554:5)
  ChatRoom (App.tsx:1177:5)
  AuthenticatedApp (App.tsx:375:33)
  App (App.tsx:202:10)
Web  ERROR  Unexpected text node:  . A text node cannot be a child of a <View>. 

Code: App.tsx
[0m [90m 1552 |[39m   [36mreturn[39m [33m<[39m[33mView[39m style[33m=[39m{s[33m.[39mdrawerLayer}[33m>[39m[33m<[39m[33mPressable[39m accessibilityLabel[33m=[39m[32m"채팅 메뉴 닫기"[39m onPress[33m=[39m{onClose} style[33m=[39m{s[33m.[39mdrawerDim}[33m/[39m[33m>[39m[33m<[39m[33mAnimated[39m[33m.[39m[33mView[39m style[33m=[39m{[s[33m.[39mchatDrawer[33m,[39m{transform[33m:[39m[{translateX[33m:[39mslide}]}]}[33m>[39m
 [90m 1553 |[39m     [33m<[39m[33mView[39m style[33m=[39m{s[33m.[39mdrawerProfile}[33m>[39m[33m<[39m[33mView[39m style[33m=[39m{s[33m.[39mdrawerAvatar}[33m>[39m[33m<[39m[33mDefaultAvatar[39m size[33m=[39m{[35m72[39m}[35m/><View style={s.editDot}><Ionicons name="pencil" size={12} color="#FFF"/[39m[33m>[39m[33m<[39m[33m/[39m[33mView[39m[33m>[39m[33m<[39m[33m/[39m[33mView[39m[33m>[39m[33m<[39m[33mText[39m style[33m=[39m{s[33m.[39mdrawerProfileName}[33m>[39m한걸음[33m<[39m[33m/[39m[33mText[39m[33m>[39m[33m<[39m[33mText[39m numberOfLines[33m=[39m{[35m2[39m} style[33m=[39m{s[33m.[39mdrawerProfileIntro}[33m>[39m자기 소개가 들어가는 공간입니다[33m.[39m 편안한 대화를 좋아해요[33m.[39m[33m<[39m[33m/[39m[33mText[39m[33m>[39m[33m<[39m[33m/[39m[33mView[39m[33m>[39m
[31m[1m>[22m[39m[90m 1554 |[39m     [33m<[39m[33mView[39m style[33m=[39m{s[33m.[39mchatDrawerMenu}[33m>[39m[33m<[39m[33mDrawerMenu[39m icon[33m=[39m[32m"notifications-outline"[39m title[33m=[39m[32m"알림 설정"[39m trailing[33m=[39m{[33m<[39m[33mSwitch[39m value[33m=[39m{notifications} onValueChange[33m=[39m{setNotifications} trackColor[33m=[39m{{[36mfalse[39m[33m:[39mcolors[33m.[39mgray200[33m,[39m[36mtrue[39m[33m:[39mcolors[33m.[39mmint300}}[35m/>}/[39m[33m>[39m{isStaff[33m&&[39m[33m<[39m[33mDrawerMenu[39m icon[33m=[39m[32m"person-add-outline"[39m title[33m=[39m[32m"가입 신청 목록"[39m onPress[33m=[39m{onApplications}[35m/>}<DrawerMenu icon="people-outline" title="멤버 관리" onPress={onOpenMembers}/[39m[33m>[39m[33m<[39m[33mDrawerMenu[39m icon[33m=[39m[32m"albums-outline"[39m title[33m=[39m[32m"스토리 보기"[39m onPress[33m=[39m{onStories}[35m/>{isOwner&&<DrawerMenu icon="lock-closed-outline" title="방 공개 설정" onPress={onRoomSettings}/[39m[33m>[39m} {isStaff[33m&&[39m[33m<[39m[33mDrawerMenu[39m icon[33m=[39m[32m"ban-outline"[39m title[33m=[39m[32m"차단 멤버 목록"[39m onPress[33m=[39m{onBlocked}[33m/[39m[33m>[39m} {isOwner[33m&&[39m[33m<[39m[33mPressable[39m onPress[33m=[39m{onDelete} style[33m=[39m{s[33m.[39mdeleteRoomLink}[33m>[39m[33m<[39m[33mText[39m style[33m=[39m{s[33m.[39mdeleteRoomText}[33m>[39m방 삭제하기[33m<[39m[33m/[39m[33mText[39m[33m>[39m[33m<[39m[33m/[39m[33mPressable[39m[33m>[39m}[33m<[39m[33m/[39m[33mView[39m[33m>[39m
 [90m      |[39m     [31m[1m^[22m[39m
 [90m 1555 |[39m   [33m<[39m[33m/[39m[33mAnimated[39m[33m.[39m[33mView[39m[33m>[39m[33m<[39m[33m/[39m[33mView[39m[33m>[39m[33m;[39m
 [90m 1556 |[39m }
 [90m 1557 |[39m [36mfunction[39m [33mDrawerMenu[39m({icon[33m,[39mtitle[33m,[39monPress[33m,[39mtrailing}[33m:[39m{icon[33m:[39m[33mIconName[39m[33m;[39mtitle[33m:[39mstring[33m;[39monPress[33m?[39m[33m:[39m()[33m=>[39m[36mvoid[39m[33m;[39mtrailing[33m?[39m[33m:[39m[33mReact[39m[33m.[39m[33mReactNode[39m}){[36mreturn[39m [33m<[39m[33mPressable[39m onPress[33m=[39m{onPress} disabled[33m=[39m{[33m![39monPress[33m&&[39m[33m![39mtrailing} style[33m=[39m{({pressed})[33m=>[39m[s[33m.[39mdrawerMenu[33m,[39mpressed[33m&&[39ms[33m.[39mpressed]}[33m>[39m[33m<[39m[33mIonicons[39m name[33m=[39m{icon} size[33m=[39m{[35m20[39m} color[33m=[39m{colors[33m.[39mtextSubtle}[33m/[39m[33m>[39m[33m<[39m[33mText[39m style[33m=[39m{s[33m.[39mdrawerMenuText}[33m>[39m{title}[33m<[39m[35m/Text>{trailing??<Ionicons name="chevron-forward" size={17} color={colors.gray300}/[39m[33m>[39m}[33m<[39m[33m/[39m[33mPressable[39m[33m>[39m[33m;[39m}[0m
Call Stack
  ChatDrawer (App.tsx:1554:5)
  ChatRoom (App.tsx:1177:5)
  AuthenticatedApp (App.tsx:375:33)
  App (App.tsx:202:10)
Web  ERROR  Unexpected text node:  . A text node cannot be a child of a <View>. 

Code: App.tsx
[0m [90m 1552 |[39m   [36mreturn[39m [33m<[39m[33mView[39m style[33m=[39m{s[33m.[39mdrawerLayer}[33m>[39m[33m<[39m[33mPressable[39m accessibilityLabel[33m=[39m[32m"채팅 메뉴 닫기"[39m onPress[33m=[39m{onClose} style[33m=[39m{s[33m.[39mdrawerDim}[33m/[39m[33m>[39m[33m<[39m[33mAnimated[39m[33m.[39m[33mView[39m style[33m=[39m{[s[33m.[39mchatDrawer[33m,[39m{transform[33m:[39m[{translateX[33m:[39mslide}]}]}[33m>[39m
 [90m 1553 |[39m     [33m<[39m[33mView[39m style[33m=[39m{s[33m.[39mdrawerProfile}[33m>[39m[33m<[39m[33mView[39m style[33m=[39m{s[33m.[39mdrawerAvatar}[33m>[39m[33m<[39m[33mDefaultAvatar[39m size[33m=[39m{[35m72[39m}[35m/><View style={s.editDot}><Ionicons name="pencil" size={12} color="#FFF"/[39m[33m>[39m[33m<[39m[33m/[39m[33mView[39m[33m>[39m[33m<[39m[33m/[39m[33mView[39m[33m>[39m[33m<[39m[33mText[39m style[33m=[39m{s[33m.[39mdrawerProfileName}[33m>[39m한걸음[33m<[39m[33m/[39m[33mText[39m[33m>[39m[33m<[39m[33mText[39m numberOfLines[33m=[39m{[35m2[39m} style[33m=[39m{s[33m.[39mdrawerProfileIntro}[33m>[39m자기 소개가 들어가는 공간입니다[33m.[39m 편안한 대화를 좋아해요[33m.[39m[33m<[39m[33m/[39m[33mText[39m[33m>[39m[33m<[39m[33m/[39m[33mView[39m[33m>[39m
[31m[1m>[22m[39m[90m 1554 |[39m     [33m<[39m[33mView[39m style[33m=[39m{s[33m.[39mchatDrawerMenu}[33m>[39m[33m<[39m[33mDrawerMenu[39m icon[33m=[39m[32m"notifications-outline"[39m title[33m=[39m[32m"알림 설정"[39m trailing[33m=[39m{[33m<[39m[33mSwitch[39m value[33m=[39m{notifications} onValueChange[33m=[39m{setNotifications} trackColor[33m=[39m{{[36mfalse[39m[33m:[39mcolors[33m.[39mgray200[33m,[39m[36mtrue[39m[33m:[39mcolors[33m.[39mmint300}}[35m/>}/[39m[33m>[39m{isStaff[33m&&[39m[33m<[39m[33mDrawerMenu[39m icon[33m=[39m[32m"person-add-outline"[39m title[33m=[39m[32m"가입 신청 목록"[39m onPress[33m=[39m{onApplications}[35m/>}<DrawerMenu icon="people-outline" title="멤버 관리" onPress={onOpenMembers}/[39m[33m>[39m[33m<[39m[33mDrawerMenu[39m icon[33m=[39m[32m"albums-outline"[39m title[33m=[39m[32m"스토리 보기"[39m onPress[33m=[39m{onStories}[35m/>{isOwner&&<DrawerMenu icon="lock-closed-outline" title="방 공개 설정" onPress={onRoomSettings}/[39m[33m>[39m} {isStaff[33m&&[39m[33m<[39m[33mDrawerMenu[39m icon[33m=[39m[32m"ban-outline"[39m title[33m=[39m[32m"차단 멤버 목록"[39m onPress[33m=[39m{onBlocked}[33m/[39m[33m>[39m} {isOwner[33m&&[39m[33m<[39m[33mPressable[39m onPress[33m=[39m{onDelete} style[33m=[39m{s[33m.[39mdeleteRoomLink}[33m>[39m[33m<[39m[33mText[39m style[33m=[39m{s[33m.[39mdeleteRoomText}[33m>[39m방 삭제하기[33m<[39m[33m/[39m[33mText[39m[33m>[39m[33m<[39m[33m/[39m[33mPressable[39m[33m>[39m}[33m<[39m[33m/[39m[33mView[39m[33m>[39m
 [90m      |[39m     [31m[1m^[22m[39m
 [90m 1555 |[39m   [33m<[39m[33m/[39m[33mAnimated[39m[33m.[39m[33mView[39m[33m>[39m[33m<[39m[33m/[39m[33mView[39m[33m>[39m[33m;[39m
 [90m 1556 |[39m }
 [90m 1557 |[39m [36mfunction[39m [33mDrawerMenu[39m({icon[33m,[39mtitle[33m,[39monPress[33m,[39mtrailing}[33m:[39m{icon[33m:[39m[33mIconName[39m[33m;[39mtitle[33m:[39mstring[33m;[39monPress[33m?[39m[33m:[39m()[33m=>[39m[36mvoid[39m[33m;[39mtrailing[33m?[39m[33m:[39m[33mReact[39m[33m.[39m[33mReactNode[39m}){[36mreturn[39m [33m<[39m[33mPressable[39m onPress[33m=[39m{onPress} disabled[33m=[39m{[33m![39monPress[33m&&[39m[33m![39mtrailing} style[33m=[39m{({pressed})[33m=>[39m[s[33m.[39mdrawerMenu[33m,[39mpressed[33m&&[39ms[33m.[39mpressed]}[33m>[39m[33m<[39m[33mIonicons[39m name[33m=[39m{icon} size[33m=[39m{[35m20[39m} color[33m=[39m{colors[33m.[39mtextSubtle}[33m/[39m[33m>[39m[33m<[39m[33mText[39m style[33m=[39m{s[33m.[39mdrawerMenuText}[33m>[39m{title}[33m<[39m[35m/Text>{trailing??<Ionicons name="chevron-forward" size={17} color={colors.gray300}/[39m[33m>[39m}[33m<[39m[33m/[39m[33mPressable[39m[33m>[39m[33m;[39m}[0m
Call Stack
  ChatDrawer (App.tsx:1554:5)
  ChatRoom (App.tsx:1177:5)
  AuthenticatedApp (App.tsx:375:33)
  App (App.tsx:202:10)
Web  ERROR  Unexpected text node:  . A text node cannot be a child of a <View>. 

Code: App.tsx
[0m [90m 1552 |[39m   [36mreturn[39m [33m<[39m[33mView[39m style[33m=[39m{s[33m.[39mdrawerLayer}[33m>[39m[33m<[39m[33mPressable[39m accessibilityLabel[33m=[39m[32m"채팅 메뉴 닫기"[39m onPress[33m=[39m{onClose} style[33m=[39m{s[33m.[39mdrawerDim}[33m/[39m[33m>[39m[33m<[39m[33mAnimated[39m[33m.[39m[33mView[39m style[33m=[39m{[s[33m.[39mchatDrawer[33m,[39m{transform[33m:[39m[{translateX[33m:[39mslide}]}]}[33m>[39m
 [90m 1553 |[39m     [33m<[39m[33mView[39m style[33m=[39m{s[33m.[39mdrawerProfile}[33m>[39m[33m<[39m[33mView[39m style[33m=[39m{s[33m.[39mdrawerAvatar}[33m>[39m[33m<[39m[33mDefaultAvatar[39m size[33m=[39m{[35m72[39m}[35m/><View style={s.editDot}><Ionicons name="pencil" size={12} color="#FFF"/[39m[33m>[39m[33m<[39m[33m/[39m[33mView[39m[33m>[39m[33m<[39m[33m/[39m[33mView[39m[33m>[39m[33m<[39m[33mText[39m style[33m=[39m{s[33m.[39mdrawerProfileName}[33m>[39m한걸음[33m<[39m[33m/[39m[33mText[39m[33m>[39m[33m<[39m[33mText[39m numberOfLines[33m=[39m{[35m2[39m} style[33m=[39m{s[33m.[39mdrawerProfileIntro}[33m>[39m자기 소개가 들어가는 공간입니다[33m.[39m 편안한 대화를 좋아해요[33m.[39m[33m<[39m[33m/[39m[33mText[39m[33m>[39m[33m<[39m[33m/[39m[33mView[39m[33m>[39m
[31m[1m>[22m[39m[90m 1554 |[39m     [33m<[39m[33mView[39m style[33m=[39m{s[33m.[39mchatDrawerMenu}[33m>[39m[33m<[39m[33mDrawerMenu[39m icon[33m=[39m[32m"notifications-outline"[39m title[33m=[39m[32m"알림 설정"[39m trailing[33m=[39m{[33m<[39m[33mSwitch[39m value[33m=[39m{notifications} onValueChange[33m=[39m{setNotifications} trackColor[33m=[39m{{[36mfalse[39m[33m:[39mcolors[33m.[39mgray200[33m,[39m[36mtrue[39m[33m:[39mcolors[33m.[39mmint300}}[35m/>}/[39m[33m>[39m{isStaff[33m&&[39m[33m<[39m[33mDrawerMenu[39m icon[33m=[39m[32m"person-add-outline"[39m title[33m=[39m[32m"가입 신청 목록"[39m onPress[33m=[39m{onApplications}[35m/>}<DrawerMenu icon="people-outline" title="멤버 관리" onPress={onOpenMembers}/[39m[33m>[39m[33m<[39m[33mDrawerMenu[39m icon[33m=[39m[32m"albums-outline"[39m title[33m=[39m[32m"스토리 보기"[39m onPress[33m=[39m{onStories}[35m/>{isOwner&&<DrawerMenu icon="lock-closed-outline" title="방 공개 설정" onPress={onRoomSettings}/[39m[33m>[39m} {isStaff[33m&&[39m[33m<[39m[33mDrawerMenu[39m icon[33m=[39m[32m"ban-outline"[39m title[33m=[39m[32m"차단 멤버 목록"[39m onPress[33m=[39m{onBlocked}[33m/[39m[33m>[39m} {isOwner[33m&&[39m[33m<[39m[33mPressable[39m onPress[33m=[39m{onDelete} style[33m=[39m{s[33m.[39mdeleteRoomLink}[33m>[39m[33m<[39m[33mText[39m style[33m=[39m{s[33m.[39mdeleteRoomText}[33m>[39m방 삭제하기[33m<[39m[33m/[39m[33mText[39m[33m>[39m[33m<[39m[33m/[39m[33mPressable[39m[33m>[39m}[33m<[39m[33m/[39m[33mView[39m[33m>[39m
 [90m      |[39m     [31m[1m^[22m[39m
 [90m 1555 |[39m   [33m<[39m[33m/[39m[33mAnimated[39m[33m.[39m[33mView[39m[33m>[39m[33m<[39m[33m/[39m[33mView[39m[33m>[39m[33m;[39m
 [90m 1556 |[39m }
 [90m 1557 |[39m [36mfunction[39m [33mDrawerMenu[39m({icon[33m,[39mtitle[33m,[39monPress[33m,[39mtrailing}[33m:[39m{icon[33m:[39m[33mIconName[39m[33m;[39mtitle[33m:[39mstring[33m;[39monPress[33m?[39m[33m:[39m()[33m=>[39m[36mvoid[39m[33m;[39mtrailing[33m?[39m[33m:[39m[33mReact[39m[33m.[39m[33mReactNode[39m}){[36mreturn[39m [33m<[39m[33mPressable[39m onPress[33m=[39m{onPress} disabled[33m=[39m{[33m![39monPress[33m&&[39m[33m![39mtrailing} style[33m=[39m{({pressed})[33m=>[39m[s[33m.[39mdrawerMenu[33m,[39mpressed[33m&&[39ms[33m.[39mpressed]}[33m>[39m[33m<[39m[33mIonicons[39m name[33m=[39m{icon} size[33m=[39m{[35m20[39m} color[33m=[39m{colors[33m.[39mtextSubtle}[33m/[39m[33m>[39m[33m<[39m[33mText[39m style[33m=[39m{s[33m.[39mdrawerMenuText}[33m>[39m{title}[33m<[39m[35m/Text>{trailing??<Ionicons name="chevron-forward" size={17} color={colors.gray300}/[39m[33m>[39m}[33m<[39m[33m/[39m[33mPressable[39m[33m>[39m[33m;[39m}[0m
Call Stack
  ChatDrawer (App.tsx:1554:5)
  ChatRoom (App.tsx:1177:5)
  AuthenticatedApp (App.tsx:375:33)
  App (App.tsx:202:10)
Web  ERROR  Unexpected text node:  . A text node cannot be a child of a <View>. 

Code: App.tsx
[0m [90m 1552 |[39m   [36mreturn[39m [33m<[39m[33mView[39m style[33m=[39m{s[33m.[39mdrawerLayer}[33m>[39m[33m<[39m[33mPressable[39m accessibilityLabel[33m=[39m[32m"채팅 메뉴 닫기"[39m onPress[33m=[39m{onClose} style[33m=[39m{s[33m.[39mdrawerDim}[33m/[39m[33m>[39m[33m<[39m[33mAnimated[39m[33m.[39m[33mView[39m style[33m=[39m{[s[33m.[39mchatDrawer[33m,[39m{transform[33m:[39m[{translateX[33m:[39mslide}]}]}[33m>[39m
 [90m 1553 |[39m     [33m<[39m[33mView[39m style[33m=[39m{s[33m.[39mdrawerProfile}[33m>[39m[33m<[39m[33mView[39m style[33m=[39m{s[33m.[39mdrawerAvatar}[33m>[39m[33m<[39m[33mDefaultAvatar[39m size[33m=[39m{[35m72[39m}[35m/><View style={s.editDot}><Ionicons name="pencil" size={12} color="#FFF"/[39m[33m>[39m[33m<[39m[33m/[39m[33mView[39m[33m>[39m[33m<[39m[33m/[39m[33mView[39m[33m>[39m[33m<[39m[33mText[39m style[33m=[39m{s[33m.[39mdrawerProfileName}[33m>[39m한걸음[33m<[39m[33m/[39m[33mText[39m[33m>[39m[33m<[39m[33mText[39m numberOfLines[33m=[39m{[35m2[39m} style[33m=[39m{s[33m.[39mdrawerProfileIntro}[33m>[39m자기 소개가 들어가는 공간입니다[33m.[39m 편안한 대화를 좋아해요[33m.[39m[33m<[39m[33m/[39m[33mText[39m[33m>[39m[33m<[39m[33m/[39m[33mView[39m[33m>[39m
[31m[1m>[22m[39m[90m 1554 |[39m     [33m<[39m[33mView[39m style[33m=[39m{s[33m.[39mchatDrawerMenu}[33m>[39m[33m<[39m[33mDrawerMenu[39m icon[33m=[39m[32m"notifications-outline"[39m title[33m=[39m[32m"알림 설정"[39m trailing[33m=[39m{[33m<[39m[33mSwitch[39m value[33m=[39m{notifications} onValueChange[33m=[39m{setNotifications} trackColor[33m=[39m{{[36mfalse[39m[33m:[39mcolors[33m.[39mgray200[33m,[39m[36mtrue[39m[33m:[39mcolors[33m.[39mmint300}}[35m/>}/[39m[33m>[39m{isStaff[33m&&[39m[33m<[39m[33mDrawerMenu[39m icon[33m=[39m[32m"person-add-outline"[39m title[33m=[39m[32m"가입 신청 목록"[39m onPress[33m=[39m{onApplications}[35m/>}<DrawerMenu icon="people-outline" title="멤버 관리" onPress={onOpenMembers}/[39m[33m>[39m[33m<[39m[33mDrawerMenu[39m icon[33m=[39m[32m"albums-outline"[39m title[33m=[39m[32m"스토리 보기"[39m onPress[33m=[39m{onStories}[35m/>{isOwner&&<DrawerMenu icon="lock-closed-outline" title="방 공개 설정" onPress={onRoomSettings}/[39m[33m>[39m} {isStaff[33m&&[39m[33m<[39m[33mDrawerMenu[39m icon[33m=[39m[32m"ban-outline"[39m title[33m=[39m[32m"차단 멤버 목록"[39m onPress[33m=[39m{onBlocked}[33m/[39m[33m>[39m} {isOwner[33m&&[39m[33m<[39m[33mPressable[39m onPress[33m=[39m{onDelete} style[33m=[39m{s[33m.[39mdeleteRoomLink}[33m>[39m[33m<[39m[33mText[39m style[33m=[39m{s[33m.[39mdeleteRoomText}[33m>[39m방 삭제하기[33m<[39m[33m/[39m[33mText[39m[33m>[39m[33m<[39m[33m/[39m[33mPressable[39m[33m>[39m}[33m<[39m[33m/[39m[33mView[39m[33m>[39m
 [90m      |[39m     [31m[1m^[22m[39m
 [90m 1555 |[39m   [33m<[39m[33m/[39m[33mAnimated[39m[33m.[39m[33mView[39m[33m>[39m[33m<[39m[33m/[39m[33mView[39m[33m>[39m[33m;[39m
 [90m 1556 |[39m }
 [90m 1557 |[39m [36mfunction[39m [33mDrawerMenu[39m({icon[33m,[39mtitle[33m,[39monPress[33m,[39mtrailing}[33m:[39m{icon[33m:[39m[33mIconName[39m[33m;[39mtitle[33m:[39mstring[33m;[39monPress[33m?[39m[33m:[39m()[33m=>[39m[36mvoid[39m[33m;[39mtrailing[33m?[39m[33m:[39m[33mReact[39m[33m.[39m[33mReactNode[39m}){[36mreturn[39m [33m<[39m[33mPressable[39m onPress[33m=[39m{onPress} disabled[33m=[39m{[33m![39monPress[33m&&[39m[33m![39mtrailing} style[33m=[39m{({pressed})[33m=>[39m[s[33m.[39mdrawerMenu[33m,[39mpressed[33m&&[39ms[33m.[39mpressed]}[33m>[39m[33m<[39m[33mIonicons[39m name[33m=[39m{icon} size[33m=[39m{[35m20[39m} color[33m=[39m{colors[33m.[39mtextSubtle}[33m/[39m[33m>[39m[33m<[39m[33mText[39m style[33m=[39m{s[33m.[39mdrawerMenuText}[33m>[39m{title}[33m<[39m[35m/Text>{trailing??<Ionicons name="chevron-forward" size={17} color={colors.gray300}/[39m[33m>[39m}[33m<[39m[33m/[39m[33mPressable[39m[33m>[39m[33m;[39m}[0m
Call Stack
  ChatDrawer (App.tsx:1554:5)
  ChatRoom (App.tsx:1177:5)
  AuthenticatedApp (App.tsx:375:33)
  App (App.tsx:202:10)
Web  ERROR  Unexpected text node:  . A text node cannot be a child of a <View>. 

Code: App.tsx
[0m [90m 1552 |[39m   [36mreturn[39m [33m<[39m[33mView[39m style[33m=[39m{s[33m.[39mdrawerLayer}[33m>[39m[33m<[39m[33mPressable[39m accessibilityLabel[33m=[39m[32m"채팅 메뉴 닫기"[39m onPress[33m=[39m{onClose} style[33m=[39m{s[33m.[39mdrawerDim}[33m/[39m[33m>[39m[33m<[39m[33mAnimated[39m[33m.[39m[33mView[39m style[33m=[39m{[s[33m.[39mchatDrawer[33m,[39m{transform[33m:[39m[{translateX[33m:[39mslide}]}]}[33m>[39m
 [90m 1553 |[39m     [33m<[39m[33mView[39m style[33m=[39m{s[33m.[39mdrawerProfile}[33m>[39m[33m<[39m[33mView[39m style[33m=[39m{s[33m.[39mdrawerAvatar}[33m>[39m[33m<[39m[33mDefaultAvatar[39m size[33m=[39m{[35m72[39m}[35m/><View style={s.editDot}><Ionicons name="pencil" size={12} color="#FFF"/[39m[33m>[39m[33m<[39m[33m/[39m[33mView[39m[33m>[39m[33m<[39m[33m/[39m[33mView[39m[33m>[39m[33m<[39m[33mText[39m style[33m=[39m{s[33m.[39mdrawerProfileName}[33m>[39m한걸음[33m<[39m[33m/[39m[33mText[39m[33m>[39m[33m<[39m[33mText[39m numberOfLines[33m=[39m{[35m2[39m} style[33m=[39m{s[33m.[39mdrawerProfileIntro}[33m>[39m자기 소개가 들어가는 공간입니다[33m.[39m 편안한 대화를 좋아해요[33m.[39m[33m<[39m[33m/[39m[33mText[39m[33m>[39m[33m<[39m[33m/[39m[33mView[39m[33m>[39m
[31m[1m>[22m[39m[90m 1554 |[39m     [33m<[39m[33mView[39m style[33m=[39m{s[33m.[39mchatDrawerMenu}[33m>[39m[33m<[39m[33mDrawerMenu[39m icon[33m=[39m[32m"notifications-outline"[39m title[33m=[39m[32m"알림 설정"[39m trailing[33m=[39m{[33m<[39m[33mSwitch[39m value[33m=[39m{notifications} onValueChange[33m=[39m{setNotifications} trackColor[33m=[39m{{[36mfalse[39m[33m:[39mcolors[33m.[39mgray200[33m,[39m[36mtrue[39m[33m:[39mcolors[33m.[39mmint300}}[35m/>}/[39m[33m>[39m{isStaff[33m&&[39m[33m<[39m[33mDrawerMenu[39m icon[33m=[39m[32m"person-add-outline"[39m title[33m=[39m[32m"가입 신청 목록"[39m onPress[33m=[39m{onApplications}[35m/>}<DrawerMenu icon="people-outline" title="멤버 관리" onPress={onOpenMembers}/[39m[33m>[39m[33m<[39m[33mDrawerMenu[39m icon[33m=[39m[32m"albums-outline"[39m title[33m=[39m[32m"스토리 보기"[39m onPress[33m=[39m{onStories}[35m/>{isOwner&&<DrawerMenu icon="lock-closed-outline" title="방 공개 설정" onPress={onRoomSettings}/[39m[33m>[39m} {isStaff[33m&&[39m[33m<[39m[33mDrawerMenu[39m icon[33m=[39m[32m"ban-outline"[39m title[33m=[39m[32m"차단 멤버 목록"[39m onPress[33m=[39m{onBlocked}[33m/[39m[33m>[39m} {isOwner[33m&&[39m[33m<[39m[33mPressable[39m onPress[33m=[39m{onDelete} style[33m=[39m{s[33m.[39mdeleteRoomLink}[33m>[39m[33m<[39m[33mText[39m style[33m=[39m{s[33m.[39mdeleteRoomText}[33m>[39m방 삭제하기[33m<[39m[33m/[39m[33mText[39m[33m>[39m[33m<[39m[33m/[39m[33mPressable[39m[33m>[39m}[33m<[39m[33m/[39m[33mView[39m[33m>[39m
 [90m      |[39m     [31m[1m^[22m[39m
 [90m 1555 |[39m   [33m<[39m[33m/[39m[33mAnimated[39m[33m.[39m[33mView[39m[33m>[39m[33m<[39m[33m/[39m[33mView[39m[33m>[39m[33m;[39m
 [90m 1556 |[39m }
 [90m 1557 |[39m [36mfunction[39m [33mDrawerMenu[39m({icon[33m,[39mtitle[33m,[39monPress[33m,[39mtrailing}[33m:[39m{icon[33m:[39m[33mIconName[39m[33m;[39mtitle[33m:[39mstring[33m;[39monPress[33m?[39m[33m:[39m()[33m=>[39m[36mvoid[39m[33m;[39mtrailing[33m?[39m[33m:[39m[33mReact[39m[33m.[39m[33mReactNode[39m}){[36mreturn[39m [33m<[39m[33mPressable[39m onPress[33m=[39m{onPress} disabled[33m=[39m{[33m![39monPress[33m&&[39m[33m![39mtrailing} style[33m=[39m{({pressed})[33m=>[39m[s[33m.[39mdrawerMenu[33m,[39mpressed[33m&&[39ms[33m.[39mpressed]}[33m>[39m[33m<[39m[33mIonicons[39m name[33m=[39m{icon} size[33m=[39m{[35m20[39m} color[33m=[39m{colors[33m.[39mtextSubtle}[33m/[39m[33m>[39m[33m<[39m[33mText[39m style[33m=[39m{s[33m.[39mdrawerMenuText}[33m>[39m{title}[33m<[39m[35m/Text>{trailing??<Ionicons name="chevron-forward" size={17} color={colors.gray300}/[39m[33m>[39m}[33m<[39m[33m/[39m[33mPressable[39m[33m>[39m[33m;[39m}[0m
Call Stack
  ChatDrawer (App.tsx:1554:5)
  ChatRoom (App.tsx:1177:5)
  AuthenticatedApp (App.tsx:375:33)
  App (App.tsx:202:10)
Web  ERROR  Unexpected text node:  . A text node cannot be a child of a <View>. 

Code: App.tsx
[0m [90m 1552 |[39m   [36mreturn[39m [33m<[39m[33mView[39m style[33m=[39m{s[33m.[39mdrawerLayer}[33m>[39m[33m<[39m[33mPressable[39m accessibilityLabel[33m=[39m[32m"채팅 메뉴 닫기"[39m onPress[33m=[39m{onClose} style[33m=[39m{s[33m.[39mdrawerDim}[33m/[39m[33m>[39m[33m<[39m[33mAnimated[39m[33m.[39m[33mView[39m style[33m=[39m{[s[33m.[39mchatDrawer[33m,[39m{transform[33m:[39m[{translateX[33m:[39mslide}]}]}[33m>[39m
 [90m 1553 |[39m     [33m<[39m[33mView[39m style[33m=[39m{s[33m.[39mdrawerProfile}[33m>[39m[33m<[39m[33mView[39m style[33m=[39m{s[33m.[39mdrawerAvatar}[33m>[39m[33m<[39m[33mDefaultAvatar[39m size[33m=[39m{[35m72[39m}[35m/><View style={s.editDot}><Ionicons name="pencil" size={12} color="#FFF"/[39m[33m>[39m[33m<[39m[33m/[39m[33mView[39m[33m>[39m[33m<[39m[33m/[39m[33mView[39m[33m>[39m[33m<[39m[33mText[39m style[33m=[39m{s[33m.[39mdrawerProfileName}[33m>[39m한걸음[33m<[39m[33m/[39m[33mText[39m[33m>[39m[33m<[39m[33mText[39m numberOfLines[33m=[39m{[35m2[39m} style[33m=[39m{s[33m.[39mdrawerProfileIntro}[33m>[39m자기 소개가 들어가는 공간입니다[33m.[39m 편안한 대화를 좋아해요[33m.[39m[33m<[39m[33m/[39m[33mText[39m[33m>[39m[33m<[39m[33m/[39m[33mView[39m[33m>[39m
[31m[1m>[22m[39m[90m 1554 |[39m     [33m<[39m[33mView[39m style[33m=[39m{s[33m.[39mchatDrawerMenu}[33m>[39m[33m<[39m[33mDrawerMenu[39m icon[33m=[39m[32m"notifications-outline"[39m title[33m=[39m[32m"알림 설정"[39m trailing[33m=[39m{[33m<[39m[33mSwitch[39m value[33m=[39m{notifications} onValueChange[33m=[39m{setNotifications} trackColor[33m=[39m{{[36mfalse[39m[33m:[39mcolors[33m.[39mgray200[33m,[39m[36mtrue[39m[33m:[39mcolors[33m.[39mmint300}}[35m/>}/[39m[33m>[39m{isStaff[33m&&[39m[33m<[39m[33mDrawerMenu[39m icon[33m=[39m[32m"person-add-outline"[39m title[33m=[39m[32m"가입 신청 목록"[39m onPress[33m=[39m{onApplications}[35m/>}<DrawerMenu icon="people-outline" title="멤버 관리" onPress={onOpenMembers}/[39m[33m>[39m[33m<[39m[33mDrawerMenu[39m icon[33m=[39m[32m"albums-outline"[39m title[33m=[39m[32m"스토리 보기"[39m onPress[33m=[39m{onStories}[35m/>{isOwner&&<DrawerMenu icon="lock-closed-outline" title="방 공개 설정" onPress={onRoomSettings}/[39m[33m>[39m} {isStaff[33m&&[39m[33m<[39m[33mDrawerMenu[39m icon[33m=[39m[32m"ban-outline"[39m title[33m=[39m[32m"차단 멤버 목록"[39m onPress[33m=[39m{onBlocked}[33m/[39m[33m>[39m} {isOwner[33m&&[39m[33m<[39m[33mPressable[39m onPress[33m=[39m{onDelete} style[33m=[39m{s[33m.[39mdeleteRoomLink}[33m>[39m[33m<[39m[33mText[39m style[33m=[39m{s[33m.[39mdeleteRoomText}[33m>[39m방 삭제하기[33m<[39m[33m/[39m[33mText[39m[33m>[39m[33m<[39m[33m/[39m[33mPressable[39m[33m>[39m}[33m<[39m[33m/[39m[33mView[39m[33m>[39m
 [90m      |[39m     [31m[1m^[22m[39m
 [90m 1555 |[39m   [33m<[39m[33m/[39m[33mAnimated[39m[33m.[39m[33mView[39m[33m>[39m[33m<[39m[33m/[39m[33mView[39m[33m>[39m[33m;[39m
 [90m 1556 |[39m }
 [90m 1557 |[39m [36mfunction[39m [33mDrawerMenu[39m({icon[33m,[39mtitle[33m,[39monPress[33m,[39mtrailing}[33m:[39m{icon[33m:[39m[33mIconName[39m[33m;[39mtitle[33m:[39mstring[33m;[39monPress[33m?[39m[33m:[39m()[33m=>[39m[36mvoid[39m[33m;[39mtrailing[33m?[39m[33m:[39m[33mReact[39m[33m.[39m[33mReactNode[39m}){[36mreturn[39m [33m<[39m[33mPressable[39m onPress[33m=[39m{onPress} disabled[33m=[39m{[33m![39monPress[33m&&[39m[33m![39mtrailing} style[33m=[39m{({pressed})[33m=>[39m[s[33m.[39mdrawerMenu[33m,[39mpressed[33m&&[39ms[33m.[39mpressed]}[33m>[39m[33m<[39m[33mIonicons[39m name[33m=[39m{icon} size[33m=[39m{[35m20[39m} color[33m=[39m{colors[33m.[39mtextSubtle}[33m/[39m[33m>[39m[33m<[39m[33mText[39m style[33m=[39m{s[33m.[39mdrawerMenuText}[33m>[39m{title}[33m<[39m[35m/Text>{trailing??<Ionicons name="chevron-forward" size={17} color={colors.gray300}/[39m[33m>[39m}[33m<[39m[33m/[39m[33mPressable[39m[33m>[39m[33m;[39m}[0m
Call Stack
  ChatDrawer (App.tsx:1554:5)
  ChatRoom (App.tsx:1177:5)
  AuthenticatedApp (App.tsx:375:33)
  App (App.tsx:202:10)
Web  ERROR  Unexpected text node:  . A text node cannot be a child of a <View>. 

Code: App.tsx
[0m [90m 1552 |[39m   [36mreturn[39m [33m<[39m[33mView[39m style[33m=[39m{s[33m.[39mdrawerLayer}[33m>[39m[33m<[39m[33mPressable[39m accessibilityLabel[33m=[39m[32m"채팅 메뉴 닫기"[39m onPress[33m=[39m{onClose} style[33m=[39m{s[33m.[39mdrawerDim}[33m/[39m[33m>[39m[33m<[39m[33mAnimated[39m[33m.[39m[33mView[39m style[33m=[39m{[s[33m.[39mchatDrawer[33m,[39m{transform[33m:[39m[{translateX[33m:[39mslide}]}]}[33m>[39m
 [90m 1553 |[39m     [33m<[39m[33mView[39m style[33m=[39m{s[33m.[39mdrawerProfile}[33m>[39m[33m<[39m[33mView[39m style[33m=[39m{s[33m.[39mdrawerAvatar}[33m>[39m[33m<[39m[33mDefaultAvatar[39m size[33m=[39m{[35m72[39m}[35m/><View style={s.editDot}><Ionicons name="pencil" size={12} color="#FFF"/[39m[33m>[39m[33m<[39m[33m/[39m[33mView[39m[33m>[39m[33m<[39m[33m/[39m[33mView[39m[33m>[39m[33m<[39m[33mText[39m style[33m=[39m{s[33m.[39mdrawerProfileName}[33m>[39m한걸음[33m<[39m[33m/[39m[33mText[39m[33m>[39m[33m<[39m[33mText[39m numberOfLines[33m=[39m{[35m2[39m} style[33m=[39m{s[33m.[39mdrawerProfileIntro}[33m>[39m자기 소개가 들어가는 공간입니다[33m.[39m 편안한 대화를 좋아해요[33m.[39m[33m<[39m[33m/[39m[33mText[39m[33m>[39m[33m<[39m[33m/[39m[33mView[39m[33m>[39m
[31m[1m>[22m[39m[90m 1554 |[39m     [33m<[39m[33mView[39m style[33m=[39m{s[33m.[39mchatDrawerMenu}[33m>[39m[33m<[39m[33mDrawerMenu[39m icon[33m=[39m[32m"notifications-outline"[39m title[33m=[39m[32m"알림 설정"[39m trailing[33m=[39m{[33m<[39m[33mSwitch[39m value[33m=[39m{notifications} onValueChange[33m=[39m{setNotifications} trackColor[33m=[39m{{[36mfalse[39m[33m:[39mcolors[33m.[39mgray200[33m,[39m[36mtrue[39m[33m:[39mcolors[33m.[39mmint300}}[35m/>}/[39m[33m>[39m{isStaff[33m&&[39m[33m<[39m[33mDrawerMenu[39m icon[33m=[39m[32m"person-add-outline"[39m title[33m=[39m[32m"가입 신청 목록"[39m onPress[33m=[39m{onApplications}[35m/>}<DrawerMenu icon="people-outline" title="멤버 관리" onPress={onOpenMembers}/[39m[33m>[39m[33m<[39m[33mDrawerMenu[39m icon[33m=[39m[32m"albums-outline"[39m title[33m=[39m[32m"스토리 보기"[39m onPress[33m=[39m{onStories}[35m/>{isOwner&&<DrawerMenu icon="lock-closed-outline" title="방 공개 설정" onPress={onRoomSettings}/[39m[33m>[39m} {isStaff[33m&&[39m[33m<[39m[33mDrawerMenu[39m icon[33m=[39m[32m"ban-outline"[39m title[33m=[39m[32m"차단 멤버 목록"[39m onPress[33m=[39m{onBlocked}[33m/[39m[33m>[39m} {isOwner[33m&&[39m[33m<[39m[33mPressable[39m onPress[33m=[39m{onDelete} style[33m=[39m{s[33m.[39mdeleteRoomLink}[33m>[39m[33m<[39m[33mText[39m style[33m=[39m{s[33m.[39mdeleteRoomText}[33m>[39m방 삭제하기[33m<[39m[33m/[39m[33mText[39m[33m>[39m[33m<[39m[33m/[39m[33mPressable[39m[33m>[39m}[33m<[39m[33m/[39m[33mView[39m[33m>[39m
 [90m      |[39m     [31m[1m^[22m[39m
 [90m 1555 |[39m   [33m<[39m[33m/[39m[33mAnimated[39m[33m.[39m[33mView[39m[33m>[39m[33m<[39m[33m/[39m[33mView[39m[33m>[39m[33m;[39m
 [90m 1556 |[39m }
 [90m 1557 |[39m [36mfunction[39m [33mDrawerMenu[39m({icon[33m,[39mtitle[33m,[39monPress[33m,[39mtrailing}[33m:[39m{icon[33m:[39m[33mIconName[39m[33m;[39mtitle[33m:[39mstring[33m;[39monPress[33m?[39m[33m:[39m()[33m=>[39m[36mvoid[39m[33m;[39mtrailing[33m?[39m[33m:[39m[33mReact[39m[33m.[39m[33mReactNode[39m}){[36mreturn[39m [33m<[39m[33mPressable[39m onPress[33m=[39m{onPress} disabled[33m=[39m{[33m![39monPress[33m&&[39m[33m![39mtrailing} style[33m=[39m{({pressed})[33m=>[39m[s[33m.[39mdrawerMenu[33m,[39mpressed[33m&&[39ms[33m.[39mpressed]}[33m>[39m[33m<[39m[33mIonicons[39m name[33m=[39m{icon} size[33m=[39m{[35m20[39m} color[33m=[39m{colors[33m.[39mtextSubtle}[33m/[39m[33m>[39m[33m<[39m[33mText[39m style[33m=[39m{s[33m.[39mdrawerMenuText}[33m>[39m{title}[33m<[39m[35m/Text>{trailing??<Ionicons name="chevron-forward" size={17} color={colors.gray300}/[39m[33m>[39m}[33m<[39m[33m/[39m[33mPressable[39m[33m>[39m[33m;[39m}[0m
Call Stack
  ChatDrawer (App.tsx:1554:5)
  ChatRoom (App.tsx:1177:5)
  AuthenticatedApp (App.tsx:375:33)
  App (App.tsx:202:10)
Web  ERROR  Unexpected text node:  . A text node cannot be a child of a <View>. 

Code: App.tsx
[0m [90m 1552 |[39m   [36mreturn[39m [33m<[39m[33mView[39m style[33m=[39m{s[33m.[39mdrawerLayer}[33m>[39m[33m<[39m[33mPressable[39m accessibilityLabel[33m=[39m[32m"채팅 메뉴 닫기"[39m onPress[33m=[39m{onClose} style[33m=[39m{s[33m.[39mdrawerDim}[33m/[39m[33m>[39m[33m<[39m[33mAnimated[39m[33m.[39m[33mView[39m style[33m=[39m{[s[33m.[39mchatDrawer[33m,[39m{transform[33m:[39m[{translateX[33m:[39mslide}]}]}[33m>[39m
 [90m 1553 |[39m     [33m<[39m[33mView[39m style[33m=[39m{s[33m.[39mdrawerProfile}[33m>[39m[33m<[39m[33mView[39m style[33m=[39m{s[33m.[39mdrawerAvatar}[33m>[39m[33m<[39m[33mDefaultAvatar[39m size[33m=[39m{[35m72[39m}[35m/><View style={s.editDot}><Ionicons name="pencil" size={12} color="#FFF"/[39m[33m>[39m[33m<[39m[33m/[39m[33mView[39m[33m>[39m[33m<[39m[33m/[39m[33mView[39m[33m>[39m[33m<[39m[33mText[39m style[33m=[39m{s[33m.[39mdrawerProfileName}[33m>[39m한걸음[33m<[39m[33m/[39m[33mText[39m[33m>[39m[33m<[39m[33mText[39m numberOfLines[33m=[39m{[35m2[39m} style[33m=[39m{s[33m.[39mdrawerProfileIntro}[33m>[39m자기 소개가 들어가는 공간입니다[33m.[39m 편안한 대화를 좋아해요[33m.[39m[33m<[39m[33m/[39m[33mText[39m[33m>[39m[33m<[39m[33m/[39m[33mView[39m[33m>[39m
[31m[1m>[22m[39m[90m 1554 |[39m     [33m<[39m[33mView[39m style[33m=[39m{s[33m.[39mchatDrawerMenu}[33m>[39m[33m<[39m[33mDrawerMenu[39m icon[33m=[39m[32m"notifications-outline"[39m title[33m=[39m[32m"알림 설정"[39m trailing[33m=[39m{[33m<[39m[33mSwitch[39m value[33m=[39m{notifications} onValueChange[33m=[39m{setNotifications} trackColor[33m=[39m{{[36mfalse[39m[33m:[39mcolors[33m.[39mgray200[33m,[39m[36mtrue[39m[33m:[39mcolors[33m.[39mmint300}}[35m/>}/[39m[33m>[39m{isStaff[33m&&[39m[33m<[39m[33mDrawerMenu[39m icon[33m=[39m[32m"person-add-outline"[39m title[33m=[39m[32m"가입 신청 목록"[39m onPress[33m=[39m{onApplications}[35m/>}<DrawerMenu icon="people-outline" title="멤버 관리" onPress={onOpenMembers}/[39m[33m>[39m[33m<[39m[33mDrawerMenu[39m icon[33m=[39m[32m"albums-outline"[39m title[33m=[39m[32m"스토리 보기"[39m onPress[33m=[39m{onStories}[35m/>{isOwner&&<DrawerMenu icon="lock-closed-outline" title="방 공개 설정" onPress={onRoomSettings}/[39m[33m>[39m} {isStaff[33m&&[39m[33m<[39m[33mDrawerMenu[39m icon[33m=[39m[32m"ban-outline"[39m title[33m=[39m[32m"차단 멤버 목록"[39m onPress[33m=[39m{onBlocked}[33m/[39m[33m>[39m} {isOwner[33m&&[39m[33m<[39m[33mPressable[39m onPress[33m=[39m{onDelete} style[33m=[39m{s[33m.[39mdeleteRoomLink}[33m>[39m[33m<[39m[33mText[39m style[33m=[39m{s[33m.[39mdeleteRoomText}[33m>[39m방 삭제하기[33m<[39m[33m/[39m[33mText[39m[33m>[39m[33m<[39m[33m/[39m[33mPressable[39m[33m>[39m}[33m<[39m[33m/[39m[33mView[39m[33m>[39m
 [90m      |[39m     [31m[1m^[22m[39m
 [90m 1555 |[39m   [33m<[39m[33m/[39m[33mAnimated[39m[33m.[39m[33mView[39m[33m>[39m[33m<[39m[33m/[39m[33mView[39m[33m>[39m[33m;[39m
 [90m 1556 |[39m }
 [90m 1557 |[39m [36mfunction[39m [33mDrawerMenu[39m({icon[33m,[39mtitle[33m,[39monPress[33m,[39mtrailing}[33m:[39m{icon[33m:[39m[33mIconName[39m[33m;[39mtitle[33m:[39mstring[33m;[39monPress[33m?[39m[33m:[39m()[33m=>[39m[36mvoid[39m[33m;[39mtrailing[33m?[39m[33m:[39m[33mReact[39m[33m.[39m[33mReactNode[39m}){[36mreturn[39m [33m<[39m[33mPressable[39m onPress[33m=[39m{onPress} disabled[33m=[39m{[33m![39monPress[33m&&[39m[33m![39mtrailing} style[33m=[39m{({pressed})[33m=>[39m[s[33m.[39mdrawerMenu[33m,[39mpressed[33m&&[39ms[33m.[39mpressed]}[33m>[39m[33m<[39m[33mIonicons[39m name[33m=[39m{icon} size[33m=[39m{[35m20[39m} color[33m=[39m{colors[33m.[39mtextSubtle}[33m/[39m[33m>[39m[33m<[39m[33mText[39m style[33m=[39m{s[33m.[39mdrawerMenuText}[33m>[39m{title}[33m<[39m[35m/Text>{trailing??<Ionicons name="chevron-forward" size={17} color={colors.gray300}/[39m[33m>[39m}[33m<[39m[33m/[39m[33mPressable[39m[33m>[39m[33m;[39m}[0m
Call Stack
  ChatDrawer (App.tsx:1554:5)
  ChatRoom (App.tsx:1177:5)
  AuthenticatedApp (App.tsx:375:33)
  App (App.tsx:202:10)
Web  ERROR  Unexpected text node:  . A text node cannot be a child of a <View>. 

Code: App.tsx
[0m [90m 1552 |[39m   [36mreturn[39m [33m<[39m[33mView[39m style[33m=[39m{s[33m.[39mdrawerLayer}[33m>[39m[33m<[39m[33mPressable[39m accessibilityLabel[33m=[39m[32m"채팅 메뉴 닫기"[39m onPress[33m=[39m{onClose} style[33m=[39m{s[33m.[39mdrawerDim}[33m/[39m[33m>[39m[33m<[39m[33mAnimated[39m[33m.[39m[33mView[39m style[33m=[39m{[s[33m.[39mchatDrawer[33m,[39m{transform[33m:[39m[{translateX[33m:[39mslide}]}]}[33m>[39m
 [90m 1553 |[39m     [33m<[39m[33mView[39m style[33m=[39m{s[33m.[39mdrawerProfile}[33m>[39m[33m<[39m[33mView[39m style[33m=[39m{s[33m.[39mdrawerAvatar}[33m>[39m[33m<[39m[33mDefaultAvatar[39m size[33m=[39m{[35m72[39m}[35m/><View style={s.editDot}><Ionicons name="pencil" size={12} color="#FFF"/[39m[33m>[39m[33m<[39m[33m/[39m[33mView[39m[33m>[39m[33m<[39m[33m/[39m[33mView[39m[33m>[39m[33m<[39m[33mText[39m style[33m=[39m{s[33m.[39mdrawerProfileName}[33m>[39m한걸음[33m<[39m[33m/[39m[33mText[39m[33m>[39m[33m<[39m[33mText[39m numberOfLines[33m=[39m{[35m2[39m} style[33m=[39m{s[33m.[39mdrawerProfileIntro}[33m>[39m자기 소개가 들어가는 공간입니다[33m.[39m 편안한 대화를 좋아해요[33m.[39m[33m<[39m[33m/[39m[33mText[39m[33m>[39m[33m<[39m[33m/[39m[33mView[39m[33m>[39m
[31m[1m>[22m[39m[90m 1554 |[39m     [33m<[39m[33mView[39m style[33m=[39m{s[33m.[39mchatDrawerMenu}[33m>[39m[33m<[39m[33mDrawerMenu[39m icon[33m=[39m[32m"notifications-outline"[39m title[33m=[39m[32m"알림 설정"[39m trailing[33m=[39m{[33m<[39m[33mSwitch[39m value[33m=[39m{notifications} onValueChange[33m=[39m{setNotifications} trackColor[33m=[39m{{[36mfalse[39m[33m:[39mcolors[33m.[39mgray200[33m,[39m[36mtrue[39m[33m:[39mcolors[33m.[39mmint300}}[35m/>}/[39m[33m>[39m{isStaff[33m&&[39m[33m<[39m[33mDrawerMenu[39m icon[33m=[39m[32m"person-add-outline"[39m title[33m=[39m[32m"가입 신청 목록"[39m onPress[33m=[39m{onApplications}[35m/>}<DrawerMenu icon="people-outline" title="멤버 관리" onPress={onOpenMembers}/[39m[33m>[39m[33m<[39m[33mDrawerMenu[39m icon[33m=[39m[32m"albums-outline"[39m title[33m=[39m[32m"스토리 보기"[39m onPress[33m=[39m{onStories}[35m/>{isOwner&&<DrawerMenu icon="lock-closed-outline" title="방 공개 설정" onPress={onRoomSettings}/[39m[33m>[39m} {isStaff[33m&&[39m[33m<[39m[33mDrawerMenu[39m icon[33m=[39m[32m"ban-outline"[39m title[33m=[39m[32m"차단 멤버 목록"[39m onPress[33m=[39m{onBlocked}[33m/[39m[33m>[39m} {isOwner[33m&&[39m[33m<[39m[33mPressable[39m onPress[33m=[39m{onDelete} style[33m=[39m{s[33m.[39mdeleteRoomLink}[33m>[39m[33m<[39m[33mText[39m style[33m=[39m{s[33m.[39mdeleteRoomText}[33m>[39m방 삭제하기[33m<[39m[33m/[39m[33mText[39m[33m>[39m[33m<[39m[33m/[39m[33mPressable[39m[33m>[39m}[33m<[39m[33m/[39m[33mView[39m[33m>[39m
 [90m      |[39m     [31m[1m^[22m[39m
 [90m 1555 |[39m   [33m<[39m[33m/[39m[33mAnimated[39m[33m.[39m[33mView[39m[33m>[39m[33m<[39m[33m/[39m[33mView[39m[33m>[39m[33m;[39m
 [90m 1556 |[39m }
 [90m 1557 |[39m [36mfunction[39m [33mDrawerMenu[39m({icon[33m,[39mtitle[33m,[39monPress[33m,[39mtrailing}[33m:[39m{icon[33m:[39m[33mIconName[39m[33m;[39mtitle[33m:[39mstring[33m;[39monPress[33m?[39m[33m:[39m()[33m=>[39m[36mvoid[39m[33m;[39mtrailing[33m?[39m[33m:[39m[33mReact[39m[33m.[39m[33mReactNode[39m}){[36mreturn[39m [33m<[39m[33mPressable[39m onPress[33m=[39m{onPress} disabled[33m=[39m{[33m![39monPress[33m&&[39m[33m![39mtrailing} style[33m=[39m{({pressed})[33m=>[39m[s[33m.[39mdrawerMenu[33m,[39mpressed[33m&&[39ms[33m.[39mpressed]}[33m>[39m[33m<[39m[33mIonicons[39m name[33m=[39m{icon} size[33m=[39m{[35m20[39m} color[33m=[39m{colors[33m.[39mtextSubtle}[33m/[39m[33m>[39m[33m<[39m[33mText[39m style[33m=[39m{s[33m.[39mdrawerMenuText}[33m>[39m{title}[33m<[39m[35m/Text>{trailing??<Ionicons name="chevron-forward" size={17} color={colors.gray300}/[39m[33m>[39m}[33m<[39m[33m/[39m[33mPressable[39m[33m>[39m[33m;[39m}[0m
Call Stack
  ChatDrawer (App.tsx:1554:5)
  ChatRoom (App.tsx:1177:5)
  AuthenticatedApp (App.tsx:375:33)
  App (App.tsx:202:10)
Web  ERROR  Unexpected text node:  . A text node cannot be a child of a <View>. 

Code: App.tsx
[0m [90m 1552 |[39m   [36mreturn[39m [33m<[39m[33mView[39m style[33m=[39m{s[33m.[39mdrawerLayer}[33m>[39m[33m<[39m[33mPressable[39m accessibilityLabel[33m=[39m[32m"채팅 메뉴 닫기"[39m onPress[33m=[39m{onClose} style[33m=[39m{s[33m.[39mdrawerDim}[33m/[39m[33m>[39m[33m<[39m[33mAnimated[39m[33m.[39m[33mView[39m style[33m=[39m{[s[33m.[39mchatDrawer[33m,[39m{transform[33m:[39m[{translateX[33m:[39mslide}]}]}[33m>[39m
 [90m 1553 |[39m     [33m<[39m[33mView[39m style[33m=[39m{s[33m.[39mdrawerProfile}[33m>[39m[33m<[39m[33mView[39m style[33m=[39m{s[33m.[39mdrawerAvatar}[33m>[39m[33m<[39m[33mDefaultAvatar[39m size[33m=[39m{[35m72[39m}[35m/><View style={s.editDot}><Ionicons name="pencil" size={12} color="#FFF"/[39m[33m>[39m[33m<[39m[33m/[39m[33mView[39m[33m>[39m[33m<[39m[33m/[39m[33mView[39m[33m>[39m[33m<[39m[33mText[39m style[33m=[39m{s[33m.[39mdrawerProfileName}[33m>[39m한걸음[33m<[39m[33m/[39m[33mText[39m[33m>[39m[33m<[39m[33mText[39m numberOfLines[33m=[39m{[35m2[39m} style[33m=[39m{s[33m.[39mdrawerProfileIntro}[33m>[39m자기 소개가 들어가는 공간입니다[33m.[39m 편안한 대화를 좋아해요[33m.[39m[33m<[39m[33m/[39m[33mText[39m[33m>[39m[33m<[39m[33m/[39m[33mView[39m[33m>[39m
[31m[1m>[22m[39m[90m 1554 |[39m     [33m<[39m[33mView[39m style[33m=[39m{s[33m.[39mchatDrawerMenu}[33m>[39m[33m<[39m[33mDrawerMenu[39m icon[33m=[39m[32m"notifications-outline"[39m title[33m=[39m[32m"알림 설정"[39m trailing[33m=[39m{[33m<[39m[33mSwitch[39m value[33m=[39m{notifications} onValueChange[33m=[39m{setNotifications} trackColor[33m=[39m{{[36mfalse[39m[33m:[39mcolors[33m.[39mgray200[33m,[39m[36mtrue[39m[33m:[39mcolors[33m.[39mmint300}}[35m/>}/[39m[33m>[39m{isStaff[33m&&[39m[33m<[39m[33mDrawerMenu[39m icon[33m=[39m[32m"person-add-outline"[39m title[33m=[39m[32m"가입 신청 목록"[39m onPress[33m=[39m{onApplications}[35m/>}<DrawerMenu icon="people-outline" title="멤버 관리" onPress={onOpenMembers}/[39m[33m>[39m[33m<[39m[33mDrawerMenu[39m icon[33m=[39m[32m"albums-outline"[39m title[33m=[39m[32m"스토리 보기"[39m onPress[33m=[39m{onStories}[35m/>{isOwner&&<DrawerMenu icon="lock-closed-outline" title="방 공개 설정" onPress={onRoomSettings}/[39m[33m>[39m} {isStaff[33m&&[39m[33m<[39m[33mDrawerMenu[39m icon[33m=[39m[32m"ban-outline"[39m title[33m=[39m[32m"차단 멤버 목록"[39m onPress[33m=[39m{onBlocked}[33m/[39m[33m>[39m} {isOwner[33m&&[39m[33m<[39m[33mPressable[39m onPress[33m=[39m{onDelete} style[33m=[39m{s[33m.[39mdeleteRoomLink}[33m>[39m[33m<[39m[33mText[39m style[33m=[39m{s[33m.[39mdeleteRoomText}[33m>[39m방 삭제하기[33m<[39m[33m/[39m[33mText[39m[33m>[39m[33m<[39m[33m/[39m[33mPressable[39m[33m>[39m}[33m<[39m[33m/[39m[33mView[39m[33m>[39m
 [90m      |[39m     [31m[1m^[22m[39m
 [90m 1555 |[39m   [33m<[39m[33m/[39m[33mAnimated[39m[33m.[39m[33mView[39m[33m>[39m[33m<[39m[33m/[39m[33mView[39m[33m>[39m[33m;[39m
 [90m 1556 |[39m }
 [90m 1557 |[39m [36mfunction[39m [33mDrawerMenu[39m({icon[33m,[39mtitle[33m,[39monPress[33m,[39mtrailing}[33m:[39m{icon[33m:[39m[33mIconName[39m[33m;[39mtitle[33m:[39mstring[33m;[39monPress[33m?[39m[33m:[39m()[33m=>[39m[36mvoid[39m[33m;[39mtrailing[33m?[39m[33m:[39m[33mReact[39m[33m.[39m[33mReactNode[39m}){[36mreturn[39m [33m<[39m[33mPressable[39m onPress[33m=[39m{onPress} disabled[33m=[39m{[33m![39monPress[33m&&[39m[33m![39mtrailing} style[33m=[39m{({pressed})[33m=>[39m[s[33m.[39mdrawerMenu[33m,[39mpressed[33m&&[39ms[33m.[39mpressed]}[33m>[39m[33m<[39m[33mIonicons[39m name[33m=[39m{icon} size[33m=[39m{[35m20[39m} color[33m=[39m{colors[33m.[39mtextSubtle}[33m/[39m[33m>[39m[33m<[39m[33mText[39m style[33m=[39m{s[33m.[39mdrawerMenuText}[33m>[39m{title}[33m<[39m[35m/Text>{trailing??<Ionicons name="chevron-forward" size={17} color={colors.gray300}/[39m[33m>[39m}[33m<[39m[33m/[39m[33mPressable[39m[33m>[39m[33m;[39m}[0m
Call Stack
  ChatDrawer (App.tsx:1554:5)
  ChatRoom (App.tsx:1177:5)
  AuthenticatedApp (App.tsx:375:33)
  App (App.tsx:202:10)
Web  ERROR  Unexpected text node:  . A text node cannot be a child of a <View>. 

Code: App.tsx
[0m [90m 1552 |[39m   [36mreturn[39m [33m<[39m[33mView[39m style[33m=[39m{s[33m.[39mdrawerLayer}[33m>[39m[33m<[39m[33mPressable[39m accessibilityLabel[33m=[39m[32m"채팅 메뉴 닫기"[39m onPress[33m=[39m{onClose} style[33m=[39m{s[33m.[39mdrawerDim}[33m/[39m[33m>[39m[33m<[39m[33mAnimated[39m[33m.[39m[33mView[39m style[33m=[39m{[s[33m.[39mchatDrawer[33m,[39m{transform[33m:[39m[{translateX[33m:[39mslide}]}]}[33m>[39m
 [90m 1553 |[39m     [33m<[39m[33mView[39m style[33m=[39m{s[33m.[39mdrawerProfile}[33m>[39m[33m<[39m[33mView[39m style[33m=[39m{s[33m.[39mdrawerAvatar}[33m>[39m[33m<[39m[33mDefaultAvatar[39m size[33m=[39m{[35m72[39m}[35m/><View style={s.editDot}><Ionicons name="pencil" size={12} color="#FFF"/[39m[33m>[39m[33m<[39m[33m/[39m[33mView[39m[33m>[39m[33m<[39m[33m/[39m[33mView[39m[33m>[39m[33m<[39m[33mText[39m style[33m=[39m{s[33m.[39mdrawerProfileName}[33m>[39m한걸음[33m<[39m[33m/[39m[33mText[39m[33m>[39m[33m<[39m[33mText[39m numberOfLines[33m=[39m{[35m2[39m} style[33m=[39m{s[33m.[39mdrawerProfileIntro}[33m>[39m자기 소개가 들어가는 공간입니다[33m.[39m 편안한 대화를 좋아해요[33m.[39m[33m<[39m[33m/[39m[33mText[39m[33m>[39m[33m<[39m[33m/[39m[33mView[39m[33m>[39m
[31m[1m>[22m[39m[90m 1554 |[39m     [33m<[39m[33mView[39m style[33m=[39m{s[33m.[39mchatDrawerMenu}[33m>[39m[33m<[39m[33mDrawerMenu[39m icon[33m=[39m[32m"notifications-outline"[39m title[33m=[39m[32m"알림 설정"[39m trailing[33m=[39m{[33m<[39m[33mSwitch[39m value[33m=[39m{notifications} onValueChange[33m=[39m{setNotifications} trackColor[33m=[39m{{[36mfalse[39m[33m:[39mcolors[33m.[39mgray200[33m,[39m[36mtrue[39m[33m:[39mcolors[33m.[39mmint300}}[35m/>}/[39m[33m>[39m{isStaff[33m&&[39m[33m<[39m[33mDrawerMenu[39m icon[33m=[39m[32m"person-add-outline"[39m title[33m=[39m[32m"가입 신청 목록"[39m onPress[33m=[39m{onApplications}[35m/>}<DrawerMenu icon="people-outline" title="멤버 관리" onPress={onOpenMembers}/[39m[33m>[39m[33m<[39m[33mDrawerMenu[39m icon[33m=[39m[32m"albums-outline"[39m title[33m=[39m[32m"스토리 보기"[39m onPress[33m=[39m{onStories}[35m/>{isOwner&&<DrawerMenu icon="lock-closed-outline" title="방 공개 설정" onPress={onRoomSettings}/[39m[33m>[39m} {isStaff[33m&&[39m[33m<[39m[33mDrawerMenu[39m icon[33m=[39m[32m"ban-outline"[39m title[33m=[39m[32m"차단 멤버 목록"[39m onPress[33m=[39m{onBlocked}[33m/[39m[33m>[39m} {isOwner[33m&&[39m[33m<[39m[33mPressable[39m onPress[33m=[39m{onDelete} style[33m=[39m{s[33m.[39mdeleteRoomLink}[33m>[39m[33m<[39m[33mText[39m style[33m=[39m{s[33m.[39mdeleteRoomText}[33m>[39m방 삭제하기[33m<[39m[33m/[39m[33mText[39m[33m>[39m[33m<[39m[33m/[39m[33mPressable[39m[33m>[39m}[33m<[39m[33m/[39m[33mView[39m[33m>[39m
 [90m      |[39m     [31m[1m^[22m[39m
 [90m 1555 |[39m   [33m<[39m[33m/[39m[33mAnimated[39m[33m.[39m[33mView[39m[33m>[39m[33m<[39m[33m/[39m[33mView[39m[33m>[39m[33m;[39m
 [90m 1556 |[39m }
 [90m 1557 |[39m [36mfunction[39m [33mDrawerMenu[39m({icon[33m,[39mtitle[33m,[39monPress[33m,[39mtrailing}[33m:[39m{icon[33m:[39m[33mIconName[39m[33m;[39mtitle[33m:[39mstring[33m;[39monPress[33m?[39m[33m:[39m()[33m=>[39m[36mvoid[39m[33m;[39mtrailing[33m?[39m[33m:[39m[33mReact[39m[33m.[39m[33mReactNode[39m}){[36mreturn[39m [33m<[39m[33mPressable[39m onPress[33m=[39m{onPress} disabled[33m=[39m{[33m![39monPress[33m&&[39m[33m![39mtrailing} style[33m=[39m{({pressed})[33m=>[39m[s[33m.[39mdrawerMenu[33m,[39mpressed[33m&&[39ms[33m.[39mpressed]}[33m>[39m[33m<[39m[33mIonicons[39m name[33m=[39m{icon} size[33m=[39m{[35m20[39m} color[33m=[39m{colors[33m.[39mtextSubtle}[33m/[39m[33m>[39m[33m<[39m[33mText[39m style[33m=[39m{s[33m.[39mdrawerMenuText}[33m>[39m{title}[33m<[39m[35m/Text>{trailing??<Ionicons name="chevron-forward" size={17} color={colors.gray300}/[39m[33m>[39m}[33m<[39m[33m/[39m[33mPressable[39m[33m>[39m[33m;[39m}[0m
Call Stack
  ChatDrawer (App.tsx:1554:5)
  ChatRoom (App.tsx:1177:5)
  AuthenticatedApp (App.tsx:375:33)
  App (App.tsx:202:10)
Web  ERROR  Unexpected text node:  . A text node cannot be a child of a <View>. 

Code: App.tsx
[0m [90m 1552 |[39m   [36mreturn[39m [33m<[39m[33mView[39m style[33m=[39m{s[33m.[39mdrawerLayer}[33m>[39m[33m<[39m[33mPressable[39m accessibilityLabel[33m=[39m[32m"채팅 메뉴 닫기"[39m onPress[33m=[39m{onClose} style[33m=[39m{s[33m.[39mdrawerDim}[33m/[39m[33m>[39m[33m<[39m[33mAnimated[39m[33m.[39m[33mView[39m style[33m=[39m{[s[33m.[39mchatDrawer[33m,[39m{transform[33m:[39m[{translateX[33m:[39mslide}]}]}[33m>[39m
 [90m 1553 |[39m     [33m<[39m[33mView[39m style[33m=[39m{s[33m.[39mdrawerProfile}[33m>[39m[33m<[39m[33mView[39m style[33m=[39m{s[33m.[39mdrawerAvatar}[33m>[39m[33m<[39m[33mDefaultAvatar[39m size[33m=[39m{[35m72[39m}[35m/><View style={s.editDot}><Ionicons name="pencil" size={12} color="#FFF"/[39m[33m>[39m[33m<[39m[33m/[39m[33mView[39m[33m>[39m[33m<[39m[33m/[39m[33mView[39m[33m>[39m[33m<[39m[33mText[39m style[33m=[39m{s[33m.[39mdrawerProfileName}[33m>[39m한걸음[33m<[39m[33m/[39m[33mText[39m[33m>[39m[33m<[39m[33mText[39m numberOfLines[33m=[39m{[35m2[39m} style[33m=[39m{s[33m.[39mdrawerProfileIntro}[33m>[39m자기 소개가 들어가는 공간입니다[33m.[39m 편안한 대화를 좋아해요[33m.[39m[33m<[39m[33m/[39m[33mText[39m[33m>[39m[33m<[39m[33m/[39m[33mView[39m[33m>[39m
[31m[1m>[22m[39m[90m 1554 |[39m     [33m<[39m[33mView[39m style[33m=[39m{s[33m.[39mchatDrawerMenu}[33m>[39m[33m<[39m[33mDrawerMenu[39m icon[33m=[39m[32m"notifications-outline"[39m title[33m=[39m[32m"알림 설정"[39m trailing[33m=[39m{[33m<[39m[33mSwitch[39m value[33m=[39m{notifications} onValueChange[33m=[39m{setNotifications} trackColor[33m=[39m{{[36mfalse[39m[33m:[39mcolors[33m.[39mgray200[33m,[39m[36mtrue[39m[33m:[39mcolors[33m.[39mmint300}}[35m/>}/[39m[33m>[39m{isStaff[33m&&[39m[33m<[39m[33mDrawerMenu[39m icon[33m=[39m[32m"person-add-outline"[39m title[33m=[39m[32m"가입 신청 목록"[39m onPress[33m=[39m{onApplications}[35m/>}<DrawerMenu icon="people-outline" title="멤버 관리" onPress={onOpenMembers}/[39m[33m>[39m[33m<[39m[33mDrawerMenu[39m icon[33m=[39m[32m"albums-outline"[39m title[33m=[39m[32m"스토리 보기"[39m onPress[33m=[39m{onStories}[35m/>{isOwner&&<DrawerMenu icon="lock-closed-outline" title="방 공개 설정" onPress={onRoomSettings}/[39m[33m>[39m} {isStaff[33m&&[39m[33m<[39m[33mDrawerMenu[39m icon[33m=[39m[32m"ban-outline"[39m title[33m=[39m[32m"차단 멤버 목록"[39m onPress[33m=[39m{onBlocked}[33m/[39m[33m>[39m} {isOwner[33m&&[39m[33m<[39m[33mPressable[39m onPress[33m=[39m{onDelete} style[33m=[39m{s[33m.[39mdeleteRoomLink}[33m>[39m[33m<[39m[33mText[39m style[33m=[39m{s[33m.[39mdeleteRoomText}[33m>[39m방 삭제하기[33m<[39m[33m/[39m[33mText[39m[33m>[39m[33m<[39m[33m/[39m[33mPressable[39m[33m>[39m}[33m<[39m[33m/[39m[33mView[39m[33m>[39m
 [90m      |[39m     [31m[1m^[22m[39m
 [90m 1555 |[39m   [33m<[39m[33m/[39m[33mAnimated[39m[33m.[39m[33mView[39m[33m>[39m[33m<[39m[33m/[39m[33mView[39m[33m>[39m[33m;[39m
 [90m 1556 |[39m }
 [90m 1557 |[39m [36mfunction[39m [33mDrawerMenu[39m({icon[33m,[39mtitle[33m,[39monPress[33m,[39mtrailing}[33m:[39m{icon[33m:[39m[33mIconName[39m[33m;[39mtitle[33m:[39mstring[33m;[39monPress[33m?[39m[33m:[39m()[33m=>[39m[36mvoid[39m[33m;[39mtrailing[33m?[39m[33m:[39m[33mReact[39m[33m.[39m[33mReactNode[39m}){[36mreturn[39m [33m<[39m[33mPressable[39m onPress[33m=[39m{onPress} disabled[33m=[39m{[33m![39monPress[33m&&[39m[33m![39mtrailing} style[33m=[39m{({pressed})[33m=>[39m[s[33m.[39mdrawerMenu[33m,[39mpressed[33m&&[39ms[33m.[39mpressed]}[33m>[39m[33m<[39m[33mIonicons[39m name[33m=[39m{icon} size[33m=[39m{[35m20[39m} color[33m=[39m{colors[33m.[39mtextSubtle}[33m/[39m[33m>[39m[33m<[39m[33mText[39m style[33m=[39m{s[33m.[39mdrawerMenuText}[33m>[39m{title}[33m<[39m[35m/Text>{trailing??<Ionicons name="chevron-forward" size={17} color={colors.gray300}/[39m[33m>[39m}[33m<[39m[33m/[39m[33mPressable[39m[33m>[39m[33m;[39m}[0m
Call Stack
  ChatDrawer (App.tsx:1554:5)
  ChatRoom (App.tsx:1177:5)
  AuthenticatedApp (App.tsx:375:33)
  App (App.tsx:202:10)
Web  ERROR  Unexpected text node:  . A text node cannot be a child of a <View>. 

Code: App.tsx
[0m [90m 1552 |[39m   [36mreturn[39m [33m<[39m[33mView[39m style[33m=[39m{s[33m.[39mdrawerLayer}[33m>[39m[33m<[39m[33mPressable[39m accessibilityLabel[33m=[39m[32m"채팅 메뉴 닫기"[39m onPress[33m=[39m{onClose} style[33m=[39m{s[33m.[39mdrawerDim}[33m/[39m[33m>[39m[33m<[39m[33mAnimated[39m[33m.[39m[33mView[39m style[33m=[39m{[s[33m.[39mchatDrawer[33m,[39m{transform[33m:[39m[{translateX[33m:[39mslide}]}]}[33m>[39m
 [90m 1553 |[39m     [33m<[39m[33mView[39m style[33m=[39m{s[33m.[39mdrawerProfile}[33m>[39m[33m<[39m[33mView[39m style[33m=[39m{s[33m.[39mdrawerAvatar}[33m>[39m[33m<[39m[33mDefaultAvatar[39m size[33m=[39m{[35m72[39m}[35m/><View style={s.editDot}><Ionicons name="pencil" size={12} color="#FFF"/[39m[33m>[39m[33m<[39m[33m/[39m[33mView[39m[33m>[39m[33m<[39m[33m/[39m[33mView[39m[33m>[39m[33m<[39m[33mText[39m style[33m=[39m{s[33m.[39mdrawerProfileName}[33m>[39m한걸음[33m<[39m[33m/[39m[33mText[39m[33m>[39m[33m<[39m[33mText[39m numberOfLines[33m=[39m{[35m2[39m} style[33m=[39m{s[33m.[39mdrawerProfileIntro}[33m>[39m자기 소개가 들어가는 공간입니다[33m.[39m 편안한 대화를 좋아해요[33m.[39m[33m<[39m[33m/[39m[33mText[39m[33m>[39m[33m<[39m[33m/[39m[33mView[39m[33m>[39m
[31m[1m>[22m[39m[90m 1554 |[39m     [33m<[39m[33mView[39m style[33m=[39m{s[33m.[39mchatDrawerMenu}[33m>[39m[33m<[39m[33mDrawerMenu[39m icon[33m=[39m[32m"notifications-outline"[39m title[33m=[39m[32m"알림 설정"[39m trailing[33m=[39m{[33m<[39m[33mSwitch[39m value[33m=[39m{notifications} onValueChange[33m=[39m{setNotifications} trackColor[33m=[39m{{[36mfalse[39m[33m:[39mcolors[33m.[39mgray200[33m,[39m[36mtrue[39m[33m:[39mcolors[33m.[39mmint300}}[35m/>}/[39m[33m>[39m{isStaff[33m&&[39m[33m<[39m[33mDrawerMenu[39m icon[33m=[39m[32m"person-add-outline"[39m title[33m=[39m[32m"가입 신청 목록"[39m onPress[33m=[39m{onApplications}[35m/>}<DrawerMenu icon="people-outline" title="멤버 관리" onPress={onOpenMembers}/[39m[33m>[39m[33m<[39m[33mDrawerMenu[39m icon[33m=[39m[32m"albums-outline"[39m title[33m=[39m[32m"스토리 보기"[39m onPress[33m=[39m{onStories}[35m/>{isOwner&&<DrawerMenu icon="lock-closed-outline" title="방 공개 설정" onPress={onRoomSettings}/[39m[33m>[39m} {isStaff[33m&&[39m[33m<[39m[33mDrawerMenu[39m icon[33m=[39m[32m"ban-outline"[39m title[33m=[39m[32m"차단 멤버 목록"[39m onPress[33m=[39m{onBlocked}[33m/[39m[33m>[39m} {isOwner[33m&&[39m[33m<[39m[33mPressable[39m onPress[33m=[39m{onDelete} style[33m=[39m{s[33m.[39mdeleteRoomLink}[33m>[39m[33m<[39m[33mText[39m style[33m=[39m{s[33m.[39mdeleteRoomText}[33m>[39m방 삭제하기[33m<[39m[33m/[39m[33mText[39m[33m>[39m[33m<[39m[33m/[39m[33mPressable[39m[33m>[39m}[33m<[39m[33m/[39m[33mView[39m[33m>[39m
 [90m      |[39m     [31m[1m^[22m[39m
 [90m 1555 |[39m   [33m<[39m[33m/[39m[33mAnimated[39m[33m.[39m[33mView[39m[33m>[39m[33m<[39m[33m/[39m[33mView[39m[33m>[39m[33m;[39m
 [90m 1556 |[39m }
 [90m 1557 |[39m [36mfunction[39m [33mDrawerMenu[39m({icon[33m,[39mtitle[33m,[39monPress[33m,[39mtrailing}[33m:[39m{icon[33m:[39m[33mIconName[39m[33m;[39mtitle[33m:[39mstring[33m;[39monPress[33m?[39m[33m:[39m()[33m=>[39m[36mvoid[39m[33m;[39mtrailing[33m?[39m[33m:[39m[33mReact[39m[33m.[39m[33mReactNode[39m}){[36mreturn[39m [33m<[39m[33mPressable[39m onPress[33m=[39m{onPress} disabled[33m=[39m{[33m![39monPress[33m&&[39m[33m![39mtrailing} style[33m=[39m{({pressed})[33m=>[39m[s[33m.[39mdrawerMenu[33m,[39mpressed[33m&&[39ms[33m.[39mpressed]}[33m>[39m[33m<[39m[33mIonicons[39m name[33m=[39m{icon} size[33m=[39m{[35m20[39m} color[33m=[39m{colors[33m.[39mtextSubtle}[33m/[39m[33m>[39m[33m<[39m[33mText[39m style[33m=[39m{s[33m.[39mdrawerMenuText}[33m>[39m{title}[33m<[39m[35m/Text>{trailing??<Ionicons name="chevron-forward" size={17} color={colors.gray300}/[39m[33m>[39m}[33m<[39m[33m/[39m[33mPressable[39m[33m>[39m[33m;[39m}[0m
Call Stack
  ChatDrawer (App.tsx:1554:5)
  ChatRoom (App.tsx:1177:5)
  AuthenticatedApp (App.tsx:375:33)
  App (App.tsx:202:10)
Web  ERROR  Unexpected text node:  . A text node cannot be a child of a <View>. 

Code: App.tsx
[0m [90m 1552 |[39m   [36mreturn[39m [33m<[39m[33mView[39m style[33m=[39m{s[33m.[39mdrawerLayer}[33m>[39m[33m<[39m[33mPressable[39m accessibilityLabel[33m=[39m[32m"채팅 메뉴 닫기"[39m onPress[33m=[39m{onClose} style[33m=[39m{s[33m.[39mdrawerDim}[33m/[39m[33m>[39m[33m<[39m[33mAnimated[39m[33m.[39m[33mView[39m style[33m=[39m{[s[33m.[39mchatDrawer[33m,[39m{transform[33m:[39m[{translateX[33m:[39mslide}]}]}[33m>[39m
 [90m 1553 |[39m     [33m<[39m[33mView[39m style[33m=[39m{s[33m.[39mdrawerProfile}[33m>[39m[33m<[39m[33mView[39m style[33m=[39m{s[33m.[39mdrawerAvatar}[33m>[39m[33m<[39m[33mDefaultAvatar[39m size[33m=[39m{[35m72[39m}[35m/><View style={s.editDot}><Ionicons name="pencil" size={12} color="#FFF"/[39m[33m>[39m[33m<[39m[33m/[39m[33mView[39m[33m>[39m[33m<[39m[33m/[39m[33mView[39m[33m>[39m[33m<[39m[33mText[39m style[33m=[39m{s[33m.[39mdrawerProfileName}[33m>[39m한걸음[33m<[39m[33m/[39m[33mText[39m[33m>[39m[33m<[39m[33mText[39m numberOfLines[33m=[39m{[35m2[39m} style[33m=[39m{s[33m.[39mdrawerProfileIntro}[33m>[39m자기 소개가 들어가는 공간입니다[33m.[39m 편안한 대화를 좋아해요[33m.[39m[33m<[39m[33m/[39m[33mText[39m[33m>[39m[33m<[39m[33m/[39m[33mView[39m[33m>[39m
[31m[1m>[22m[39m[90m 1554 |[39m     [33m<[39m[33mView[39m style[33m=[39m{s[33m.[39mchatDrawerMenu}[33m>[39m[33m<[39m[33mDrawerMenu[39m icon[33m=[39m[32m"notifications-outline"[39m title[33m=[39m[32m"알림 설정"[39m trailing[33m=[39m{[33m<[39m[33mSwitch[39m value[33m=[39m{notifications} onValueChange[33m=[39m{setNotifications} trackColor[33m=[39m{{[36mfalse[39m[33m:[39mcolors[33m.[39mgray200[33m,[39m[36mtrue[39m[33m:[39mcolors[33m.[39mmint300}}[35m/>}/[39m[33m>[39m{isStaff[33m&&[39m[33m<[39m[33mDrawerMenu[39m icon[33m=[39m[32m"person-add-outline"[39m title[33m=[39m[32m"가입 신청 목록"[39m onPress[33m=[39m{onApplications}[35m/>}<DrawerMenu icon="people-outline" title="멤버 관리" onPress={onOpenMembers}/[39m[33m>[39m[33m<[39m[33mDrawerMenu[39m icon[33m=[39m[32m"albums-outline"[39m title[33m=[39m[32m"스토리 보기"[39m onPress[33m=[39m{onStories}[35m/>{isOwner&&<DrawerMenu icon="lock-closed-outline" title="방 공개 설정" onPress={onRoomSettings}/[39m[33m>[39m} {isStaff[33m&&[39m[33m<[39m[33mDrawerMenu[39m icon[33m=[39m[32m"ban-outline"[39m title[33m=[39m[32m"차단 멤버 목록"[39m onPress[33m=[39m{onBlocked}[33m/[39m[33m>[39m} {isOwner[33m&&[39m[33m<[39m[33mPressable[39m onPress[33m=[39m{onDelete} style[33m=[39m{s[33m.[39mdeleteRoomLink}[33m>[39m[33m<[39m[33mText[39m style[33m=[39m{s[33m.[39mdeleteRoomText}[33m>[39m방 삭제하기[33m<[39m[33m/[39m[33mText[39m[33m>[39m[33m<[39m[33m/[39m[33mPressable[39m[33m>[39m}[33m<[39m[33m/[39m[33mView[39m[33m>[39m
 [90m      |[39m     [31m[1m^[22m[39m
 [90m 1555 |[39m   [33m<[39m[33m/[39m[33mAnimated[39m[33m.[39m[33mView[39m[33m>[39m[33m<[39m[33m/[39m[33mView[39m[33m>[39m[33m;[39m
 [90m 1556 |[39m }
 [90m 1557 |[39m [36mfunction[39m [33mDrawerMenu[39m({icon[33m,[39mtitle[33m,[39monPress[33m,[39mtrailing}[33m:[39m{icon[33m:[39m[33mIconName[39m[33m;[39mtitle[33m:[39mstring[33m;[39monPress[33m?[39m[33m:[39m()[33m=>[39m[36mvoid[39m[33m;[39mtrailing[33m?[39m[33m:[39m[33mReact[39m[33m.[39m[33mReactNode[39m}){[36mreturn[39m [33m<[39m[33mPressable[39m onPress[33m=[39m{onPress} disabled[33m=[39m{[33m![39monPress[33m&&[39m[33m![39mtrailing} style[33m=[39m{({pressed})[33m=>[39m[s[33m.[39mdrawerMenu[33m,[39mpressed[33m&&[39ms[33m.[39mpressed]}[33m>[39m[33m<[39m[33mIonicons[39m name[33m=[39m{icon} size[33m=[39m{[35m20[39m} color[33m=[39m{colors[33m.[39mtextSubtle}[33m/[39m[33m>[39m[33m<[39m[33mText[39m style[33m=[39m{s[33m.[39mdrawerMenuText}[33m>[39m{title}[33m<[39m[35m/Text>{trailing??<Ionicons name="chevron-forward" size={17} color={colors.gray300}/[39m[33m>[39m}[33m<[39m[33m/[39m[33mPressable[39m[33m>[39m[33m;[39m}[0m
Call Stack
  ChatDrawer (App.tsx:1554:5)
  ChatRoom (App.tsx:1177:5)
  AuthenticatedApp (App.tsx:375:33)
  App (App.tsx:202:10)
Web  ERROR  Unexpected text node:  . A text node cannot be a child of a <View>. 

Code: App.tsx
[0m [90m 1552 |[39m   [36mreturn[39m [33m<[39m[33mView[39m style[33m=[39m{s[33m.[39mdrawerLayer}[33m>[39m[33m<[39m[33mPressable[39m accessibilityLabel[33m=[39m[32m"채팅 메뉴 닫기"[39m onPress[33m=[39m{onClose} style[33m=[39m{s[33m.[39mdrawerDim}[33m/[39m[33m>[39m[33m<[39m[33mAnimated[39m[33m.[39m[33mView[39m style[33m=[39m{[s[33m.[39mchatDrawer[33m,[39m{transform[33m:[39m[{translateX[33m:[39mslide}]}]}[33m>[39m
 [90m 1553 |[39m     [33m<[39m[33mView[39m style[33m=[39m{s[33m.[39mdrawerProfile}[33m>[39m[33m<[39m[33mView[39m style[33m=[39m{s[33m.[39mdrawerAvatar}[33m>[39m[33m<[39m[33mDefaultAvatar[39m size[33m=[39m{[35m72[39m}[35m/><View style={s.editDot}><Ionicons name="pencil" size={12} color="#FFF"/[39m[33m>[39m[33m<[39m[33m/[39m[33mView[39m[33m>[39m[33m<[39m[33m/[39m[33mView[39m[33m>[39m[33m<[39m[33mText[39m style[33m=[39m{s[33m.[39mdrawerProfileName}[33m>[39m한걸음[33m<[39m[33m/[39m[33mText[39m[33m>[39m[33m<[39m[33mText[39m numberOfLines[33m=[39m{[35m2[39m} style[33m=[39m{s[33m.[39mdrawerProfileIntro}[33m>[39m자기 소개가 들어가는 공간입니다[33m.[39m 편안한 대화를 좋아해요[33m.[39m[33m<[39m[33m/[39m[33mText[39m[33m>[39m[33m<[39m[33m/[39m[33mView[39m[33m>[39m
[31m[1m>[22m[39m[90m 1554 |[39m     [33m<[39m[33mView[39m style[33m=[39m{s[33m.[39mchatDrawerMenu}[33m>[39m[33m<[39m[33mDrawerMenu[39m icon[33m=[39m[32m"notifications-outline"[39m title[33m=[39m[32m"알림 설정"[39m trailing[33m=[39m{[33m<[39m[33mSwitch[39m value[33m=[39m{notifications} onValueChange[33m=[39m{setNotifications} trackColor[33m=[39m{{[36mfalse[39m[33m:[39mcolors[33m.[39mgray200[33m,[39m[36mtrue[39m[33m:[39mcolors[33m.[39mmint300}}[35m/>}/[39m[33m>[39m{isStaff[33m&&[39m[33m<[39m[33mDrawerMenu[39m icon[33m=[39m[32m"person-add-outline"[39m title[33m=[39m[32m"가입 신청 목록"[39m onPress[33m=[39m{onApplications}[35m/>}<DrawerMenu icon="people-outline" title="멤버 관리" onPress={onOpenMembers}/[39m[33m>[39m[33m<[39m[33mDrawerMenu[39m icon[33m=[39m[32m"albums-outline"[39m title[33m=[39m[32m"스토리 보기"[39m onPress[33m=[39m{onStories}[35m/>{isOwner&&<DrawerMenu icon="lock-closed-outline" title="방 공개 설정" onPress={onRoomSettings}/[39m[33m>[39m} {isStaff[33m&&[39m[33m<[39m[33mDrawerMenu[39m icon[33m=[39m[32m"ban-outline"[39m title[33m=[39m[32m"차단 멤버 목록"[39m onPress[33m=[39m{onBlocked}[33m/[39m[33m>[39m} {isOwner[33m&&[39m[33m<[39m[33mPressable[39m onPress[33m=[39m{onDelete} style[33m=[39m{s[33m.[39mdeleteRoomLink}[33m>[39m[33m<[39m[33mText[39m style[33m=[39m{s[33m.[39mdeleteRoomText}[33m>[39m방 삭제하기[33m<[39m[33m/[39m[33mText[39m[33m>[39m[33m<[39m[33m/[39m[33mPressable[39m[33m>[39m}[33m<[39m[33m/[39m[33mView[39m[33m>[39m
 [90m      |[39m     [31m[1m^[22m[39m
 [90m 1555 |[39m   [33m<[39m[33m/[39m[33mAnimated[39m[33m.[39m[33mView[39m[33m>[39m[33m<[39m[33m/[39m[33mView[39m[33m>[39m[33m;[39m
 [90m 1556 |[39m }
 [90m 1557 |[39m [36mfunction[39m [33mDrawerMenu[39m({icon[33m,[39mtitle[33m,[39monPress[33m,[39mtrailing}[33m:[39m{icon[33m:[39m[33mIconName[39m[33m;[39mtitle[33m:[39mstring[33m;[39monPress[33m?[39m[33m:[39m()[33m=>[39m[36mvoid[39m[33m;[39mtrailing[33m?[39m[33m:[39m[33mReact[39m[33m.[39m[33mReactNode[39m}){[36mreturn[39m [33m<[39m[33mPressable[39m onPress[33m=[39m{onPress} disabled[33m=[39m{[33m![39monPress[33m&&[39m[33m![39mtrailing} style[33m=[39m{({pressed})[33m=>[39m[s[33m.[39mdrawerMenu[33m,[39mpressed[33m&&[39ms[33m.[39mpressed]}[33m>[39m[33m<[39m[33mIonicons[39m name[33m=[39m{icon} size[33m=[39m{[35m20[39m} color[33m=[39m{colors[33m.[39mtextSubtle}[33m/[39m[33m>[39m[33m<[39m[33mText[39m style[33m=[39m{s[33m.[39mdrawerMenuText}[33m>[39m{title}[33m<[39m[35m/Text>{trailing??<Ionicons name="chevron-forward" size={17} color={colors.gray300}/[39m[33m>[39m}[33m<[39m[33m/[39m[33mPressable[39m[33m>[39m[33m;[39m}[0m
Call Stack
  ChatDrawer (App.tsx:1554:5)
  ChatRoom (App.tsx:1177:5)
  AuthenticatedApp (App.tsx:375:33)
  App (App.tsx:202:10)
Web  ERROR  Unexpected text node:  . A text node cannot be a child of a <View>. 

Code: App.tsx
[0m [90m 1552 |[39m   [36mreturn[39m [33m<[39m[33mView[39m style[33m=[39m{s[33m.[39mdrawerLayer}[33m>[39m[33m<[39m[33mPressable[39m accessibilityLabel[33m=[39m[32m"채팅 메뉴 닫기"[39m onPress[33m=[39m{onClose} style[33m=[39m{s[33m.[39mdrawerDim}[33m/[39m[33m>[39m[33m<[39m[33mAnimated[39m[33m.[39m[33mView[39m style[33m=[39m{[s[33m.[39mchatDrawer[33m,[39m{transform[33m:[39m[{translateX[33m:[39mslide}]}]}[33m>[39m
 [90m 1553 |[39m     [33m<[39m[33mView[39m style[33m=[39m{s[33m.[39mdrawerProfile}[33m>[39m[33m<[39m[33mView[39m style[33m=[39m{s[33m.[39mdrawerAvatar}[33m>[39m[33m<[39m[33mDefaultAvatar[39m size[33m=[39m{[35m72[39m}[35m/><View style={s.editDot}><Ionicons name="pencil" size={12} color="#FFF"/[39m[33m>[39m[33m<[39m[33m/[39m[33mView[39m[33m>[39m[33m<[39m[33m/[39m[33mView[39m[33m>[39m[33m<[39m[33mText[39m style[33m=[39m{s[33m.[39mdrawerProfileName}[33m>[39m한걸음[33m<[39m[33m/[39m[33mText[39m[33m>[39m[33m<[39m[33mText[39m numberOfLines[33m=[39m{[35m2[39m} style[33m=[39m{s[33m.[39mdrawerProfileIntro}[33m>[39m자기 소개가 들어가는 공간입니다[33m.[39m 편안한 대화를 좋아해요[33m.[39m[33m<[39m[33m/[39m[33mText[39m[33m>[39m[33m<[39m[33m/[39m[33mView[39m[33m>[39m
[31m[1m>[22m[39m[90m 1554 |[39m     [33m<[39m[33mView[39m style[33m=[39m{s[33m.[39mchatDrawerMenu}[33m>[39m[33m<[39m[33mDrawerMenu[39m icon[33m=[39m[32m"notifications-outline"[39m title[33m=[39m[32m"알림 설정"[39m trailing[33m=[39m{[33m<[39m[33mSwitch[39m value[33m=[39m{notifications} onValueChange[33m=[39m{setNotifications} trackColor[33m=[39m{{[36mfalse[39m[33m:[39mcolors[33m.[39mgray200[33m,[39m[36mtrue[39m[33m:[39mcolors[33m.[39mmint300}}[35m/>}/[39m[33m>[39m{isStaff[33m&&[39m[33m<[39m[33mDrawerMenu[39m icon[33m=[39m[32m"person-add-outline"[39m title[33m=[39m[32m"가입 신청 목록"[39m onPress[33m=[39m{onApplications}[35m/>}<DrawerMenu icon="people-outline" title="멤버 관리" onPress={onOpenMembers}/[39m[33m>[39m[33m<[39m[33mDrawerMenu[39m icon[33m=[39m[32m"albums-outline"[39m title[33m=[39m[32m"스토리 보기"[39m onPress[33m=[39m{onStories}[35m/>{isOwner&&<DrawerMenu icon="lock-closed-outline" title="방 공개 설정" onPress={onRoomSettings}/[39m[33m>[39m} {isStaff[33m&&[39m[33m<[39m[33mDrawerMenu[39m icon[33m=[39m[32m"ban-outline"[39m title[33m=[39m[32m"차단 멤버 목록"[39m onPress[33m=[39m{onBlocked}[33m/[39m[33m>[39m} {isOwner[33m&&[39m[33m<[39m[33mPressable[39m onPress[33m=[39m{onDelete} style[33m=[39m{s[33m.[39mdeleteRoomLink}[33m>[39m[33m<[39m[33mText[39m style[33m=[39m{s[33m.[39mdeleteRoomText}[33m>[39m방 삭제하기[33m<[39m[33m/[39m[33mText[39m[33m>[39m[33m<[39m[33m/[39m[33mPressable[39m[33m>[39m}[33m<[39m[33m/[39m[33mView[39m[33m>[39m
 [90m      |[39m     [31m[1m^[22m[39m
 [90m 1555 |[39m   [33m<[39m[33m/[39m[33mAnimated[39m[33m.[39m[33mView[39m[33m>[39m[33m<[39m[33m/[39m[33mView[39m[33m>[39m[33m;[39m
 [90m 1556 |[39m }
 [90m 1557 |[39m [36mfunction[39m [33mDrawerMenu[39m({icon[33m,[39mtitle[33m,[39monPress[33m,[39mtrailing}[33m:[39m{icon[33m:[39m[33mIconName[39m[33m;[39mtitle[33m:[39mstring[33m;[39monPress[33m?[39m[33m:[39m()[33m=>[39m[36mvoid[39m[33m;[39mtrailing[33m?[39m[33m:[39m[33mReact[39m[33m.[39m[33mReactNode[39m}){[36mreturn[39m [33m<[39m[33mPressable[39m onPress[33m=[39m{onPress} disabled[33m=[39m{[33m![39monPress[33m&&[39m[33m![39mtrailing} style[33m=[39m{({pressed})[33m=>[39m[s[33m.[39mdrawerMenu[33m,[39mpressed[33m&&[39ms[33m.[39mpressed]}[33m>[39m[33m<[39m[33mIonicons[39m name[33m=[39m{icon} size[33m=[39m{[35m20[39m} color[33m=[39m{colors[33m.[39mtextSubtle}[33m/[39m[33m>[39m[33m<[39m[33mText[39m style[33m=[39m{s[33m.[39mdrawerMenuText}[33m>[39m{title}[33m<[39m[35m/Text>{trailing??<Ionicons name="chevron-forward" size={17} color={colors.gray300}/[39m[33m>[39m}[33m<[39m[33m/[39m[33mPressable[39m[33m>[39m[33m;[39m}[0m
Call Stack
  ChatDrawer (App.tsx:1554:5)
  ChatRoom (App.tsx:1177:5)
  AuthenticatedApp (App.tsx:375:33)
  App (App.tsx:202:10)
Web  ERROR  Unexpected text node:  . A text node cannot be a child of a <View>. 

Code: App.tsx
[0m [90m 1552 |[39m   [36mreturn[39m [33m<[39m[33mView[39m style[33m=[39m{s[33m.[39mdrawerLayer}[33m>[39m[33m<[39m[33mPressable[39m accessibilityLabel[33m=[39m[32m"채팅 메뉴 닫기"[39m onPress[33m=[39m{onClose} style[33m=[39m{s[33m.[39mdrawerDim}[33m/[39m[33m>[39m[33m<[39m[33mAnimated[39m[33m.[39m[33mView[39m style[33m=[39m{[s[33m.[39mchatDrawer[33m,[39m{transform[33m:[39m[{translateX[33m:[39mslide}]}]}[33m>[39m
 [90m 1553 |[39m     [33m<[39m[33mView[39m style[33m=[39m{s[33m.[39mdrawerProfile}[33m>[39m[33m<[39m[33mView[39m style[33m=[39m{s[33m.[39mdrawerAvatar}[33m>[39m[33m<[39m[33mDefaultAvatar[39m size[33m=[39m{[35m72[39m}[35m/><View style={s.editDot}><Ionicons name="pencil" size={12} color="#FFF"/[39m[33m>[39m[33m<[39m[33m/[39m[33mView[39m[33m>[39m[33m<[39m[33m/[39m[33mView[39m[33m>[39m[33m<[39m[33mText[39m style[33m=[39m{s[33m.[39mdrawerProfileName}[33m>[39m한걸음[33m<[39m[33m/[39m[33mText[39m[33m>[39m[33m<[39m[33mText[39m numberOfLines[33m=[39m{[35m2[39m} style[33m=[39m{s[33m.[39mdrawerProfileIntro}[33m>[39m자기 소개가 들어가는 공간입니다[33m.[39m 편안한 대화를 좋아해요[33m.[39m[33m<[39m[33m/[39m[33mText[39m[33m>[39m[33m<[39m[33m/[39m[33mView[39m[33m>[39m
[31m[1m>[22m[39m[90m 1554 |[39m     [33m<[39m[33mView[39m style[33m=[39m{s[33m.[39mchatDrawerMenu}[33m>[39m[33m<[39m[33mDrawerMenu[39m icon[33m=[39m[32m"notifications-outline"[39m title[33m=[39m[32m"알림 설정"[39m trailing[33m=[39m{[33m<[39m[33mSwitch[39m value[33m=[39m{notifications} onValueChange[33m=[39m{setNotifications} trackColor[33m=[39m{{[36mfalse[39m[33m:[39mcolors[33m.[39mgray200[33m,[39m[36mtrue[39m[33m:[39mcolors[33m.[39mmint300}}[35m/>}/[39m[33m>[39m{isStaff[33m&&[39m[33m<[39m[33mDrawerMenu[39m icon[33m=[39m[32m"person-add-outline"[39m title[33m=[39m[32m"가입 신청 목록"[39m onPress[33m=[39m{onApplications}[35m/>}<DrawerMenu icon="people-outline" title="멤버 관리" onPress={onOpenMembers}/[39m[33m>[39m[33m<[39m[33mDrawerMenu[39m icon[33m=[39m[32m"albums-outline"[39m title[33m=[39m[32m"스토리 보기"[39m onPress[33m=[39m{onStories}[35m/>{isOwner&&<DrawerMenu icon="lock-closed-outline" title="방 공개 설정" onPress={onRoomSettings}/[39m[33m>[39m} {isStaff[33m&&[39m[33m<[39m[33mDrawerMenu[39m icon[33m=[39m[32m"ban-outline"[39m title[33m=[39m[32m"차단 멤버 목록"[39m onPress[33m=[39m{onBlocked}[33m/[39m[33m>[39m} {isOwner[33m&&[39m[33m<[39m[33mPressable[39m onPress[33m=[39m{onDelete} style[33m=[39m{s[33m.[39mdeleteRoomLink}[33m>[39m[33m<[39m[33mText[39m style[33m=[39m{s[33m.[39mdeleteRoomText}[33m>[39m방 삭제하기[33m<[39m[33m/[39m[33mText[39m[33m>[39m[33m<[39m[33m/[39m[33mPressable[39m[33m>[39m}[33m<[39m[33m/[39m[33mView[39m[33m>[39m
 [90m      |[39m     [31m[1m^[22m[39m
 [90m 1555 |[39m   [33m<[39m[33m/[39m[33mAnimated[39m[33m.[39m[33mView[39m[33m>[39m[33m<[39m[33m/[39m[33mView[39m[33m>[39m[33m;[39m
 [90m 1556 |[39m }
 [90m 1557 |[39m [36mfunction[39m [33mDrawerMenu[39m({icon[33m,[39mtitle[33m,[39monPress[33m,[39mtrailing}[33m:[39m{icon[33m:[39m[33mIconName[39m[33m;[39mtitle[33m:[39mstring[33m;[39monPress[33m?[39m[33m:[39m()[33m=>[39m[36mvoid[39m[33m;[39mtrailing[33m?[39m[33m:[39m[33mReact[39m[33m.[39m[33mReactNode[39m}){[36mreturn[39m [33m<[39m[33mPressable[39m onPress[33m=[39m{onPress} disabled[33m=[39m{[33m![39monPress[33m&&[39m[33m![39mtrailing} style[33m=[39m{({pressed})[33m=>[39m[s[33m.[39mdrawerMenu[33m,[39mpressed[33m&&[39ms[33m.[39mpressed]}[33m>[39m[33m<[39m[33mIonicons[39m name[33m=[39m{icon} size[33m=[39m{[35m20[39m} color[33m=[39m{colors[33m.[39mtextSubtle}[33m/[39m[33m>[39m[33m<[39m[33mText[39m style[33m=[39m{s[33m.[39mdrawerMenuText}[33m>[39m{title}[33m<[39m[35m/Text>{trailing??<Ionicons name="chevron-forward" size={17} color={colors.gray300}/[39m[33m>[39m}[33m<[39m[33m/[39m[33mPressable[39m[33m>[39m[33m;[39m}[0m
Call Stack
  ChatDrawer (App.tsx:1554:5)
  ChatRoom (App.tsx:1177:5)
  AuthenticatedApp (App.tsx:375:33)
  App (App.tsx:202:10)
Web  ERROR  Unexpected text node:  . A text node cannot be a child of a <View>. 

Code: App.tsx
[0m [90m 1552 |[39m   [36mreturn[39m [33m<[39m[33mView[39m style[33m=[39m{s[33m.[39mdrawerLayer}[33m>[39m[33m<[39m[33mPressable[39m accessibilityLabel[33m=[39m[32m"채팅 메뉴 닫기"[39m onPress[33m=[39m{onClose} style[33m=[39m{s[33m.[39mdrawerDim}[33m/[39m[33m>[39m[33m<[39m[33mAnimated[39m[33m.[39m[33mView[39m style[33m=[39m{[s[33m.[39mchatDrawer[33m,[39m{transform[33m:[39m[{translateX[33m:[39mslide}]}]}[33m>[39m
 [90m 1553 |[39m     [33m<[39m[33mView[39m style[33m=[39m{s[33m.[39mdrawerProfile}[33m>[39m[33m<[39m[33mView[39m style[33m=[39m{s[33m.[39mdrawerAvatar}[33m>[39m[33m<[39m[33mDefaultAvatar[39m size[33m=[39m{[35m72[39m}[35m/><View style={s.editDot}><Ionicons name="pencil" size={12} color="#FFF"/[39m[33m>[39m[33m<[39m[33m/[39m[33mView[39m[33m>[39m[33m<[39m[33m/[39m[33mView[39m[33m>[39m[33m<[39m[33mText[39m style[33m=[39m{s[33m.[39mdrawerProfileName}[33m>[39m한걸음[33m<[39m[33m/[39m[33mText[39m[33m>[39m[33m<[39m[33mText[39m numberOfLines[33m=[39m{[35m2[39m} style[33m=[39m{s[33m.[39mdrawerProfileIntro}[33m>[39m자기 소개가 들어가는 공간입니다[33m.[39m 편안한 대화를 좋아해요[33m.[39m[33m<[39m[33m/[39m[33mText[39m[33m>[39m[33m<[39m[33m/[39m[33mView[39m[33m>[39m
[31m[1m>[22m[39m[90m 1554 |[39m     [33m<[39m[33mView[39m style[33m=[39m{s[33m.[39mchatDrawerMenu}[33m>[39m[33m<[39m[33mDrawerMenu[39m icon[33m=[39m[32m"notifications-outline"[39m title[33m=[39m[32m"알림 설정"[39m trailing[33m=[39m{[33m<[39m[33mSwitch[39m value[33m=[39m{notifications} onValueChange[33m=[39m{setNotifications} trackColor[33m=[39m{{[36mfalse[39m[33m:[39mcolors[33m.[39mgray200[33m,[39m[36mtrue[39m[33m:[39mcolors[33m.[39mmint300}}[35m/>}/[39m[33m>[39m{isStaff[33m&&[39m[33m<[39m[33mDrawerMenu[39m icon[33m=[39m[32m"person-add-outline"[39m title[33m=[39m[32m"가입 신청 목록"[39m onPress[33m=[39m{onApplications}[35m/>}<DrawerMenu icon="people-outline" title="멤버 관리" onPress={onOpenMembers}/[39m[33m>[39m[33m<[39m[33mDrawerMenu[39m icon[33m=[39m[32m"albums-outline"[39m title[33m=[39m[32m"스토리 보기"[39m onPress[33m=[39m{onStories}[35m/>{isOwner&&<DrawerMenu icon="lock-closed-outline" title="방 공개 설정" onPress={onRoomSettings}/[39m[33m>[39m} {isStaff[33m&&[39m[33m<[39m[33mDrawerMenu[39m icon[33m=[39m[32m"ban-outline"[39m title[33m=[39m[32m"차단 멤버 목록"[39m onPress[33m=[39m{onBlocked}[33m/[39m[33m>[39m} {isOwner[33m&&[39m[33m<[39m[33mPressable[39m onPress[33m=[39m{onDelete} style[33m=[39m{s[33m.[39mdeleteRoomLink}[33m>[39m[33m<[39m[33mText[39m style[33m=[39m{s[33m.[39mdeleteRoomText}[33m>[39m방 삭제하기[33m<[39m[33m/[39m[33mText[39m[33m>[39m[33m<[39m[33m/[39m[33mPressable[39m[33m>[39m}[33m<[39m[33m/[39m[33mView[39m[33m>[39m
 [90m      |[39m     [31m[1m^[22m[39m
 [90m 1555 |[39m   [33m<[39m[33m/[39m[33mAnimated[39m[33m.[39m[33mView[39m[33m>[39m[33m<[39m[33m/[39m[33mView[39m[33m>[39m[33m;[39m
 [90m 1556 |[39m }
 [90m 1557 |[39m [36mfunction[39m [33mDrawerMenu[39m({icon[33m,[39mtitle[33m,[39monPress[33m,[39mtrailing}[33m:[39m{icon[33m:[39m[33mIconName[39m[33m;[39mtitle[33m:[39mstring[33m;[39monPress[33m?[39m[33m:[39m()[33m=>[39m[36mvoid[39m[33m;[39mtrailing[33m?[39m[33m:[39m[33mReact[39m[33m.[39m[33mReactNode[39m}){[36mreturn[39m [33m<[39m[33mPressable[39m onPress[33m=[39m{onPress} disabled[33m=[39m{[33m![39monPress[33m&&[39m[33m![39mtrailing} style[33m=[39m{({pressed})[33m=>[39m[s[33m.[39mdrawerMenu[33m,[39mpressed[33m&&[39ms[33m.[39mpressed]}[33m>[39m[33m<[39m[33mIonicons[39m name[33m=[39m{icon} size[33m=[39m{[35m20[39m} color[33m=[39m{colors[33m.[39mtextSubtle}[33m/[39m[33m>[39m[33m<[39m[33mText[39m style[33m=[39m{s[33m.[39mdrawerMenuText}[33m>[39m{title}[33m<[39m[35m/Text>{trailing??<Ionicons name="chevron-forward" size={17} color={colors.gray300}/[39m[33m>[39m}[33m<[39m[33m/[39m[33mPressable[39m[33m>[39m[33m;[39m}[0m
Call Stack
  ChatDrawer (App.tsx:1554:5)
  ChatRoom (App.tsx:1177:5)
  AuthenticatedApp (App.tsx:375:33)
  App (App.tsx:202:10)
Web  ERROR  Unexpected text node:  . A text node cannot be a child of a <View>. 

Code: App.tsx
[0m [90m 1552 |[39m   [36mreturn[39m [33m<[39m[33mView[39m style[33m=[39m{s[33m.[39mdrawerLayer}[33m>[39m[33m<[39m[33mPressable[39m accessibilityLabel[33m=[39m[32m"채팅 메뉴 닫기"[39m onPress[33m=[39m{onClose} style[33m=[39m{s[33m.[39mdrawerDim}[33m/[39m[33m>[39m[33m<[39m[33mAnimated[39m[33m.[39m[33mView[39m style[33m=[39m{[s[33m.[39mchatDrawer[33m,[39m{transform[33m:[39m[{translateX[33m:[39mslide}]}]}[33m>[39m
 [90m 1553 |[39m     [33m<[39m[33mView[39m style[33m=[39m{s[33m.[39mdrawerProfile}[33m>[39m[33m<[39m[33mView[39m style[33m=[39m{s[33m.[39mdrawerAvatar}[33m>[39m[33m<[39m[33mDefaultAvatar[39m size[33m=[39m{[35m72[39m}[35m/><View style={s.editDot}><Ionicons name="pencil" size={12} color="#FFF"/[39m[33m>[39m[33m<[39m[33m/[39m[33mView[39m[33m>[39m[33m<[39m[33m/[39m[33mView[39m[33m>[39m[33m<[39m[33mText[39m style[33m=[39m{s[33m.[39mdrawerProfileName}[33m>[39m한걸음[33m<[39m[33m/[39m[33mText[39m[33m>[39m[33m<[39m[33mText[39m numberOfLines[33m=[39m{[35m2[39m} style[33m=[39m{s[33m.[39mdrawerProfileIntro}[33m>[39m자기 소개가 들어가는 공간입니다[33m.[39m 편안한 대화를 좋아해요[33m.[39m[33m<[39m[33m/[39m[33mText[39m[33m>[39m[33m<[39m[33m/[39m[33mView[39m[33m>[39m
[31m[1m>[22m[39m[90m 1554 |[39m     [33m<[39m[33mView[39m style[33m=[39m{s[33m.[39mchatDrawerMenu}[33m>[39m[33m<[39m[33mDrawerMenu[39m icon[33m=[39m[32m"notifications-outline"[39m title[33m=[39m[32m"알림 설정"[39m trailing[33m=[39m{[33m<[39m[33mSwitch[39m value[33m=[39m{notifications} onValueChange[33m=[39m{setNotifications} trackColor[33m=[39m{{[36mfalse[39m[33m:[39mcolors[33m.[39mgray200[33m,[39m[36mtrue[39m[33m:[39mcolors[33m.[39mmint300}}[35m/>}/[39m[33m>[39m{isStaff[33m&&[39m[33m<[39m[33mDrawerMenu[39m icon[33m=[39m[32m"person-add-outline"[39m title[33m=[39m[32m"가입 신청 목록"[39m onPress[33m=[39m{onApplications}[35m/>}<DrawerMenu icon="people-outline" title="멤버 관리" onPress={onOpenMembers}/[39m[33m>[39m[33m<[39m[33mDrawerMenu[39m icon[33m=[39m[32m"albums-outline"[39m title[33m=[39m[32m"스토리 보기"[39m onPress[33m=[39m{onStories}[35m/>{isOwner&&<DrawerMenu icon="lock-closed-outline" title="방 공개 설정" onPress={onRoomSettings}/[39m[33m>[39m} {isStaff[33m&&[39m[33m<[39m[33mDrawerMenu[39m icon[33m=[39m[32m"ban-outline"[39m title[33m=[39m[32m"차단 멤버 목록"[39m onPress[33m=[39m{onBlocked}[33m/[39m[33m>[39m} {isOwner[33m&&[39m[33m<[39m[33mPressable[39m onPress[33m=[39m{onDelete} style[33m=[39m{s[33m.[39mdeleteRoomLink}[33m>[39m[33m<[39m[33mText[39m style[33m=[39m{s[33m.[39mdeleteRoomText}[33m>[39m방 삭제하기[33m<[39m[33m/[39m[33mText[39m[33m>[39m[33m<[39m[33m/[39m[33mPressable[39m[33m>[39m}[33m<[39m[33m/[39m[33mView[39m[33m>[39m
 [90m      |[39m     [31m[1m^[22m[39m
 [90m 1555 |[39m   [33m<[39m[33m/[39m[33mAnimated[39m[33m.[39m[33mView[39m[33m>[39m[33m<[39m[33m/[39m[33mView[39m[33m>[39m[33m;[39m
 [90m 1556 |[39m }
 [90m 1557 |[39m [36mfunction[39m [33mDrawerMenu[39m({icon[33m,[39mtitle[33m,[39monPress[33m,[39mtrailing}[33m:[39m{icon[33m:[39m[33mIconName[39m[33m;[39mtitle[33m:[39mstring[33m;[39monPress[33m?[39m[33m:[39m()[33m=>[39m[36mvoid[39m[33m;[39mtrailing[33m?[39m[33m:[39m[33mReact[39m[33m.[39m[33mReactNode[39m}){[36mreturn[39m [33m<[39m[33mPressable[39m onPress[33m=[39m{onPress} disabled[33m=[39m{[33m![39monPress[33m&&[39m[33m![39mtrailing} style[33m=[39m{({pressed})[33m=>[39m[s[33m.[39mdrawerMenu[33m,[39mpressed[33m&&[39ms[33m.[39mpressed]}[33m>[39m[33m<[39m[33mIonicons[39m name[33m=[39m{icon} size[33m=[39m{[35m20[39m} color[33m=[39m{colors[33m.[39mtextSubtle}[33m/[39m[33m>[39m[33m<[39m[33mText[39m style[33m=[39m{s[33m.[39mdrawerMenuText}[33m>[39m{title}[33m<[39m[35m/Text>{trailing??<Ionicons name="chevron-forward" size={17} color={colors.gray300}/[39m[33m>[39m}[33m<[39m[33m/[39m[33mPressable[39m[33m>[39m[33m;[39m}[0m
Call Stack
  ChatDrawer (App.tsx:1554:5)
  ChatRoom (App.tsx:1177:5)
  AuthenticatedApp (App.tsx:375:33)
  App (App.tsx:202:10)
Web  ERROR  Unexpected text node:  . A text node cannot be a child of a <View>. 

Code: App.tsx
[0m [90m 1552 |[39m   [36mreturn[39m [33m<[39m[33mView[39m style[33m=[39m{s[33m.[39mdrawerLayer}[33m>[39m[33m<[39m[33mPressable[39m accessibilityLabel[33m=[39m[32m"채팅 메뉴 닫기"[39m onPress[33m=[39m{onClose} style[33m=[39m{s[33m.[39mdrawerDim}[33m/[39m[33m>[39m[33m<[39m[33mAnimated[39m[33m.[39m[33mView[39m style[33m=[39m{[s[33m.[39mchatDrawer[33m,[39m{transform[33m:[39m[{translateX[33m:[39mslide}]}]}[33m>[39m
 [90m 1553 |[39m     [33m<[39m[33mView[39m style[33m=[39m{s[33m.[39mdrawerProfile}[33m>[39m[33m<[39m[33mView[39m style[33m=[39m{s[33m.[39mdrawerAvatar}[33m>[39m[33m<[39m[33mDefaultAvatar[39m size[33m=[39m{[35m72[39m}[35m/><View style={s.editDot}><Ionicons name="pencil" size={12} color="#FFF"/[39m[33m>[39m[33m<[39m[33m/[39m[33mView[39m[33m>[39m[33m<[39m[33m/[39m[33mView[39m[33m>[39m[33m<[39m[33mText[39m style[33m=[39m{s[33m.[39mdrawerProfileName}[33m>[39m한걸음[33m<[39m[33m/[39m[33mText[39m[33m>[39m[33m<[39m[33mText[39m numberOfLines[33m=[39m{[35m2[39m} style[33m=[39m{s[33m.[39mdrawerProfileIntro}[33m>[39m자기 소개가 들어가는 공간입니다[33m.[39m 편안한 대화를 좋아해요[33m.[39m[33m<[39m[33m/[39m[33mText[39m[33m>[39m[33m<[39m[33m/[39m[33mView[39m[33m>[39m
[31m[1m>[22m[39m[90m 1554 |[39m     [33m<[39m[33mView[39m style[33m=[39m{s[33m.[39mchatDrawerMenu}[33m>[39m[33m<[39m[33mDrawerMenu[39m icon[33m=[39m[32m"notifications-outline"[39m title[33m=[39m[32m"알림 설정"[39m trailing[33m=[39m{[33m<[39m[33mSwitch[39m value[33m=[39m{notifications} onValueChange[33m=[39m{setNotifications} trackColor[33m=[39m{{[36mfalse[39m[33m:[39mcolors[33m.[39mgray200[33m,[39m[36mtrue[39m[33m:[39mcolors[33m.[39mmint300}}[35m/>}/[39m[33m>[39m{isStaff[33m&&[39m[33m<[39m[33mDrawerMenu[39m icon[33m=[39m[32m"person-add-outline"[39m title[33m=[39m[32m"가입 신청 목록"[39m onPress[33m=[39m{onApplications}[35m/>}<DrawerMenu icon="people-outline" title="멤버 관리" onPress={onOpenMembers}/[39m[33m>[39m[33m<[39m[33mDrawerMenu[39m icon[33m=[39m[32m"albums-outline"[39m title[33m=[39m[32m"스토리 보기"[39m onPress[33m=[39m{onStories}[35m/>{isOwner&&<DrawerMenu icon="lock-closed-outline" title="방 공개 설정" onPress={onRoomSettings}/[39m[33m>[39m} {isStaff[33m&&[39m[33m<[39m[33mDrawerMenu[39m icon[33m=[39m[32m"ban-outline"[39m title[33m=[39m[32m"차단 멤버 목록"[39m onPress[33m=[39m{onBlocked}[33m/[39m[33m>[39m} {isOwner[33m&&[39m[33m<[39m[33mPressable[39m onPress[33m=[39m{onDelete} style[33m=[39m{s[33m.[39mdeleteRoomLink}[33m>[39m[33m<[39m[33mText[39m style[33m=[39m{s[33m.[39mdeleteRoomText}[33m>[39m방 삭제하기[33m<[39m[33m/[39m[33mText[39m[33m>[39m[33m<[39m[33m/[39m[33mPressable[39m[33m>[39m}[33m<[39m[33m/[39m[33mView[39m[33m>[39m
 [90m      |[39m     [31m[1m^[22m[39m
 [90m 1555 |[39m   [33m<[39m[33m/[39m[33mAnimated[39m[33m.[39m[33mView[39m[33m>[39m[33m<[39m[33m/[39m[33mView[39m[33m>[39m[33m;[39m
 [90m 1556 |[39m }
 [90m 1557 |[39m [36mfunction[39m [33mDrawerMenu[39m({icon[33m,[39mtitle[33m,[39monPress[33m,[39mtrailing}[33m:[39m{icon[33m:[39m[33mIconName[39m[33m;[39mtitle[33m:[39mstring[33m;[39monPress[33m?[39m[33m:[39m()[33m=>[39m[36mvoid[39m[33m;[39mtrailing[33m?[39m[33m:[39m[33mReact[39m[33m.[39m[33mReactNode[39m}){[36mreturn[39m [33m<[39m[33mPressable[39m onPress[33m=[39m{onPress} disabled[33m=[39m{[33m![39monPress[33m&&[39m[33m![39mtrailing} style[33m=[39m{({pressed})[33m=>[39m[s[33m.[39mdrawerMenu[33m,[39mpressed[33m&&[39ms[33m.[39mpressed]}[33m>[39m[33m<[39m[33mIonicons[39m name[33m=[39m{icon} size[33m=[39m{[35m20[39m} color[33m=[39m{colors[33m.[39mtextSubtle}[33m/[39m[33m>[39m[33m<[39m[33mText[39m style[33m=[39m{s[33m.[39mdrawerMenuText}[33m>[39m{title}[33m<[39m[35m/Text>{trailing??<Ionicons name="chevron-forward" size={17} color={colors.gray300}/[39m[33m>[39m}[33m<[39m[33m/[39m[33mPressable[39m[33m>[39m[33m;[39m}[0m
Call Stack
  ChatDrawer (App.tsx:1554:5)
  ChatRoom (App.tsx:1177:5)
  AuthenticatedApp (App.tsx:375:33)
  App (App.tsx:202:10)
Web  ERROR  Unexpected text node:  . A text node cannot be a child of a <View>. 

Code: App.tsx
[0m [90m 1552 |[39m   [36mreturn[39m [33m<[39m[33mView[39m style[33m=[39m{s[33m.[39mdrawerLayer}[33m>[39m[33m<[39m[33mPressable[39m accessibilityLabel[33m=[39m[32m"채팅 메뉴 닫기"[39m onPress[33m=[39m{onClose} style[33m=[39m{s[33m.[39mdrawerDim}[33m/[39m[33m>[39m[33m<[39m[33mAnimated[39m[33m.[39m[33mView[39m style[33m=[39m{[s[33m.[39mchatDrawer[33m,[39m{transform[33m:[39m[{translateX[33m:[39mslide}]}]}[33m>[39m
 [90m 1553 |[39m     [33m<[39m[33mView[39m style[33m=[39m{s[33m.[39mdrawerProfile}[33m>[39m[33m<[39m[33mView[39m style[33m=[39m{s[33m.[39mdrawerAvatar}[33m>[39m[33m<[39m[33mDefaultAvatar[39m size[33m=[39m{[35m72[39m}[35m/><View style={s.editDot}><Ionicons name="pencil" size={12} color="#FFF"/[39m[33m>[39m[33m<[39m[33m/[39m[33mView[39m[33m>[39m[33m<[39m[33m/[39m[33mView[39m[33m>[39m[33m<[39m[33mText[39m style[33m=[39m{s[33m.[39mdrawerProfileName}[33m>[39m한걸음[33m<[39m[33m/[39m[33mText[39m[33m>[39m[33m<[39m[33mText[39m numberOfLines[33m=[39m{[35m2[39m} style[33m=[39m{s[33m.[39mdrawerProfileIntro}[33m>[39m자기 소개가 들어가는 공간입니다[33m.[39m 편안한 대화를 좋아해요[33m.[39m[33m<[39m[33m/[39m[33mText[39m[33m>[39m[33m<[39m[33m/[39m[33mView[39m[33m>[39m
[31m[1m>[22m[39m[90m 1554 |[39m     [33m<[39m[33mView[39m style[33m=[39m{s[33m.[39mchatDrawerMenu}[33m>[39m[33m<[39m[33mDrawerMenu[39m icon[33m=[39m[32m"notifications-outline"[39m title[33m=[39m[32m"알림 설정"[39m trailing[33m=[39m{[33m<[39m[33mSwitch[39m value[33m=[39m{notifications} onValueChange[33m=[39m{setNotifications} trackColor[33m=[39m{{[36mfalse[39m[33m:[39mcolors[33m.[39mgray200[33m,[39m[36mtrue[39m[33m:[39mcolors[33m.[39mmint300}}[35m/>}/[39m[33m>[39m{isStaff[33m&&[39m[33m<[39m[33mDrawerMenu[39m icon[33m=[39m[32m"person-add-outline"[39m title[33m=[39m[32m"가입 신청 목록"[39m onPress[33m=[39m{onApplications}[35m/>}<DrawerMenu icon="people-outline" title="멤버 관리" onPress={onOpenMembers}/[39m[33m>[39m[33m<[39m[33mDrawerMenu[39m icon[33m=[39m[32m"albums-outline"[39m title[33m=[39m[32m"스토리 보기"[39m onPress[33m=[39m{onStories}[35m/>{isOwner&&<DrawerMenu icon="lock-closed-outline" title="방 공개 설정" onPress={onRoomSettings}/[39m[33m>[39m} {isStaff[33m&&[39m[33m<[39m[33mDrawerMenu[39m icon[33m=[39m[32m"ban-outline"[39m title[33m=[39m[32m"차단 멤버 목록"[39m onPress[33m=[39m{onBlocked}[33m/[39m[33m>[39m} {isOwner[33m&&[39m[33m<[39m[33mPressable[39m onPress[33m=[39m{onDelete} style[33m=[39m{s[33m.[39mdeleteRoomLink}[33m>[39m[33m<[39m[33mText[39m style[33m=[39m{s[33m.[39mdeleteRoomText}[33m>[39m방 삭제하기[33m<[39m[33m/[39m[33mText[39m[33m>[39m[33m<[39m[33m/[39m[33mPressable[39m[33m>[39m}[33m<[39m[33m/[39m[33mView[39m[33m>[39m
 [90m      |[39m     [31m[1m^[22m[39m
 [90m 1555 |[39m   [33m<[39m[33m/[39m[33mAnimated[39m[33m.[39m[33mView[39m[33m>[39m[33m<[39m[33m/[39m[33mView[39m[33m>[39m[33m;[39m
 [90m 1556 |[39m }
 [90m 1557 |[39m [36mfunction[39m [33mDrawerMenu[39m({icon[33m,[39mtitle[33m,[39monPress[33m,[39mtrailing}[33m:[39m{icon[33m:[39m[33mIconName[39m[33m;[39mtitle[33m:[39mstring[33m;[39monPress[33m?[39m[33m:[39m()[33m=>[39m[36mvoid[39m[33m;[39mtrailing[33m?[39m[33m:[39m[33mReact[39m[33m.[39m[33mReactNode[39m}){[36mreturn[39m [33m<[39m[33mPressable[39m onPress[33m=[39m{onPress} disabled[33m=[39m{[33m![39monPress[33m&&[39m[33m![39mtrailing} style[33m=[39m{({pressed})[33m=>[39m[s[33m.[39mdrawerMenu[33m,[39mpressed[33m&&[39ms[33m.[39mpressed]}[33m>[39m[33m<[39m[33mIonicons[39m name[33m=[39m{icon} size[33m=[39m{[35m20[39m} color[33m=[39m{colors[33m.[39mtextSubtle}[33m/[39m[33m>[39m[33m<[39m[33mText[39m style[33m=[39m{s[33m.[39mdrawerMenuText}[33m>[39m{title}[33m<[39m[35m/Text>{trailing??<Ionicons name="chevron-forward" size={17} color={colors.gray300}/[39m[33m>[39m}[33m<[39m[33m/[39m[33mPressable[39m[33m>[39m[33m;[39m}[0m
Call Stack
  ChatDrawer (App.tsx:1554:5)
  ChatRoom (App.tsx:1177:5)
  AuthenticatedApp (App.tsx:375:33)
  App (App.tsx:202:10)
Web  ERROR  Unexpected text node:  . A text node cannot be a child of a <View>. 

Code: App.tsx
[0m [90m 1552 |[39m   [36mreturn[39m [33m<[39m[33mView[39m style[33m=[39m{s[33m.[39mdrawerLayer}[33m>[39m[33m<[39m[33mPressable[39m accessibilityLabel[33m=[39m[32m"채팅 메뉴 닫기"[39m onPress[33m=[39m{onClose} style[33m=[39m{s[33m.[39mdrawerDim}[33m/[39m[33m>[39m[33m<[39m[33mAnimated[39m[33m.[39m[33mView[39m style[33m=[39m{[s[33m.[39mchatDrawer[33m,[39m{transform[33m:[39m[{translateX[33m:[39mslide}]}]}[33m>[39m
 [90m 1553 |[39m     [33m<[39m[33mView[39m style[33m=[39m{s[33m.[39mdrawerProfile}[33m>[39m[33m<[39m[33mView[39m style[33m=[39m{s[33m.[39mdrawerAvatar}[33m>[39m[33m<[39m[33mDefaultAvatar[39m size[33m=[39m{[35m72[39m}[35m/><View style={s.editDot}><Ionicons name="pencil" size={12} color="#FFF"/[39m[33m>[39m[33m<[39m[33m/[39m[33mView[39m[33m>[39m[33m<[39m[33m/[39m[33mView[39m[33m>[39m[33m<[39m[33mText[39m style[33m=[39m{s[33m.[39mdrawerProfileName}[33m>[39m한걸음[33m<[39m[33m/[39m[33mText[39m[33m>[39m[33m<[39m[33mText[39m numberOfLines[33m=[39m{[35m2[39m} style[33m=[39m{s[33m.[39mdrawerProfileIntro}[33m>[39m자기 소개가 들어가는 공간입니다[33m.[39m 편안한 대화를 좋아해요[33m.[39m[33m<[39m[33m/[39m[33mText[39m[33m>[39m[33m<[39m[33m/[39m[33mView[39m[33m>[39m
[31m[1m>[22m[39m[90m 1554 |[39m     [33m<[39m[33mView[39m style[33m=[39m{s[33m.[39mchatDrawerMenu}[33m>[39m[33m<[39m[33mDrawerMenu[39m icon[33m=[39m[32m"notifications-outline"[39m title[33m=[39m[32m"알림 설정"[39m trailing[33m=[39m{[33m<[39m[33mSwitch[39m value[33m=[39m{notifications} onValueChange[33m=[39m{setNotifications} trackColor[33m=[39m{{[36mfalse[39m[33m:[39mcolors[33m.[39mgray200[33m,[39m[36mtrue[39m[33m:[39mcolors[33m.[39mmint300}}[35m/>}/[39m[33m>[39m{isStaff[33m&&[39m[33m<[39m[33mDrawerMenu[39m icon[33m=[39m[32m"person-add-outline"[39m title[33m=[39m[32m"가입 신청 목록"[39m onPress[33m=[39m{onApplications}[35m/>}<DrawerMenu icon="people-outline" title="멤버 관리" onPress={onOpenMembers}/[39m[33m>[39m[33m<[39m[33mDrawerMenu[39m icon[33m=[39m[32m"albums-outline"[39m title[33m=[39m[32m"스토리 보기"[39m onPress[33m=[39m{onStories}[35m/>{isOwner&&<DrawerMenu icon="lock-closed-outline" title="방 공개 설정" onPress={onRoomSettings}/[39m[33m>[39m} {isStaff[33m&&[39m[33m<[39m[33mDrawerMenu[39m icon[33m=[39m[32m"ban-outline"[39m title[33m=[39m[32m"차단 멤버 목록"[39m onPress[33m=[39m{onBlocked}[33m/[39m[33m>[39m} {isOwner[33m&&[39m[33m<[39m[33mPressable[39m onPress[33m=[39m{onDelete} style[33m=[39m{s[33m.[39mdeleteRoomLink}[33m>[39m[33m<[39m[33mText[39m style[33m=[39m{s[33m.[39mdeleteRoomText}[33m>[39m방 삭제하기[33m<[39m[33m/[39m[33mText[39m[33m>[39m[33m<[39m[33m/[39m[33mPressable[39m[33m>[39m}[33m<[39m[33m/[39m[33mView[39m[33m>[39m
 [90m      |[39m     [31m[1m^[22m[39m
 [90m 1555 |[39m   [33m<[39m[33m/[39m[33mAnimated[39m[33m.[39m[33mView[39m[33m>[39m[33m<[39m[33m/[39m[33mView[39m[33m>[39m[33m;[39m
 [90m 1556 |[39m }
 [90m 1557 |[39m [36mfunction[39m [33mDrawerMenu[39m({icon[33m,[39mtitle[33m,[39monPress[33m,[39mtrailing}[33m:[39m{icon[33m:[39m[33mIconName[39m[33m;[39mtitle[33m:[39mstring[33m;[39monPress[33m?[39m[33m:[39m()[33m=>[39m[36mvoid[39m[33m;[39mtrailing[33m?[39m[33m:[39m[33mReact[39m[33m.[39m[33mReactNode[39m}){[36mreturn[39m [33m<[39m[33mPressable[39m onPress[33m=[39m{onPress} disabled[33m=[39m{[33m![39monPress[33m&&[39m[33m![39mtrailing} style[33m=[39m{({pressed})[33m=>[39m[s[33m.[39mdrawerMenu[33m,[39mpressed[33m&&[39ms[33m.[39mpressed]}[33m>[39m[33m<[39m[33mIonicons[39m name[33m=[39m{icon} size[33m=[39m{[35m20[39m} color[33m=[39m{colors[33m.[39mtextSubtle}[33m/[39m[33m>[39m[33m<[39m[33mText[39m style[33m=[39m{s[33m.[39mdrawerMenuText}[33m>[39m{title}[33m<[39m[35m/Text>{trailing??<Ionicons name="chevron-forward" size={17} color={colors.gray300}/[39m[33m>[39m}[33m<[39m[33m/[39m[33mPressable[39m[33m>[39m[33m;[39m}[0m
Call Stack
  ChatDrawer (App.tsx:1554:5)
  ChatRoom (App.tsx:1177:5)
  AuthenticatedApp (App.tsx:375:33)
  App (App.tsx:202:10)
Web  ERROR  Unexpected text node:  . A text node cannot be a child of a <View>. 

Code: App.tsx
[0m [90m 1552 |[39m   [36mreturn[39m [33m<[39m[33mView[39m style[33m=[39m{s[33m.[39mdrawerLayer}[33m>[39m[33m<[39m[33mPressable[39m accessibilityLabel[33m=[39m[32m"채팅 메뉴 닫기"[39m onPress[33m=[39m{onClose} style[33m=[39m{s[33m.[39mdrawerDim}[33m/[39m[33m>[39m[33m<[39m[33mAnimated[39m[33m.[39m[33mView[39m style[33m=[39m{[s[33m.[39mchatDrawer[33m,[39m{transform[33m:[39m[{translateX[33m:[39mslide}]}]}[33m>[39m
 [90m 1553 |[39m     [33m<[39m[33mView[39m style[33m=[39m{s[33m.[39mdrawerProfile}[33m>[39m[33m<[39m[33mView[39m style[33m=[39m{s[33m.[39mdrawerAvatar}[33m>[39m[33m<[39m[33mDefaultAvatar[39m size[33m=[39m{[35m72[39m}[35m/><View style={s.editDot}><Ionicons name="pencil" size={12} color="#FFF"/[39m[33m>[39m[33m<[39m[33m/[39m[33mView[39m[33m>[39m[33m<[39m[33m/[39m[33mView[39m[33m>[39m[33m<[39m[33mText[39m style[33m=[39m{s[33m.[39mdrawerProfileName}[33m>[39m한걸음[33m<[39m[33m/[39m[33mText[39m[33m>[39m[33m<[39m[33mText[39m numberOfLines[33m=[39m{[35m2[39m} style[33m=[39m{s[33m.[39mdrawerProfileIntro}[33m>[39m자기 소개가 들어가는 공간입니다[33m.[39m 편안한 대화를 좋아해요[33m.[39m[33m<[39m[33m/[39m[33mText[39m[33m>[39m[33m<[39m[33m/[39m[33mView[39m[33m>[39m
[31m[1m>[22m[39m[90m 1554 |[39m     [33m<[39m[33mView[39m style[33m=[39m{s[33m.[39mchatDrawerMenu}[33m>[39m[33m<[39m[33mDrawerMenu[39m icon[33m=[39m[32m"notifications-outline"[39m title[33m=[39m[32m"알림 설정"[39m trailing[33m=[39m{[33m<[39m[33mSwitch[39m value[33m=[39m{notifications} onValueChange[33m=[39m{setNotifications} trackColor[33m=[39m{{[36mfalse[39m[33m:[39mcolors[33m.[39mgray200[33m,[39m[36mtrue[39m[33m:[39mcolors[33m.[39mmint300}}[35m/>}/[39m[33m>[39m{isStaff[33m&&[39m[33m<[39m[33mDrawerMenu[39m icon[33m=[39m[32m"person-add-outline"[39m title[33m=[39m[32m"가입 신청 목록"[39m onPress[33m=[39m{onApplications}[35m/>}<DrawerMenu icon="people-outline" title="멤버 관리" onPress={onOpenMembers}/[39m[33m>[39m[33m<[39m[33mDrawerMenu[39m icon[33m=[39m[32m"albums-outline"[39m title[33m=[39m[32m"스토리 보기"[39m onPress[33m=[39m{onStories}[35m/>{isOwner&&<DrawerMenu icon="lock-closed-outline" title="방 공개 설정" onPress={onRoomSettings}/[39m[33m>[39m} {isStaff[33m&&[39m[33m<[39m[33mDrawerMenu[39m icon[33m=[39m[32m"ban-outline"[39m title[33m=[39m[32m"차단 멤버 목록"[39m onPress[33m=[39m{onBlocked}[33m/[39m[33m>[39m} {isOwner[33m&&[39m[33m<[39m[33mPressable[39m onPress[33m=[39m{onDelete} style[33m=[39m{s[33m.[39mdeleteRoomLink}[33m>[39m[33m<[39m[33mText[39m style[33m=[39m{s[33m.[39mdeleteRoomText}[33m>[39m방 삭제하기[33m<[39m[33m/[39m[33mText[39m[33m>[39m[33m<[39m[33m/[39m[33mPressable[39m[33m>[39m}[33m<[39m[33m/[39m[33mView[39m[33m>[39m
 [90m      |[39m     [31m[1m^[22m[39m
 [90m 1555 |[39m   [33m<[39m[33m/[39m[33mAnimated[39m[33m.[39m[33mView[39m[33m>[39m[33m<[39m[33m/[39m[33mView[39m[33m>[39m[33m;[39m
 [90m 1556 |[39m }
 [90m 1557 |[39m [36mfunction[39m [33mDrawerMenu[39m({icon[33m,[39mtitle[33m,[39monPress[33m,[39mtrailing}[33m:[39m{icon[33m:[39m[33mIconName[39m[33m;[39mtitle[33m:[39mstring[33m;[39monPress[33m?[39m[33m:[39m()[33m=>[39m[36mvoid[39m[33m;[39mtrailing[33m?[39m[33m:[39m[33mReact[39m[33m.[39m[33mReactNode[39m}){[36mreturn[39m [33m<[39m[33mPressable[39m onPress[33m=[39m{onPress} disabled[33m=[39m{[33m![39monPress[33m&&[39m[33m![39mtrailing} style[33m=[39m{({pressed})[33m=>[39m[s[33m.[39mdrawerMenu[33m,[39mpressed[33m&&[39ms[33m.[39mpressed]}[33m>[39m[33m<[39m[33mIonicons[39m name[33m=[39m{icon} size[33m=[39m{[35m20[39m} color[33m=[39m{colors[33m.[39mtextSubtle}[33m/[39m[33m>[39m[33m<[39m[33mText[39m style[33m=[39m{s[33m.[39mdrawerMenuText}[33m>[39m{title}[33m<[39m[35m/Text>{trailing??<Ionicons name="chevron-forward" size={17} color={colors.gray300}/[39m[33m>[39m}[33m<[39m[33m/[39m[33mPressable[39m[33m>[39m[33m;[39m}[0m
Call Stack
  ChatDrawer (App.tsx:1554:5)
  ChatRoom (App.tsx:1177:5)
  AuthenticatedApp (App.tsx:375:33)
  App (App.tsx:202:10)
Web  ERROR  Unexpected text node:  . A text node cannot be a child of a <View>. 

Code: App.tsx
[0m [90m 1552 |[39m   [36mreturn[39m [33m<[39m[33mView[39m style[33m=[39m{s[33m.[39mdrawerLayer}[33m>[39m[33m<[39m[33mPressable[39m accessibilityLabel[33m=[39m[32m"채팅 메뉴 닫기"[39m onPress[33m=[39m{onClose} style[33m=[39m{s[33m.[39mdrawerDim}[33m/[39m[33m>[39m[33m<[39m[33mAnimated[39m[33m.[39m[33mView[39m style[33m=[39m{[s[33m.[39mchatDrawer[33m,[39m{transform[33m:[39m[{translateX[33m:[39mslide}]}]}[33m>[39m
 [90m 1553 |[39m     [33m<[39m[33mView[39m style[33m=[39m{s[33m.[39mdrawerProfile}[33m>[39m[33m<[39m[33mView[39m style[33m=[39m{s[33m.[39mdrawerAvatar}[33m>[39m[33m<[39m[33mDefaultAvatar[39m size[33m=[39m{[35m72[39m}[35m/><View style={s.editDot}><Ionicons name="pencil" size={12} color="#FFF"/[39m[33m>[39m[33m<[39m[33m/[39m[33mView[39m[33m>[39m[33m<[39m[33m/[39m[33mView[39m[33m>[39m[33m<[39m[33mText[39m style[33m=[39m{s[33m.[39mdrawerProfileName}[33m>[39m한걸음[33m<[39m[33m/[39m[33mText[39m[33m>[39m[33m<[39m[33mText[39m numberOfLines[33m=[39m{[35m2[39m} style[33m=[39m{s[33m.[39mdrawerProfileIntro}[33m>[39m자기 소개가 들어가는 공간입니다[33m.[39m 편안한 대화를 좋아해요[33m.[39m[33m<[39m[33m/[39m[33mText[39m[33m>[39m[33m<[39m[33m/[39m[33mView[39m[33m>[39m
[31m[1m>[22m[39m[90m 1554 |[39m     [33m<[39m[33mView[39m style[33m=[39m{s[33m.[39mchatDrawerMenu}[33m>[39m[33m<[39m[33mDrawerMenu[39m icon[33m=[39m[32m"notifications-outline"[39m title[33m=[39m[32m"알림 설정"[39m trailing[33m=[39m{[33m<[39m[33mSwitch[39m value[33m=[39m{notifications} onValueChange[33m=[39m{setNotifications} trackColor[33m=[39m{{[36mfalse[39m[33m:[39mcolors[33m.[39mgray200[33m,[39m[36mtrue[39m[33m:[39mcolors[33m.[39mmint300}}[35m/>}/[39m[33m>[39m{isStaff[33m&&[39m[33m<[39m[33mDrawerMenu[39m icon[33m=[39m[32m"person-add-outline"[39m title[33m=[39m[32m"가입 신청 목록"[39m onPress[33m=[39m{onApplications}[35m/>}<DrawerMenu icon="people-outline" title="멤버 관리" onPress={onOpenMembers}/[39m[33m>[39m[33m<[39m[33mDrawerMenu[39m icon[33m=[39m[32m"albums-outline"[39m title[33m=[39m[32m"스토리 보기"[39m onPress[33m=[39m{onStories}[35m/>{isOwner&&<DrawerMenu icon="lock-closed-outline" title="방 공개 설정" onPress={onRoomSettings}/[39m[33m>[39m} {isStaff[33m&&[39m[33m<[39m[33mDrawerMenu[39m icon[33m=[39m[32m"ban-outline"[39m title[33m=[39m[32m"차단 멤버 목록"[39m onPress[33m=[39m{onBlocked}[33m/[39m[33m>[39m} {isOwner[33m&&[39m[33m<[39m[33mPressable[39m onPress[33m=[39m{onDelete} style[33m=[39m{s[33m.[39mdeleteRoomLink}[33m>[39m[33m<[39m[33mText[39m style[33m=[39m{s[33m.[39mdeleteRoomText}[33m>[39m방 삭제하기[33m<[39m[33m/[39m[33mText[39m[33m>[39m[33m<[39m[33m/[39m[33mPressable[39m[33m>[39m}[33m<[39m[33m/[39m[33mView[39m[33m>[39m
 [90m      |[39m     [31m[1m^[22m[39m
 [90m 1555 |[39m   [33m<[39m[33m/[39m[33mAnimated[39m[33m.[39m[33mView[39m[33m>[39m[33m<[39m[33m/[39m[33mView[39m[33m>[39m[33m;[39m
 [90m 1556 |[39m }
 [90m 1557 |[39m [36mfunction[39m [33mDrawerMenu[39m({icon[33m,[39mtitle[33m,[39monPress[33m,[39mtrailing}[33m:[39m{icon[33m:[39m[33mIconName[39m[33m;[39mtitle[33m:[39mstring[33m;[39monPress[33m?[39m[33m:[39m()[33m=>[39m[36mvoid[39m[33m;[39mtrailing[33m?[39m[33m:[39m[33mReact[39m[33m.[39m[33mReactNode[39m}){[36mreturn[39m [33m<[39m[33mPressable[39m onPress[33m=[39m{onPress} disabled[33m=[39m{[33m![39monPress[33m&&[39m[33m![39mtrailing} style[33m=[39m{({pressed})[33m=>[39m[s[33m.[39mdrawerMenu[33m,[39mpressed[33m&&[39ms[33m.[39mpressed]}[33m>[39m[33m<[39m[33mIonicons[39m name[33m=[39m{icon} size[33m=[39m{[35m20[39m} color[33m=[39m{colors[33m.[39mtextSubtle}[33m/[39m[33m>[39m[33m<[39m[33mText[39m style[33m=[39m{s[33m.[39mdrawerMenuText}[33m>[39m{title}[33m<[39m[35m/Text>{trailing??<Ionicons name="chevron-forward" size={17} color={colors.gray300}/[39m[33m>[39m}[33m<[39m[33m/[39m[33mPressable[39m[33m>[39m[33m;[39m}[0m
Call Stack
  ChatDrawer (App.tsx:1554:5)
  ChatRoom (App.tsx:1177:5)
  AuthenticatedApp (App.tsx:375:33)
  App (App.tsx:202:10)
Web  ERROR  Unexpected text node:  . A text node cannot be a child of a <View>. 

Code: App.tsx
[0m [90m 1598 |[39m   [36mreturn[39m [33m<[39m[33mView[39m style[33m=[39m{s[33m.[39mdrawerLayer}[33m>[39m[33m<[39m[33mPressable[39m accessibilityLabel[33m=[39m[32m"채팅 메뉴 닫기"[39m onPress[33m=[39m{onClose} style[33m=[39m{s[33m.[39mdrawerDim}[33m/[39m[33m>[39m[33m<[39m[33mAnimated[39m[33m.[39m[33mView[39m style[33m=[39m{[s[33m.[39mchatDrawer[33m,[39m{transform[33m:[39m[{translateX[33m:[39mslide}]}]}[33m>[39m
 [90m 1599 |[39m     [33m<[39m[33mPressable[39m onPress[33m=[39m{onProfileEdit} style[33m=[39m{s[33m.[39mdrawerProfile}[33m>[39m[33m<[39m[33mView[39m style[33m=[39m{s[33m.[39mdrawerAvatar}[33m>[39m[33m<[39m[33mDefaultAvatar[39m size[33m=[39m{[35m72[39m}[35m/><View style={s.editDot}><Ionicons name="pencil" size={12} color="#FFF"/[39m[33m>[39m[33m<[39m[33m/[39m[33mView[39m[33m>[39m[33m<[39m[33m/[39m[33mView[39m[33m>[39m[33m<[39m[33mText[39m style[33m=[39m{s[33m.[39mdrawerProfileName}[33m>[39m한걸음[33m<[39m[33m/[39m[33mText[39m[33m>[39m[33m<[39m[33mText[39m numberOfLines[33m=[39m{[35m2[39m} style[33m=[39m{s[33m.[39mdrawerProfileIntro}[33m>[39m자기 소개가 들어가는 공간입니다[33m.[39m 편안한 대화를 좋아해요[33m.[39m[33m<[39m[33m/[39m[33mText[39m[33m>[39m[33m<[39m[33m/[39m[33mPressable[39m[33m>[39m
[31m[1m>[22m[39m[90m 1600 |[39m     [33m<[39m[33mView[39m style[33m=[39m{s[33m.[39mchatDrawerMenu}[33m>[39m[33m<[39m[33mDrawerMenu[39m icon[33m=[39m[32m"notifications-outline"[39m title[33m=[39m[32m"알림 설정"[39m trailing[33m=[39m{[33m<[39m[33mSwitch[39m value[33m=[39m{notifications} onValueChange[33m=[39m{setNotifications} trackColor[33m=[39m{{[36mfalse[39m[33m:[39mcolors[33m.[39mgray200[33m,[39m[36mtrue[39m[33m:[39mcolors[33m.[39mmint300}}[35m/>}/[39m[33m>[39m{isStaff[33m&&[39m[33m<[39m[33mDrawerMenu[39m icon[33m=[39m[32m"person-add-outline"[39m title[33m=[39m[32m"가입 신청 목록"[39m onPress[33m=[39m{onApplications}[35m/>}<DrawerMenu icon="people-outline" title="멤버 관리" onPress={onOpenMembers}/[39m[33m>[39m[33m<[39m[33mDrawerMenu[39m icon[33m=[39m[32m"albums-outline"[39m title[33m=[39m[32m"스토리 보기"[39m onPress[33m=[39m{onStories}[35m/>{isOwner&&<DrawerMenu icon="lock-closed-outline" title="방 공개 설정" onPress={onRoomSettings}/[39m[33m>[39m} {isStaff[33m&&[39m[33m<[39m[33mDrawerMenu[39m icon[33m=[39m[32m"ban-outline"[39m title[33m=[39m[32m"차단 멤버 목록"[39m onPress[33m=[39m{onBlocked}[33m/[39m[33m>[39m} {isOwner[33m&&[39m[33m<[39m[33mPressable[39m onPress[33m=[39m{onDelete} style[33m=[39m{s[33m.[39mdeleteRoomLink}[33m>[39m[33m<[39m[33mText[39m style[33m=[39m{s[33m.[39mdeleteRoomText}[33m>[39m방 삭제하기[33m<[39m[33m/[39m[33mText[39m[33m>[39m[33m<[39m[33m/[39m[33mPressable[39m[33m>[39m}[33m<[39m[33m/[39m[33mView[39m[33m>[39m
 [90m      |[39m     [31m[1m^[22m[39m
 [90m 1601 |[39m   [33m<[39m[33m/[39m[33mAnimated[39m[33m.[39m[33mView[39m[33m>[39m[33m<[39m[33m/[39m[33mView[39m[33m>[39m[33m;[39m
 [90m 1602 |[39m }
 [90m 1603 |[39m [36mfunction[39m [33mDrawerMenu[39m({icon[33m,[39mtitle[33m,[39monPress[33m,[39mtrailing}[33m:[39m{icon[33m:[39m[33mIconName[39m[33m;[39mtitle[33m:[39mstring[33m;[39monPress[33m?[39m[33m:[39m()[33m=>[39m[36mvoid[39m[33m;[39mtrailing[33m?[39m[33m:[39m[33mReact[39m[33m.[39m[33mReactNode[39m}){[36mreturn[39m [33m<[39m[33mPressable[39m onPress[33m=[39m{onPress} disabled[33m=[39m{[33m![39monPress[33m&&[39m[33m![39mtrailing} style[33m=[39m{({pressed})[33m=>[39m[s[33m.[39mdrawerMenu[33m,[39mpressed[33m&&[39ms[33m.[39mpressed]}[33m>[39m[33m<[39m[33mIonicons[39m name[33m=[39m{icon} size[33m=[39m{[35m20[39m} color[33m=[39m{colors[33m.[39mtextSubtle}[33m/[39m[33m>[39m[33m<[39m[33mText[39m style[33m=[39m{s[33m.[39mdrawerMenuText}[33m>[39m{title}[33m<[39m[35m/Text>{trailing??<Ionicons name="chevron-forward" size={17} color={colors.gray300}/[39m[33m>[39m}[33m<[39m[33m/[39m[33mPressable[39m[33m>[39m[33m;[39m}[0m
Call Stack
  ChatDrawer (App.tsx:1600:5)
  ChatRoom (App.tsx:1182:5)
  AuthenticatedApp (App.tsx:376:33)
  App (App.tsx:203:10)
Web  ERROR  Unexpected text node:  . A text node cannot be a child of a <View>. 

Code: App.tsx
[0m [90m 1598 |[39m   [36mreturn[39m [33m<[39m[33mView[39m style[33m=[39m{s[33m.[39mdrawerLayer}[33m>[39m[33m<[39m[33mPressable[39m accessibilityLabel[33m=[39m[32m"채팅 메뉴 닫기"[39m onPress[33m=[39m{onClose} style[33m=[39m{s[33m.[39mdrawerDim}[33m/[39m[33m>[39m[33m<[39m[33mAnimated[39m[33m.[39m[33mView[39m style[33m=[39m{[s[33m.[39mchatDrawer[33m,[39m{transform[33m:[39m[{translateX[33m:[39mslide}]}]}[33m>[39m
 [90m 1599 |[39m     [33m<[39m[33mPressable[39m onPress[33m=[39m{onProfileEdit} style[33m=[39m{s[33m.[39mdrawerProfile}[33m>[39m[33m<[39m[33mView[39m style[33m=[39m{s[33m.[39mdrawerAvatar}[33m>[39m[33m<[39m[33mDefaultAvatar[39m size[33m=[39m{[35m72[39m}[35m/><View style={s.editDot}><Ionicons name="pencil" size={12} color="#FFF"/[39m[33m>[39m[33m<[39m[33m/[39m[33mView[39m[33m>[39m[33m<[39m[33m/[39m[33mView[39m[33m>[39m[33m<[39m[33mText[39m style[33m=[39m{s[33m.[39mdrawerProfileName}[33m>[39m한걸음[33m<[39m[33m/[39m[33mText[39m[33m>[39m[33m<[39m[33mText[39m numberOfLines[33m=[39m{[35m2[39m} style[33m=[39m{s[33m.[39mdrawerProfileIntro}[33m>[39m자기 소개가 들어가는 공간입니다[33m.[39m 편안한 대화를 좋아해요[33m.[39m[33m<[39m[33m/[39m[33mText[39m[33m>[39m[33m<[39m[33m/[39m[33mPressable[39m[33m>[39m
[31m[1m>[22m[39m[90m 1600 |[39m     [33m<[39m[33mView[39m style[33m=[39m{s[33m.[39mchatDrawerMenu}[33m>[39m[33m<[39m[33mDrawerMenu[39m icon[33m=[39m[32m"notifications-outline"[39m title[33m=[39m[32m"알림 설정"[39m trailing[33m=[39m{[33m<[39m[33mSwitch[39m value[33m=[39m{notifications} onValueChange[33m=[39m{setNotifications} trackColor[33m=[39m{{[36mfalse[39m[33m:[39mcolors[33m.[39mgray200[33m,[39m[36mtrue[39m[33m:[39mcolors[33m.[39mmint300}}[35m/>}/[39m[33m>[39m{isStaff[33m&&[39m[33m<[39m[33mDrawerMenu[39m icon[33m=[39m[32m"person-add-outline"[39m title[33m=[39m[32m"가입 신청 목록"[39m onPress[33m=[39m{onApplications}[35m/>}<DrawerMenu icon="people-outline" title="멤버 관리" onPress={onOpenMembers}/[39m[33m>[39m[33m<[39m[33mDrawerMenu[39m icon[33m=[39m[32m"albums-outline"[39m title[33m=[39m[32m"스토리 보기"[39m onPress[33m=[39m{onStories}[35m/>{isOwner&&<DrawerMenu icon="lock-closed-outline" title="방 공개 설정" onPress={onRoomSettings}/[39m[33m>[39m} {isStaff[33m&&[39m[33m<[39m[33mDrawerMenu[39m icon[33m=[39m[32m"ban-outline"[39m title[33m=[39m[32m"차단 멤버 목록"[39m onPress[33m=[39m{onBlocked}[33m/[39m[33m>[39m} {isOwner[33m&&[39m[33m<[39m[33mPressable[39m onPress[33m=[39m{onDelete} style[33m=[39m{s[33m.[39mdeleteRoomLink}[33m>[39m[33m<[39m[33mText[39m style[33m=[39m{s[33m.[39mdeleteRoomText}[33m>[39m방 삭제하기[33m<[39m[33m/[39m[33mText[39m[33m>[39m[33m<[39m[33m/[39m[33mPressable[39m[33m>[39m}[33m<[39m[33m/[39m[33mView[39m[33m>[39m
 [90m      |[39m     [31m[1m^[22m[39m
 [90m 1601 |[39m   [33m<[39m[33m/[39m[33mAnimated[39m[33m.[39m[33mView[39m[33m>[39m[33m<[39m[33m/[39m[33mView[39m[33m>[39m[33m;[39m
 [90m 1602 |[39m }
 [90m 1603 |[39m [36mfunction[39m [33mDrawerMenu[39m({icon[33m,[39mtitle[33m,[39monPress[33m,[39mtrailing}[33m:[39m{icon[33m:[39m[33mIconName[39m[33m;[39mtitle[33m:[39mstring[33m;[39monPress[33m?[39m[33m:[39m()[33m=>[39m[36mvoid[39m[33m;[39mtrailing[33m?[39m[33m:[39m[33mReact[39m[33m.[39m[33mReactNode[39m}){[36mreturn[39m [33m<[39m[33mPressable[39m onPress[33m=[39m{onPress} disabled[33m=[39m{[33m![39monPress[33m&&[39m[33m![39mtrailing} style[33m=[39m{({pressed})[33m=>[39m[s[33m.[39mdrawerMenu[33m,[39mpressed[33m&&[39ms[33m.[39mpressed]}[33m>[39m[33m<[39m[33mIonicons[39m name[33m=[39m{icon} size[33m=[39m{[35m20[39m} color[33m=[39m{colors[33m.[39mtextSubtle}[33m/[39m[33m>[39m[33m<[39m[33mText[39m style[33m=[39m{s[33m.[39mdrawerMenuText}[33m>[39m{title}[33m<[39m[35m/Text>{trailing??<Ionicons name="chevron-forward" size={17} color={colors.gray300}/[39m[33m>[39m}[33m<[39m[33m/[39m[33mPressable[39m[33m>[39m[33m;[39m}[0m
Call Stack
  ChatDrawer (App.tsx:1600:5)
  ChatRoom (App.tsx:1182:5)
  AuthenticatedApp (App.tsx:376:33)
  App (App.tsx:203:10)
Web  ERROR  Unexpected text node:  . A text node cannot be a child of a <View>. 

Code: App.tsx
[0m [90m 1598 |[39m   [36mreturn[39m [33m<[39m[33mView[39m style[33m=[39m{s[33m.[39mdrawerLayer}[33m>[39m[33m<[39m[33mPressable[39m accessibilityLabel[33m=[39m[32m"채팅 메뉴 닫기"[39m onPress[33m=[39m{onClose} style[33m=[39m{s[33m.[39mdrawerDim}[33m/[39m[33m>[39m[33m<[39m[33mAnimated[39m[33m.[39m[33mView[39m style[33m=[39m{[s[33m.[39mchatDrawer[33m,[39m{transform[33m:[39m[{translateX[33m:[39mslide}]}]}[33m>[39m
 [90m 1599 |[39m     [33m<[39m[33mPressable[39m onPress[33m=[39m{onProfileEdit} style[33m=[39m{s[33m.[39mdrawerProfile}[33m>[39m[33m<[39m[33mView[39m style[33m=[39m{s[33m.[39mdrawerAvatar}[33m>[39m[33m<[39m[33mDefaultAvatar[39m size[33m=[39m{[35m72[39m}[35m/><View style={s.editDot}><Ionicons name="pencil" size={12} color="#FFF"/[39m[33m>[39m[33m<[39m[33m/[39m[33mView[39m[33m>[39m[33m<[39m[33m/[39m[33mView[39m[33m>[39m[33m<[39m[33mText[39m style[33m=[39m{s[33m.[39mdrawerProfileName}[33m>[39m한걸음[33m<[39m[33m/[39m[33mText[39m[33m>[39m[33m<[39m[33mText[39m numberOfLines[33m=[39m{[35m2[39m} style[33m=[39m{s[33m.[39mdrawerProfileIntro}[33m>[39m자기 소개가 들어가는 공간입니다[33m.[39m 편안한 대화를 좋아해요[33m.[39m[33m<[39m[33m/[39m[33mText[39m[33m>[39m[33m<[39m[33m/[39m[33mPressable[39m[33m>[39m
[31m[1m>[22m[39m[90m 1600 |[39m     [33m<[39m[33mView[39m style[33m=[39m{s[33m.[39mchatDrawerMenu}[33m>[39m[33m<[39m[33mDrawerMenu[39m icon[33m=[39m[32m"notifications-outline"[39m title[33m=[39m[32m"알림 설정"[39m trailing[33m=[39m{[33m<[39m[33mSwitch[39m value[33m=[39m{notifications} onValueChange[33m=[39m{setNotifications} trackColor[33m=[39m{{[36mfalse[39m[33m:[39mcolors[33m.[39mgray200[33m,[39m[36mtrue[39m[33m:[39mcolors[33m.[39mmint300}}[35m/>}/[39m[33m>[39m{isStaff[33m&&[39m[33m<[39m[33mDrawerMenu[39m icon[33m=[39m[32m"person-add-outline"[39m title[33m=[39m[32m"가입 신청 목록"[39m onPress[33m=[39m{onApplications}[35m/>}<DrawerMenu icon="people-outline" title="멤버 관리" onPress={onOpenMembers}/[39m[33m>[39m[33m<[39m[33mDrawerMenu[39m icon[33m=[39m[32m"albums-outline"[39m title[33m=[39m[32m"스토리 보기"[39m onPress[33m=[39m{onStories}[35m/>{isOwner&&<DrawerMenu icon="lock-closed-outline" title="방 공개 설정" onPress={onRoomSettings}/[39m[33m>[39m} {isStaff[33m&&[39m[33m<[39m[33mDrawerMenu[39m icon[33m=[39m[32m"ban-outline"[39m title[33m=[39m[32m"차단 멤버 목록"[39m onPress[33m=[39m{onBlocked}[33m/[39m[33m>[39m} {isOwner[33m&&[39m[33m<[39m[33mPressable[39m onPress[33m=[39m{onDelete} style[33m=[39m{s[33m.[39mdeleteRoomLink}[33m>[39m[33m<[39m[33mText[39m style[33m=[39m{s[33m.[39mdeleteRoomText}[33m>[39m방 삭제하기[33m<[39m[33m/[39m[33mText[39m[33m>[39m[33m<[39m[33m/[39m[33mPressable[39m[33m>[39m}[33m<[39m[33m/[39m[33mView[39m[33m>[39m
 [90m      |[39m     [31m[1m^[22m[39m
 [90m 1601 |[39m   [33m<[39m[33m/[39m[33mAnimated[39m[33m.[39m[33mView[39m[33m>[39m[33m<[39m[33m/[39m[33mView[39m[33m>[39m[33m;[39m
 [90m 1602 |[39m }
 [90m 1603 |[39m [36mfunction[39m [33mDrawerMenu[39m({icon[33m,[39mtitle[33m,[39monPress[33m,[39mtrailing}[33m:[39m{icon[33m:[39m[33mIconName[39m[33m;[39mtitle[33m:[39mstring[33m;[39monPress[33m?[39m[33m:[39m()[33m=>[39m[36mvoid[39m[33m;[39mtrailing[33m?[39m[33m:[39m[33mReact[39m[33m.[39m[33mReactNode[39m}){[36mreturn[39m [33m<[39m[33mPressable[39m onPress[33m=[39m{onPress} disabled[33m=[39m{[33m![39monPress[33m&&[39m[33m![39mtrailing} style[33m=[39m{({pressed})[33m=>[39m[s[33m.[39mdrawerMenu[33m,[39mpressed[33m&&[39ms[33m.[39mpressed]}[33m>[39m[33m<[39m[33mIonicons[39m name[33m=[39m{icon} size[33m=[39m{[35m20[39m} color[33m=[39m{colors[33m.[39mtextSubtle}[33m/[39m[33m>[39m[33m<[39m[33mText[39m style[33m=[39m{s[33m.[39mdrawerMenuText}[33m>[39m{title}[33m<[39m[35m/Text>{trailing??<Ionicons name="chevron-forward" size={17} color={colors.gray300}/[39m[33m>[39m}[33m<[39m[33m/[39m[33mPressable[39m[33m>[39m[33m;[39m}[0m
Call Stack
  ChatDrawer (App.tsx:1600:5)
  ChatRoom (App.tsx:1182:5)
  AuthenticatedApp (App.tsx:376:33)
  App (App.tsx:203:10)
Web  ERROR  Unexpected text node:  . A text node cannot be a child of a <View>. 

Code: App.tsx
[0m [90m 1598 |[39m   [36mreturn[39m [33m<[39m[33mView[39m style[33m=[39m{s[33m.[39mdrawerLayer}[33m>[39m[33m<[39m[33mPressable[39m accessibilityLabel[33m=[39m[32m"채팅 메뉴 닫기"[39m onPress[33m=[39m{onClose} style[33m=[39m{s[33m.[39mdrawerDim}[33m/[39m[33m>[39m[33m<[39m[33mAnimated[39m[33m.[39m[33mView[39m style[33m=[39m{[s[33m.[39mchatDrawer[33m,[39m{transform[33m:[39m[{translateX[33m:[39mslide}]}]}[33m>[39m
 [90m 1599 |[39m     [33m<[39m[33mPressable[39m onPress[33m=[39m{onProfileEdit} style[33m=[39m{s[33m.[39mdrawerProfile}[33m>[39m[33m<[39m[33mView[39m style[33m=[39m{s[33m.[39mdrawerAvatar}[33m>[39m[33m<[39m[33mDefaultAvatar[39m size[33m=[39m{[35m72[39m}[35m/><View style={s.editDot}><Ionicons name="pencil" size={12} color="#FFF"/[39m[33m>[39m[33m<[39m[33m/[39m[33mView[39m[33m>[39m[33m<[39m[33m/[39m[33mView[39m[33m>[39m[33m<[39m[33mText[39m style[33m=[39m{s[33m.[39mdrawerProfileName}[33m>[39m한걸음[33m<[39m[33m/[39m[33mText[39m[33m>[39m[33m<[39m[33mText[39m numberOfLines[33m=[39m{[35m2[39m} style[33m=[39m{s[33m.[39mdrawerProfileIntro}[33m>[39m자기 소개가 들어가는 공간입니다[33m.[39m 편안한 대화를 좋아해요[33m.[39m[33m<[39m[33m/[39m[33mText[39m[33m>[39m[33m<[39m[33m/[39m[33mPressable[39m[33m>[39m
[31m[1m>[22m[39m[90m 1600 |[39m     [33m<[39m[33mView[39m style[33m=[39m{s[33m.[39mchatDrawerMenu}[33m>[39m[33m<[39m[33mDrawerMenu[39m icon[33m=[39m[32m"notifications-outline"[39m title[33m=[39m[32m"알림 설정"[39m trailing[33m=[39m{[33m<[39m[33mSwitch[39m value[33m=[39m{notifications} onValueChange[33m=[39m{setNotifications} trackColor[33m=[39m{{[36mfalse[39m[33m:[39mcolors[33m.[39mgray200[33m,[39m[36mtrue[39m[33m:[39mcolors[33m.[39mmint300}}[35m/>}/[39m[33m>[39m{isStaff[33m&&[39m[33m<[39m[33mDrawerMenu[39m icon[33m=[39m[32m"person-add-outline"[39m title[33m=[39m[32m"가입 신청 목록"[39m onPress[33m=[39m{onApplications}[35m/>}<DrawerMenu icon="people-outline" title="멤버 관리" onPress={onOpenMembers}/[39m[33m>[39m[33m<[39m[33mDrawerMenu[39m icon[33m=[39m[32m"albums-outline"[39m title[33m=[39m[32m"스토리 보기"[39m onPress[33m=[39m{onStories}[35m/>{isOwner&&<DrawerMenu icon="lock-closed-outline" title="방 공개 설정" onPress={onRoomSettings}/[39m[33m>[39m} {isStaff[33m&&[39m[33m<[39m[33mDrawerMenu[39m icon[33m=[39m[32m"ban-outline"[39m title[33m=[39m[32m"차단 멤버 목록"[39m onPress[33m=[39m{onBlocked}[33m/[39m[33m>[39m} {isOwner[33m&&[39m[33m<[39m[33mPressable[39m onPress[33m=[39m{onDelete} style[33m=[39m{s[33m.[39mdeleteRoomLink}[33m>[39m[33m<[39m[33mText[39m style[33m=[39m{s[33m.[39mdeleteRoomText}[33m>[39m방 삭제하기[33m<[39m[33m/[39m[33mText[39m[33m>[39m[33m<[39m[33m/[39m[33mPressable[39m[33m>[39m}[33m<[39m[33m/[39m[33mView[39m[33m>[39m
 [90m      |[39m     [31m[1m^[22m[39m
 [90m 1601 |[39m   [33m<[39m[33m/[39m[33mAnimated[39m[33m.[39m[33mView[39m[33m>[39m[33m<[39m[33m/[39m[33mView[39m[33m>[39m[33m;[39m
 [90m 1602 |[39m }
 [90m 1603 |[39m [36mfunction[39m [33mDrawerMenu[39m({icon[33m,[39mtitle[33m,[39monPress[33m,[39mtrailing}[33m:[39m{icon[33m:[39m[33mIconName[39m[33m;[39mtitle[33m:[39mstring[33m;[39monPress[33m?[39m[33m:[39m()[33m=>[39m[36mvoid[39m[33m;[39mtrailing[33m?[39m[33m:[39m[33mReact[39m[33m.[39m[33mReactNode[39m}){[36mreturn[39m [33m<[39m[33mPressable[39m onPress[33m=[39m{onPress} disabled[33m=[39m{[33m![39monPress[33m&&[39m[33m![39mtrailing} style[33m=[39m{({pressed})[33m=>[39m[s[33m.[39mdrawerMenu[33m,[39mpressed[33m&&[39ms[33m.[39mpressed]}[33m>[39m[33m<[39m[33mIonicons[39m name[33m=[39m{icon} size[33m=[39m{[35m20[39m} color[33m=[39m{colors[33m.[39mtextSubtle}[33m/[39m[33m>[39m[33m<[39m[33mText[39m style[33m=[39m{s[33m.[39mdrawerMenuText}[33m>[39m{title}[33m<[39m[35m/Text>{trailing??<Ionicons name="chevron-forward" size={17} color={colors.gray300}/[39m[33m>[39m}[33m<[39m[33m/[39m[33mPressable[39m[33m>[39m[33m;[39m}[0m
Call Stack
  ChatDrawer (App.tsx:1600:5)
  ChatRoom (App.tsx:1182:5)
  AuthenticatedApp (App.tsx:376:33)
  App (App.tsx:203:10)
Web  ERROR  Unexpected text node:  . A text node cannot be a child of a <View>. 

Code: App.tsx
[0m [90m 1598 |[39m   [36mreturn[39m [33m<[39m[33mView[39m style[33m=[39m{s[33m.[39mdrawerLayer}[33m>[39m[33m<[39m[33mPressable[39m accessibilityLabel[33m=[39m[32m"채팅 메뉴 닫기"[39m onPress[33m=[39m{onClose} style[33m=[39m{s[33m.[39mdrawerDim}[33m/[39m[33m>[39m[33m<[39m[33mAnimated[39m[33m.[39m[33mView[39m style[33m=[39m{[s[33m.[39mchatDrawer[33m,[39m{transform[33m:[39m[{translateX[33m:[39mslide}]}]}[33m>[39m
 [90m 1599 |[39m     [33m<[39m[33mPressable[39m onPress[33m=[39m{onProfileEdit} style[33m=[39m{s[33m.[39mdrawerProfile}[33m>[39m[33m<[39m[33mView[39m style[33m=[39m{s[33m.[39mdrawerAvatar}[33m>[39m[33m<[39m[33mDefaultAvatar[39m size[33m=[39m{[35m72[39m}[35m/><View style={s.editDot}><Ionicons name="pencil" size={12} color="#FFF"/[39m[33m>[39m[33m<[39m[33m/[39m[33mView[39m[33m>[39m[33m<[39m[33m/[39m[33mView[39m[33m>[39m[33m<[39m[33mText[39m style[33m=[39m{s[33m.[39mdrawerProfileName}[33m>[39m한걸음[33m<[39m[33m/[39m[33mText[39m[33m>[39m[33m<[39m[33mText[39m numberOfLines[33m=[39m{[35m2[39m} style[33m=[39m{s[33m.[39mdrawerProfileIntro}[33m>[39m자기 소개가 들어가는 공간입니다[33m.[39m 편안한 대화를 좋아해요[33m.[39m[33m<[39m[33m/[39m[33mText[39m[33m>[39m[33m<[39m[33m/[39m[33mPressable[39m[33m>[39m
[31m[1m>[22m[39m[90m 1600 |[39m     [33m<[39m[33mView[39m style[33m=[39m{s[33m.[39mchatDrawerMenu}[33m>[39m[33m<[39m[33mDrawerMenu[39m icon[33m=[39m[32m"notifications-outline"[39m title[33m=[39m[32m"알림 설정"[39m trailing[33m=[39m{[33m<[39m[33mSwitch[39m value[33m=[39m{notifications} onValueChange[33m=[39m{setNotifications} trackColor[33m=[39m{{[36mfalse[39m[33m:[39mcolors[33m.[39mgray200[33m,[39m[36mtrue[39m[33m:[39mcolors[33m.[39mmint300}}[35m/>}/[39m[33m>[39m{isStaff[33m&&[39m[33m<[39m[33mDrawerMenu[39m icon[33m=[39m[32m"person-add-outline"[39m title[33m=[39m[32m"가입 신청 목록"[39m onPress[33m=[39m{onApplications}[35m/>}<DrawerMenu icon="people-outline" title="멤버 관리" onPress={onOpenMembers}/[39m[33m>[39m[33m<[39m[33mDrawerMenu[39m icon[33m=[39m[32m"albums-outline"[39m title[33m=[39m[32m"스토리 보기"[39m onPress[33m=[39m{onStories}[35m/>{isOwner&&<DrawerMenu icon="lock-closed-outline" title="방 공개 설정" onPress={onRoomSettings}/[39m[33m>[39m} {isStaff[33m&&[39m[33m<[39m[33mDrawerMenu[39m icon[33m=[39m[32m"ban-outline"[39m title[33m=[39m[32m"차단 멤버 목록"[39m onPress[33m=[39m{onBlocked}[33m/[39m[33m>[39m} {isOwner[33m&&[39m[33m<[39m[33mPressable[39m onPress[33m=[39m{onDelete} style[33m=[39m{s[33m.[39mdeleteRoomLink}[33m>[39m[33m<[39m[33mText[39m style[33m=[39m{s[33m.[39mdeleteRoomText}[33m>[39m방 삭제하기[33m<[39m[33m/[39m[33mText[39m[33m>[39m[33m<[39m[33m/[39m[33mPressable[39m[33m>[39m}[33m<[39m[33m/[39m[33mView[39m[33m>[39m
 [90m      |[39m     [31m[1m^[22m[39m
 [90m 1601 |[39m   [33m<[39m[33m/[39m[33mAnimated[39m[33m.[39m[33mView[39m[33m>[39m[33m<[39m[33m/[39m[33mView[39m[33m>[39m[33m;[39m
 [90m 1602 |[39m }
 [90m 1603 |[39m [36mfunction[39m [33mDrawerMenu[39m({icon[33m,[39mtitle[33m,[39monPress[33m,[39mtrailing}[33m:[39m{icon[33m:[39m[33mIconName[39m[33m;[39mtitle[33m:[39mstring[33m;[39monPress[33m?[39m[33m:[39m()[33m=>[39m[36mvoid[39m[33m;[39mtrailing[33m?[39m[33m:[39m[33mReact[39m[33m.[39m[33mReactNode[39m}){[36mreturn[39m [33m<[39m[33mPressable[39m onPress[33m=[39m{onPress} disabled[33m=[39m{[33m![39monPress[33m&&[39m[33m![39mtrailing} style[33m=[39m{({pressed})[33m=>[39m[s[33m.[39mdrawerMenu[33m,[39mpressed[33m&&[39ms[33m.[39mpressed]}[33m>[39m[33m<[39m[33mIonicons[39m name[33m=[39m{icon} size[33m=[39m{[35m20[39m} color[33m=[39m{colors[33m.[39mtextSubtle}[33m/[39m[33m>[39m[33m<[39m[33mText[39m style[33m=[39m{s[33m.[39mdrawerMenuText}[33m>[39m{title}[33m<[39m[35m/Text>{trailing??<Ionicons name="chevron-forward" size={17} color={colors.gray300}/[39m[33m>[39m}[33m<[39m[33m/[39m[33mPressable[39m[33m>[39m[33m;[39m}[0m
Call Stack
  ChatDrawer (App.tsx:1600:5)
  ChatRoom (App.tsx:1182:5)
  AuthenticatedApp (App.tsx:376:33)
  App (App.tsx:203:10)
Web  ERROR  Unexpected text node:  . A text node cannot be a child of a <View>. 

Code: App.tsx
[0m [90m 1598 |[39m   [36mreturn[39m [33m<[39m[33mView[39m style[33m=[39m{s[33m.[39mdrawerLayer}[33m>[39m[33m<[39m[33mPressable[39m accessibilityLabel[33m=[39m[32m"채팅 메뉴 닫기"[39m onPress[33m=[39m{onClose} style[33m=[39m{s[33m.[39mdrawerDim}[33m/[39m[33m>[39m[33m<[39m[33mAnimated[39m[33m.[39m[33mView[39m style[33m=[39m{[s[33m.[39mchatDrawer[33m,[39m{transform[33m:[39m[{translateX[33m:[39mslide}]}]}[33m>[39m
 [90m 1599 |[39m     [33m<[39m[33mPressable[39m onPress[33m=[39m{onProfileEdit} style[33m=[39m{s[33m.[39mdrawerProfile}[33m>[39m[33m<[39m[33mView[39m style[33m=[39m{s[33m.[39mdrawerAvatar}[33m>[39m[33m<[39m[33mDefaultAvatar[39m size[33m=[39m{[35m72[39m}[35m/><View style={s.editDot}><Ionicons name="pencil" size={12} color="#FFF"/[39m[33m>[39m[33m<[39m[33m/[39m[33mView[39m[33m>[39m[33m<[39m[33m/[39m[33mView[39m[33m>[39m[33m<[39m[33mText[39m style[33m=[39m{s[33m.[39mdrawerProfileName}[33m>[39m한걸음[33m<[39m[33m/[39m[33mText[39m[33m>[39m[33m<[39m[33mText[39m numberOfLines[33m=[39m{[35m2[39m} style[33m=[39m{s[33m.[39mdrawerProfileIntro}[33m>[39m자기 소개가 들어가는 공간입니다[33m.[39m 편안한 대화를 좋아해요[33m.[39m[33m<[39m[33m/[39m[33mText[39m[33m>[39m[33m<[39m[33m/[39m[33mPressable[39m[33m>[39m
[31m[1m>[22m[39m[90m 1600 |[39m     [33m<[39m[33mView[39m style[33m=[39m{s[33m.[39mchatDrawerMenu}[33m>[39m[33m<[39m[33mDrawerMenu[39m icon[33m=[39m[32m"notifications-outline"[39m title[33m=[39m[32m"알림 설정"[39m trailing[33m=[39m{[33m<[39m[33mSwitch[39m value[33m=[39m{notifications} onValueChange[33m=[39m{setNotifications} trackColor[33m=[39m{{[36mfalse[39m[33m:[39mcolors[33m.[39mgray200[33m,[39m[36mtrue[39m[33m:[39mcolors[33m.[39mmint300}}[35m/>}/[39m[33m>[39m{isStaff[33m&&[39m[33m<[39m[33mDrawerMenu[39m icon[33m=[39m[32m"person-add-outline"[39m title[33m=[39m[32m"가입 신청 목록"[39m onPress[33m=[39m{onApplications}[35m/>}<DrawerMenu icon="people-outline" title="멤버 관리" onPress={onOpenMembers}/[39m[33m>[39m[33m<[39m[33mDrawerMenu[39m icon[33m=[39m[32m"albums-outline"[39m title[33m=[39m[32m"스토리 보기"[39m onPress[33m=[39m{onStories}[35m/>{isOwner&&<DrawerMenu icon="lock-closed-outline" title="방 공개 설정" onPress={onRoomSettings}/[39m[33m>[39m} {isStaff[33m&&[39m[33m<[39m[33mDrawerMenu[39m icon[33m=[39m[32m"ban-outline"[39m title[33m=[39m[32m"차단 멤버 목록"[39m onPress[33m=[39m{onBlocked}[33m/[39m[33m>[39m} {isOwner[33m&&[39m[33m<[39m[33mPressable[39m onPress[33m=[39m{onDelete} style[33m=[39m{s[33m.[39mdeleteRoomLink}[33m>[39m[33m<[39m[33mText[39m style[33m=[39m{s[33m.[39mdeleteRoomText}[33m>[39m방 삭제하기[33m<[39m[33m/[39m[33mText[39m[33m>[39m[33m<[39m[33m/[39m[33mPressable[39m[33m>[39m}[33m<[39m[33m/[39m[33mView[39m[33m>[39m
 [90m      |[39m     [31m[1m^[22m[39m
 [90m 1601 |[39m   [33m<[39m[33m/[39m[33mAnimated[39m[33m.[39m[33mView[39m[33m>[39m[33m<[39m[33m/[39m[33mView[39m[33m>[39m[33m;[39m
 [90m 1602 |[39m }
 [90m 1603 |[39m [36mfunction[39m [33mDrawerMenu[39m({icon[33m,[39mtitle[33m,[39monPress[33m,[39mtrailing}[33m:[39m{icon[33m:[39m[33mIconName[39m[33m;[39mtitle[33m:[39mstring[33m;[39monPress[33m?[39m[33m:[39m()[33m=>[39m[36mvoid[39m[33m;[39mtrailing[33m?[39m[33m:[39m[33mReact[39m[33m.[39m[33mReactNode[39m}){[36mreturn[39m [33m<[39m[33mPressable[39m onPress[33m=[39m{onPress} disabled[33m=[39m{[33m![39monPress[33m&&[39m[33m![39mtrailing} style[33m=[39m{({pressed})[33m=>[39m[s[33m.[39mdrawerMenu[33m,[39mpressed[33m&&[39ms[33m.[39mpressed]}[33m>[39m[33m<[39m[33mIonicons[39m name[33m=[39m{icon} size[33m=[39m{[35m20[39m} color[33m=[39m{colors[33m.[39mtextSubtle}[33m/[39m[33m>[39m[33m<[39m[33mText[39m style[33m=[39m{s[33m.[39mdrawerMenuText}[33m>[39m{title}[33m<[39m[35m/Text>{trailing??<Ionicons name="chevron-forward" size={17} color={colors.gray300}/[39m[33m>[39m}[33m<[39m[33m/[39m[33mPressable[39m[33m>[39m[33m;[39m}[0m
Call Stack
  ChatDrawer (App.tsx:1600:5)
  ChatRoom (App.tsx:1182:5)
  AuthenticatedApp (App.tsx:376:33)
  App (App.tsx:203:10)
